date,hub,vehicle_type,deliveries_count,on_time_pct,avg_delivery_time_min,fuel_cost_sar,customer_rating
2025-01-01,Riyadh-Hub,Motorbike,766,93.2,19.0,1652.95,4.45
2025-01-01,Riyadh-Hub,Van,467,93.2,21.1,1889.37,4.35
2025-01-01,Riyadh-Hub,Truck,124,93.2,40.5,951.07,4.5
2025-01-01,Jeddah-Hub,Motorbike,630,88.0,23.9,1303.48,4.27
2025-01-01,Jeddah-Hub,Van,351,88.0,30.6,1485.68,4.05
2025-01-01,Jeddah-Hub,Truck,107,88.0,54.2,826.2,4.04
2025-01-01,Dammam-Hub,Motorbike,308,89.3,22.0,626.04,4.13
2025-01-01,Dammam-Hub,Van,196,89.3,35.6,815.24,3.96
2025-01-01,Dammam-Hub,Truck,65,89.3,53.7,465.17,3.69
2025-01-01,Makkah-Hub,Motorbike,451,84.5,19.7,909.67,4.22
2025-01-01,Makkah-Hub,Van,289,84.5,47.5,1228.81,3.81
2025-01-01,Makkah-Hub,Truck,81,84.5,47.6,594.26,3.45
2025-01-01,Madinah-Hub,Motorbike,263,87.3,22.3,539.98,3.97
2025-01-01,Madinah-Hub,Van,192,87.3,29.5,789.29,3.99
2025-01-01,Madinah-Hub,Truck,51,87.3,53.6,397.86,3.78
2025-01-02,Riyadh-Hub,Motorbike,675,91.4,28.6,1382.08,3.61
2025-01-02,Riyadh-Hub,Van,446,91.4,34.4,1876.89,4.2
2025-01-02,Riyadh-Hub,Truck,143,91.4,42.2,1052.16,3.55
2025-01-02,Jeddah-Hub,Motorbike,663,85.2,30.3,1414.86,3.33
2025-01-02,Jeddah-Hub,Van,348,85.2,38.2,1419.58,3.7
2025-01-02,Jeddah-Hub,Truck,112,85.2,48.5,875.35,4.17
2025-01-02,Dammam-Hub,Motorbike,325,92.9,28.3,701.77,3.89
2025-01-02,Dammam-Hub,Van,222,92.9,37.3,903.91,4.06
2025-01-02,Dammam-Hub,Truck,60,92.9,42.8,435.58,4.48
2025-01-02,Makkah-Hub,Motorbike,463,86.0,30.8,1016.49,4.21
2025-01-02,Makkah-Hub,Van,292,86.0,34.0,1200.18,4.35
2025-01-02,Makkah-Hub,Truck,73,86.0,47.6,534.45,4.13
2025-01-02,Madinah-Hub,Motorbike,267,89.6,23.9,571.67,4.1
2025-01-02,Madinah-Hub,Van,192,89.6,32.0,782.11,3.83
2025-01-02,Madinah-Hub,Truck,48,89.6,39.7,377.85,4.52
2025-01-03,Riyadh-Hub,Motorbike,619,88.1,29.0,1267.65,3.93
2025-01-03,Riyadh-Hub,Van,358,88.1,44.6,1458.52,4.17
2025-01-03,Riyadh-Hub,Truck,108,88.1,51.0,791.49,4.48
2025-01-03,Jeddah-Hub,Motorbike,448,84.3,33.7,986.91,3.79
2025-01-03,Jeddah-Hub,Van,333,84.3,34.0,1431.35,4.23
2025-01-03,Jeddah-Hub,Truck,92,84.3,60.0,699.16,3.99
2025-01-03,Dammam-Hub,Motorbike,259,95.6,25.2,562.52,4.09
2025-01-03,Dammam-Hub,Van,174,95.6,34.1,728.94,3.92
2025-01-03,Dammam-Hub,Truck,46,95.6,47.7,355.24,4.17
2025-01-03,Makkah-Hub,Motorbike,311,83.3,37.8,685.82,4.19
2025-01-03,Makkah-Hub,Van,209,83.3,33.1,885.82,3.8
2025-01-03,Makkah-Hub,Truck,66,83.3,52.7,506.92,4.25
2025-01-03,Madinah-Hub,Motorbike,222,92.3,27.6,447.47,3.62
2025-01-03,Madinah-Hub,Van,136,92.3,36.9,560.69,3.56
2025-01-03,Madinah-Hub,Truck,42,92.3,38.4,309.56,4.17
2025-01-04,Riyadh-Hub,Motorbike,717,90.7,25.9,1447.05,3.77
2025-01-04,Riyadh-Hub,Van,516,90.7,28.8,2254.07,4.09
2025-01-04,Riyadh-Hub,Truck,138,90.7,42.1,1019.63,4.09
2025-01-04,Jeddah-Hub,Motorbike,590,89.7,20.8,1197.7,3.31
2025-01-04,Jeddah-Hub,Van,366,89.7,39.6,1582.68,4.05
2025-01-04,Jeddah-Hub,Truck,120,89.7,57.6,894.12,4.42
2025-01-04,Dammam-Hub,Motorbike,319,93.2,19.6,691.22,4.54
2025-01-04,Dammam-Hub,Van,199,93.2,34.5,831.76,4.25
2025-01-04,Dammam-Hub,Truck,60,93.2,48.7,464.65,4.36
2025-01-04,Makkah-Hub,Motorbike,402,83.5,26.8,846.91,4.02
2025-01-04,Makkah-Hub,Van,286,83.5,49.5,1169.86,4.11
2025-01-04,Makkah-Hub,Truck,79,83.5,56.4,606.66,3.54
2025-01-04,Madinah-Hub,Motorbike,306,88.0,28.2,679.77,4.44
2025-01-04,Madinah-Hub,Van,175,88.0,25.8,763.11,3.72
2025-01-04,Madinah-Hub,Truck,57,88.0,45.8,431.75,3.93
2025-01-05,Riyadh-Hub,Motorbike,707,91.6,25.0,1544.05,4.04
2025-01-05,Riyadh-Hub,Van,437,91.6,30.0,1769.89,4.29
2025-01-05,Riyadh-Hub,Truck,122,91.6,49.1,895.61,3.98
2025-01-05,Jeddah-Hub,Motorbike,631,93.3,21.6,1283.63,4.32
2025-01-05,Jeddah-Hub,Van,360,93.3,31.6,1532.83,4.1
2025-01-05,Jeddah-Hub,Truck,119,93.3,44.6,933.57,3.94
2025-01-05,Dammam-Hub,Motorbike,364,87.5,28.6,776.43,3.74
2025-01-05,Dammam-Hub,Van,200,87.5,26.7,819.59,4.19
2025-01-05,Dammam-Hub,Truck,63,87.5,51.5,481.7,4.03
2025-01-05,Makkah-Hub,Motorbike,426,82.2,37.2,871.83,3.98
2025-01-05,Makkah-Hub,Van,269,82.2,37.3,1148.91,3.7
2025-01-05,Makkah-Hub,Truck,85,82.2,60.1,612.33,4.55
2025-01-05,Madinah-Hub,Motorbike,279,90.7,33.6,598.62,3.67
2025-01-05,Madinah-Hub,Van,194,90.7,36.7,833.85,4.25
2025-01-05,Madinah-Hub,Truck,48,90.7,48.3,346.39,4.34
2025-01-06,Riyadh-Hub,Motorbike,776,89.3,27.2,1634.5,4.3
2025-01-06,Riyadh-Hub,Van,451,89.3,37.3,1936.65,3.92
2025-01-06,Riyadh-Hub,Truck,127,89.3,41.4,957.17,4.47
2025-01-06,Jeddah-Hub,Motorbike,588,92.3,34.6,1220.6,3.54
2025-01-06,Jeddah-Hub,Van,388,92.3,28.7,1563.49,4.06
2025-01-06,Jeddah-Hub,Truck,106,92.3,49.2,835.38,4.44
2025-01-06,Dammam-Hub,Motorbike,351,90.2,28.8,708.18,3.91
2025-01-06,Dammam-Hub,Van,218,90.2,28.9,910.24,4.26
2025-01-06,Dammam-Hub,Truck,59,90.2,43.5,456.59,4.27
2025-01-06,Makkah-Hub,Motorbike,403,87.3,28.1,885.36,3.54
2025-01-06,Makkah-Hub,Van,248,87.3,32.2,1056.2,4.12
2025-01-06,Makkah-Hub,Truck,76,87.3,59.7,572.8,3.77
2025-01-06,Madinah-Hub,Motorbike,304,85.7,20.5,625.31,3.73
2025-01-06,Madinah-Hub,Van,175,85.7,32.4,726.37,4.2
2025-01-06,Madinah-Hub,Truck,56,85.7,54.1,410.58,3.7
2025-01-07,Riyadh-Hub,Motorbike,808,92.9,22.2,1788.63,4.02
2025-01-07,Riyadh-Hub,Van,482,92.9,41.3,2013.22,3.81
2025-01-07,Riyadh-Hub,Truck,126,92.9,49.2,972.23,4.13
2025-01-07,Jeddah-Hub,Motorbike,622,89.0,28.7,1366.92,4.29
2025-01-07,Jeddah-Hub,Van,414,89.0,29.5,1801.73,3.7
2025-01-07,Jeddah-Hub,Truck,101,89.0,42.9,742.11,4.1
2025-01-07,Dammam-Hub,Motorbike,373,88.6,27.3,794.21,4.69
2025-01-07,Dammam-Hub,Van,205,88.6,27.4,885.38,4.68
2025-01-07,Dammam-Hub,Truck,67,88.6,53.3,490.34,3.94
2025-01-07,Makkah-Hub,Motorbike,455,81.5,26.7,932.9,4.1
2025-01-07,Makkah-Hub,Van,288,81.5,27.2,1248.29,3.76
2025-01-07,Makkah-Hub,Truck,73,81.5,52.9,533.88,4.13
2025-01-07,Madinah-Hub,Motorbike,263,89.0,29.1,535.07,4.14
2025-01-07,Madinah-Hub,Van,168,89.0,36.7,723.6,3.75
2025-01-07,Madinah-Hub,Truck,55,89.0,54.8,433.98,4.08
2025-01-08,Riyadh-Hub,Motorbike,814,92.8,24.8,1687.84,3.89
2025-01-08,Riyadh-Hub,Van,492,92.8,25.4,1993.03,4.2
2025-01-08,Riyadh-Hub,Truck,142,92.8,44.6,1122.51,4.8
2025-01-08,Jeddah-Hub,Motorbike,626,86.7,14.1,1343.97,4.48
2025-01-08,Jeddah-Hub,Van,405,86.7,39.5,1667.33,4.37
2025-01-08,Jeddah-Hub,Truck,104,86.7,49.1,760.61,3.93
2025-01-08,Dammam-Hub,Motorbike,329,91.6,27.1,725.94,4.45
2025-01-08,Dammam-Hub,Van,216,91.6,36.8,886.82,4.77
2025-01-08,Dammam-Hub,Truck,64,91.6,43.2,493.13,3.67
2025-01-08,Makkah-Hub,Motorbike,399,83.9,31.6,850.05,3.93
2025-01-08,Makkah-Hub,Van,247,83.9,36.8,1076.74,3.8
2025-01-08,Makkah-Hub,Truck,70,83.9,56.1,532.25,4.1
2025-01-08,Madinah-Hub,Motorbike,312,90.9,32.2,644.62,4.51
2025-01-08,Madinah-Hub,Van,176,90.9,31.5,713.06,4.19
2025-01-08,Madinah-Hub,Truck,50,90.9,49.6,391.37,4.09
2025-01-09,Riyadh-Hub,Motorbike,687,92.7,33.9,1457.1,4.23
2025-01-09,Riyadh-Hub,Van,491,92.7,34.5,2146.59,3.78
2025-01-09,Riyadh-Hub,Truck,138,92.7,54.6,1017.92,3.88
2025-01-09,Jeddah-Hub,Motorbike,629,88.2,31.6,1288.66,4.09
2025-01-09,Jeddah-Hub,Van,386,88.2,35.9,1573.61,4.11
2025-01-09,Jeddah-Hub,Truck,114,88.2,45.9,853.1,3.55
2025-01-09,Dammam-Hub,Motorbike,339,91.1,25.0,743.7,4.46
2025-01-09,Dammam-Hub,Van,222,91.1,34.7,895.99,4.14
2025-01-09,Dammam-Hub,Truck,55,91.1,63.3,423.04,4.4
2025-01-09,Makkah-Hub,Motorbike,459,87.3,26.8,967.88,4.37
2025-01-09,Makkah-Hub,Van,263,87.3,41.6,1131.95,4.51
2025-01-09,Makkah-Hub,Truck,76,87.3,50.8,596.47,4.43
2025-01-09,Madinah-Hub,Motorbike,311,89.3,28.1,683.51,4.01
2025-01-09,Madinah-Hub,Van,190,89.3,35.0,823.57,4.23
2025-01-09,Madinah-Hub,Truck,48,89.3,52.5,350.05,4.45
2025-01-10,Riyadh-Hub,Motorbike,639,92.5,19.3,1397.18,4.64
2025-01-10,Riyadh-Hub,Van,405,92.5,38.2,1721.28,4.42
2025-01-10,Riyadh-Hub,Truck,116,92.5,41.9,870.63,3.69
2025-01-10,Jeddah-Hub,Motorbike,437,87.7,31.6,891.18,3.98
2025-01-10,Jeddah-Hub,Van,297,87.7,35.1,1314.79,4.11
2025-01-10,Jeddah-Hub,Truck,83,87.7,49.0,633.31,3.79
2025-01-10,Dammam-Hub,Motorbike,295,98.3,23.4,646.18,3.89
2025-01-10,Dammam-Hub,Van,179,98.3,28.4,766.38,3.92
2025-01-10,Dammam-Hub,Truck,44,98.3,50.7,328.97,5.0
2025-01-10,Makkah-Hub,Motorbike,366,81.9,20.2,787.93,3.98
2025-01-10,Makkah-Hub,Van,222,81.9,37.5,979.45,3.87
2025-01-10,Makkah-Hub,Truck,68,81.9,50.4,493.13,3.64
2025-01-10,Madinah-Hub,Motorbike,207,90.6,23.3,424.02,3.9
2025-01-10,Madinah-Hub,Van,147,90.6,28.6,616.64,3.97
2025-01-10,Madinah-Hub,Truck,38,90.6,48.6,295.38,3.46
2025-01-11,Riyadh-Hub,Motorbike,813,89.6,35.2,1723.47,4.1
2025-01-11,Riyadh-Hub,Van,474,89.6,42.0,2010.0,3.94
2025-01-11,Riyadh-Hub,Truck,147,89.6,48.8,1152.5,4.12
2025-01-11,Jeddah-Hub,Motorbike,659,85.9,27.4,1377.79,3.9
2025-01-11,Jeddah-Hub,Van,412,85.9,35.2,1787.08,4.06
2025-01-11,Jeddah-Hub,Truck,108,85.9,48.9,822.92,4.11
2025-01-11,Dammam-Hub,Motorbike,309,93.4,17.8,630.16,3.99
2025-01-11,Dammam-Hub,Van,226,93.4,36.9,965.66,3.68
2025-01-11,Dammam-Hub,Truck,60,93.4,44.0,439.05,4.02
2025-01-11,Makkah-Hub,Motorbike,421,89.0,28.9,908.36,4.04
2025-01-11,Makkah-Hub,Van,246,89.0,32.3,1090.83,4.22
2025-01-11,Makkah-Hub,Truck,71,89.0,57.7,515.01,4.54
2025-01-11,Madinah-Hub,Motorbike,274,94.5,25.8,562.4,3.97
2025-01-11,Madinah-Hub,Van,178,94.5,30.9,734.74,4.15
2025-01-11,Madinah-Hub,Truck,52,94.5,40.4,399.67,3.97
2025-01-12,Riyadh-Hub,Motorbike,805,94.0,17.8,1675.58,4.37
2025-01-12,Riyadh-Hub,Van,495,94.0,29.0,2057.19,4.01
2025-01-12,Riyadh-Hub,Truck,140,94.0,53.7,1091.43,3.78
2025-01-12,Jeddah-Hub,Motorbike,631,88.2,14.3,1294.34,4.35
2025-01-12,Jeddah-Hub,Van,355,88.2,35.4,1469.05,3.86
2025-01-12,Jeddah-Hub,Truck,118,88.2,47.5,921.98,4.64
2025-01-12,Dammam-Hub,Motorbike,320,92.6,22.3,695.83,4.32
2025-01-12,Dammam-Hub,Van,224,92.6,28.4,942.9,4.14
2025-01-12,Dammam-Hub,Truck,65,92.6,42.4,509.03,4.39
2025-01-12,Makkah-Hub,Motorbike,389,86.4,36.9,859.65,4.25
2025-01-12,Makkah-Hub,Van,251,86.4,31.7,1100.28,3.72
2025-01-12,Makkah-Hub,Truck,74,86.4,40.8,564.54,4.26
2025-01-12,Madinah-Hub,Motorbike,288,89.8,29.7,626.74,3.84
2025-01-12,Madinah-Hub,Van,178,89.8,37.5,724.5,3.46
2025-01-12,Madinah-Hub,Truck,52,89.8,50.6,375.1,4.43
2025-01-13,Riyadh-Hub,Motorbike,738,93.7,35.3,1547.05,4.59
2025-01-13,Riyadh-Hub,Van,425,93.7,31.9,1870.08,3.95
2025-01-13,Riyadh-Hub,Truck,148,93.7,46.4,1071.74,4.33
2025-01-13,Jeddah-Hub,Motorbike,575,87.9,22.9,1280.88,4.36
2025-01-13,Jeddah-Hub,Van,376,87.9,39.2,1652.77,3.83
2025-01-13,Jeddah-Hub,Truck,115,87.9,55.6,854.92,4.03
2025-01-13,Dammam-Hub,Motorbike,320,95.1,21.4,687.72,4.19
2025-01-13,Dammam-Hub,Van,214,95.1,36.9,913.48,3.67
2025-01-13,Dammam-Hub,Truck,63,95.1,43.2,471.17,4.54
2025-01-13,Makkah-Hub,Motorbike,471,86.1,27.7,988.36,3.13
2025-01-13,Makkah-Hub,Van,296,86.1,39.8,1234.33,4.07
2025-01-13,Makkah-Hub,Truck,73,86.1,54.5,531.06,3.62
2025-01-13,Madinah-Hub,Motorbike,283,86.1,20.7,599.1,3.97
2025-01-13,Madinah-Hub,Van,186,86.1,30.8,804.26,3.75
2025-01-13,Madinah-Hub,Truck,53,86.1,46.4,388.32,3.8
2025-01-14,Riyadh-Hub,Motorbike,801,93.4,24.9,1757.0,4.45
2025-01-14,Riyadh-Hub,Van,426,93.4,30.9,1858.3,4.24
2025-01-14,Riyadh-Hub,Truck,135,93.4,52.0,989.21,3.75
2025-01-14,Jeddah-Hub,Motorbike,628,87.8,31.8,1328.53,3.48
2025-01-14,Jeddah-Hub,Van,366,87.8,34.0,1517.31,4.0
2025-01-14,Jeddah-Hub,Truck,106,87.8,49.3,798.27,3.76
2025-01-14,Dammam-Hub,Motorbike,346,96.6,17.2,765.04,4.52
2025-01-14,Dammam-Hub,Van,218,96.6,19.6,934.67,4.31
2025-01-14,Dammam-Hub,Truck,62,96.6,47.5,481.69,4.15
2025-01-14,Makkah-Hub,Motorbike,403,85.3,31.3,883.03,4.19
2025-01-14,Makkah-Hub,Van,254,85.3,31.4,1066.41,4.04
2025-01-14,Makkah-Hub,Truck,80,85.3,52.2,635.43,3.47
2025-01-14,Madinah-Hub,Motorbike,273,94.0,23.1,571.87,4.27
2025-01-14,Madinah-Hub,Van,171,94.0,39.3,713.91,4.76
2025-01-14,Madinah-Hub,Truck,52,94.0,47.7,392.5,4.41
2025-01-15,Riyadh-Hub,Motorbike,799,86.0,30.7,1749.41,4.11
2025-01-15,Riyadh-Hub,Van,516,86.0,32.9,2092.87,4.24
2025-01-15,Riyadh-Hub,Truck,122,86.0,49.0,951.6,4.34
2025-01-15,Jeddah-Hub,Motorbike,664,90.7,30.8,1347.16,3.47
2025-01-15,Jeddah-Hub,Van,356,90.7,31.4,1589.26,4.12
2025-01-15,Jeddah-Hub,Truck,111,90.7,45.6,844.49,3.78
2025-01-15,Dammam-Hub,Motorbike,313,91.2,28.9,661.28,4.02
2025-01-15,Dammam-Hub,Van,225,91.2,28.4,910.58,4.15
2025-01-15,Dammam-Hub,Truck,62,91.2,54.9,492.56,4.18
2025-01-15,Makkah-Hub,Motorbike,440,85.0,32.3,930.19,4.07
2025-01-15,Makkah-Hub,Van,294,85.0,41.9,1238.47,3.85
2025-01-15,Makkah-Hub,Truck,78,85.0,45.6,603.92,4.69
2025-01-15,Madinah-Hub,Motorbike,305,90.4,32.7,668.66,4.36
2025-01-15,Madinah-Hub,Van,184,90.4,33.5,799.58,4.27
2025-01-15,Madinah-Hub,Truck,53,90.4,53.0,390.49,4.18
2025-01-16,Riyadh-Hub,Motorbike,712,92.2,21.1,1468.62,4.24
2025-01-16,Riyadh-Hub,Van,483,92.2,36.4,2048.81,4.32
2025-01-16,Riyadh-Hub,Truck,135,92.2,52.4,1053.96,4.71
2025-01-16,Jeddah-Hub,Motorbike,544,86.2,22.9,1112.89,4.19
2025-01-16,Jeddah-Hub,Van,383,86.2,32.1,1565.67,3.6
2025-01-16,Jeddah-Hub,Truck,104,86.2,45.2,750.54,4.37
2025-01-16,Dammam-Hub,Motorbike,371,93.1,27.5,814.1,4.03
2025-01-16,Dammam-Hub,Van,235,93.1,28.1,1013.36,4.59
2025-01-16,Dammam-Hub,Truck,61,93.1,50.3,451.49,3.96
2025-01-16,Makkah-Hub,Motorbike,414,86.1,25.8,909.02,4.15
2025-01-16,Makkah-Hub,Van,266,86.1,33.5,1083.87,3.63
2025-01-16,Makkah-Hub,Truck,71,86.1,50.6,554.6,4.15
2025-01-16,Madinah-Hub,Motorbike,271,88.1,26.3,558.73,4.48
2025-01-16,Madinah-Hub,Van,164,88.1,34.5,722.1,4.21
2025-01-16,Madinah-Hub,Truck,48,88.1,50.6,349.35,4.46
2025-01-17,Riyadh-Hub,Motorbike,576,87.1,30.3,1232.54,3.83
2025-01-17,Riyadh-Hub,Van,367,87.1,28.0,1559.45,4.26
2025-01-17,Riyadh-Hub,Truck,104,87.1,52.7,766.95,4.25
2025-01-17,Jeddah-Hub,Motorbike,517,85.8,24.4,1131.47,4.39
2025-01-17,Jeddah-Hub,Van,321,85.8,30.6,1425.2,4.31
2025-01-17,Jeddah-Hub,Truck,93,85.8,50.0,675.55,4.54
2025-01-17,Dammam-Hub,Motorbike,248,94.0,23.9,509.4,4.18
2025-01-17,Dammam-Hub,Van,179,94.0,34.3,774.33,4.47
2025-01-17,Dammam-Hub,Truck,51,94.0,49.4,404.63,4.3
2025-01-17,Makkah-Hub,Motorbike,319,80.5,29.5,657.28,4.03
2025-01-17,Makkah-Hub,Van,204,80.5,41.8,896.43,3.58
2025-01-17,Makkah-Hub,Truck,67,80.5,51.2,525.11,3.3
2025-01-17,Madinah-Hub,Motorbike,210,93.2,22.2,455.04,3.77
2025-01-17,Madinah-Hub,Van,142,93.2,35.9,611.66,4.6
2025-01-17,Madinah-Hub,Truck,38,93.2,42.1,298.63,4.02
2025-01-18,Riyadh-Hub,Motorbike,716,95.8,18.8,1459.77,4.59
2025-01-18,Riyadh-Hub,Van,483,95.8,27.4,2092.23,3.85
2025-01-18,Riyadh-Hub,Truck,142,95.8,41.6,1068.36,4.31
2025-01-18,Jeddah-Hub,Motorbike,655,89.5,20.8,1344.63,4.16
2025-01-18,Jeddah-Hub,Van,392,89.5,32.8,1683.31,4.4
2025-01-18,Jeddah-Hub,Truck,109,89.5,44.1,863.59,4.06
2025-01-18,Dammam-Hub,Motorbike,320,91.5,25.0,690.83,4.44
2025-01-18,Dammam-Hub,Van,222,91.5,28.5,929.92,3.9
2025-01-18,Dammam-Hub,Truck,61,91.5,48.2,472.14,4.71
2025-01-18,Makkah-Hub,Motorbike,435,83.9,23.6,887.71,4.25
2025-01-18,Makkah-Hub,Van,294,83.9,33.2,1250.26,3.56
2025-01-18,Makkah-Hub,Truck,76,83.9,52.7,549.45,3.95
2025-01-18,Madinah-Hub,Motorbike,276,85.7,29.5,590.07,4.42
2025-01-18,Madinah-Hub,Van,170,85.7,41.2,739.37,4.28
2025-01-18,Madinah-Hub,Truck,55,85.7,51.5,433.78,4.46
2025-01-19,Riyadh-Hub,Motorbike,682,89.6,17.4,1437.78,4.39
2025-01-19,Riyadh-Hub,Van,434,89.6,25.2,1781.38,4.02
2025-01-19,Riyadh-Hub,Truck,137,89.6,46.7,1026.48,4.53
2025-01-19,Jeddah-Hub,Motorbike,580,85.8,20.0,1296.31,4.15
2025-01-19,Jeddah-Hub,Van,377,85.8,34.5,1601.34,4.23
2025-01-19,Jeddah-Hub,Truck,103,85.8,56.8,779.18,4.18
2025-01-19,Dammam-Hub,Motorbike,308,92.6,37.2,627.0,3.72
2025-01-19,Dammam-Hub,Van,237,92.6,37.4,960.42,4.31
2025-01-19,Dammam-Hub,Truck,62,92.6,55.7,483.22,3.99
2025-01-19,Makkah-Hub,Motorbike,448,80.6,23.8,935.86,3.95
2025-01-19,Makkah-Hub,Van,249,80.6,38.8,1041.47,3.94
2025-01-19,Makkah-Hub,Truck,83,80.6,46.8,598.76,4.17
2025-01-19,Madinah-Hub,Motorbike,272,89.1,15.3,597.5,4.24
2025-01-19,Madinah-Hub,Van,197,89.1,32.7,876.6,4.38
2025-01-19,Madinah-Hub,Truck,50,89.1,36.1,385.62,4.54
2025-01-20,Riyadh-Hub,Motorbike,757,91.2,25.2,1595.28,4.16
2025-01-20,Riyadh-Hub,Van,436,91.2,26.8,1829.21,4.2
2025-01-20,Riyadh-Hub,Truck,140,91.2,37.6,1106.58,3.43
2025-01-20,Jeddah-Hub,Motorbike,616,85.0,25.6,1300.31,3.73
2025-01-20,Jeddah-Hub,Van,351,85.0,38.4,1560.05,4.1
2025-01-20,Jeddah-Hub,Truck,100,85.0,56.7,778.6,3.9
2025-01-20,Dammam-Hub,Motorbike,372,94.1,29.4,804.49,4.44
2025-01-20,Dammam-Hub,Van,201,94.1,24.6,814.93,4.12
2025-01-20,Dammam-Hub,Truck,60,94.1,45.2,469.5,4.02
2025-01-20,Makkah-Hub,Motorbike,437,85.0,24.2,943.76,3.7
2025-01-20,Makkah-Hub,Van,300,85.0,33.1,1297.01,3.85
2025-01-20,Makkah-Hub,Truck,85,85.0,48.5,662.6,3.6
2025-01-20,Madinah-Hub,Motorbike,303,89.2,26.5,662.35,3.54
2025-01-20,Madinah-Hub,Van,185,89.2,34.0,766.8,4.39
2025-01-20,Madinah-Hub,Truck,51,89.2,52.7,397.34,3.75
2025-01-21,Riyadh-Hub,Motorbike,718,91.1,19.5,1550.18,4.78
2025-01-21,Riyadh-Hub,Van,505,91.1,29.3,2148.06,3.55
2025-01-21,Riyadh-Hub,Truck,147,91.1,56.5,1098.71,4.09
2025-01-21,Jeddah-Hub,Motorbike,562,89.2,29.0,1197.46,3.58
2025-01-21,Jeddah-Hub,Van,388,89.2,41.2,1644.17,4.1
2025-01-21,Jeddah-Hub,Truck,99,89.2,51.5,775.25,4.03
2025-01-21,Dammam-Hub,Motorbike,321,92.6,25.7,664.94,4.52
2025-01-21,Dammam-Hub,Van,219,92.6,36.3,913.69,4.05
2025-01-21,Dammam-Hub,Truck,61,92.6,48.3,482.27,4.1
2025-01-21,Makkah-Hub,Motorbike,439,84.2,30.0,917.75,3.41
2025-01-21,Makkah-Hub,Van,246,84.2,33.9,1016.2,3.86
2025-01-21,Makkah-Hub,Truck,74,84.2,49.1,559.98,3.99
2025-01-21,Madinah-Hub,Motorbike,278,89.0,22.1,584.06,3.96
2025-01-21,Madinah-Hub,Van,170,89.0,48.2,737.72,4.16
2025-01-21,Madinah-Hub,Truck,52,89.0,43.3,402.43,4.34
2025-01-22,Riyadh-Hub,Motorbike,815,92.3,28.4,1713.01,4.19
2025-01-22,Riyadh-Hub,Van,433,92.3,34.6,1931.94,4.3
2025-01-22,Riyadh-Hub,Truck,139,92.3,44.1,1011.31,3.87
2025-01-22,Jeddah-Hub,Motorbike,638,85.8,30.3,1419.36,4.06
2025-01-22,Jeddah-Hub,Van,373,85.8,34.1,1576.38,3.73
2025-01-22,Jeddah-Hub,Truck,111,85.8,48.2,806.12,4.39
2025-01-22,Dammam-Hub,Motorbike,341,91.0,25.6,748.96,4.74
2025-01-22,Dammam-Hub,Van,200,91.0,29.2,832.27,3.9
2025-01-22,Dammam-Hub,Truck,67,91.0,49.0,523.71,3.91
2025-01-22,Makkah-Hub,Motorbike,396,82.0,32.7,872.93,3.91
2025-01-22,Makkah-Hub,Van,285,82.0,40.9,1192.73,4.3
2025-01-22,Makkah-Hub,Truck,75,82.0,58.4,596.48,3.99
2025-01-22,Madinah-Hub,Motorbike,309,92.0,21.2,641.58,3.6
2025-01-22,Madinah-Hub,Van,192,92.0,29.6,795.67,3.99
2025-01-22,Madinah-Hub,Truck,47,92.0,51.2,358.5,4.25
2025-01-23,Riyadh-Hub,Motorbike,745,94.5,23.7,1531.72,4.59
2025-01-23,Riyadh-Hub,Van,516,94.5,33.1,2155.48,4.82
2025-01-23,Riyadh-Hub,Truck,124,94.5,50.2,988.44,4.2
2025-01-23,Jeddah-Hub,Motorbike,556,85.8,20.9,1188.18,3.37
2025-01-23,Jeddah-Hub,Van,394,85.8,31.3,1714.43,4.29
2025-01-23,Jeddah-Hub,Truck,109,85.8,56.8,817.68,4.2
2025-01-23,Dammam-Hub,Motorbike,359,90.1,23.9,797.9,4.11
2025-01-23,Dammam-Hub,Van,196,90.1,36.1,831.13,4.53
2025-01-23,Dammam-Hub,Truck,68,90.1,45.6,499.15,3.72
2025-01-23,Makkah-Hub,Motorbike,420,84.0,20.8,901.81,3.97
2025-01-23,Makkah-Hub,Van,300,84.0,38.7,1330.78,4.39
2025-01-23,Makkah-Hub,Truck,81,84.0,58.2,636.8,3.92
2025-01-23,Madinah-Hub,Motorbike,276,91.3,23.1,565.0,4.34
2025-01-23,Madinah-Hub,Van,192,91.3,34.4,780.75,3.99
2025-01-23,Madinah-Hub,Truck,52,91.3,50.6,412.58,3.79
2025-01-24,Riyadh-Hub,Motorbike,573,94.8,24.5,1274.98,3.87
2025-01-24,Riyadh-Hub,Van,369,94.8,22.2,1615.96,4.47
2025-01-24,Riyadh-Hub,Truck,104,94.8,48.2,760.38,4.11
2025-01-24,Jeddah-Hub,Motorbike,461,86.5,34.3,1016.08,4.06
2025-01-24,Jeddah-Hub,Van,325,86.5,27.1,1356.91,3.99
2025-01-24,Jeddah-Hub,Truck,79,86.5,51.0,602.9,4.02
2025-01-24,Dammam-Hub,Motorbike,282,94.1,16.2,575.32,4.34
2025-01-24,Dammam-Hub,Van,187,94.1,24.3,775.95,4.0
2025-01-24,Dammam-Hub,Truck,52,94.1,57.6,401.01,4.65
2025-01-24,Makkah-Hub,Motorbike,365,88.3,31.4,795.07,3.81
2025-01-24,Makkah-Hub,Van,238,88.3,32.7,997.05,3.88
2025-01-24,Makkah-Hub,Truck,57,88.3,48.4,423.94,4.16
2025-01-24,Madinah-Hub,Motorbike,227,88.4,24.0,505.04,3.96
2025-01-24,Madinah-Hub,Van,144,88.4,35.3,587.22,3.88
2025-01-24,Madinah-Hub,Truck,38,88.4,37.8,284.3,3.73
2025-01-25,Riyadh-Hub,Motorbike,807,87.0,24.3,1683.68,3.59
2025-01-25,Riyadh-Hub,Van,454,87.0,39.3,2026.93,4.37
2025-01-25,Riyadh-Hub,Truck,134,87.0,31.0,973.4,4.47
2025-01-25,Jeddah-Hub,Motorbike,656,87.3,27.5,1471.58,4.01
2025-01-25,Jeddah-Hub,Van,368,87.3,48.0,1534.68,4.27
2025-01-25,Jeddah-Hub,Truck,113,87.3,57.2,900.27,4.08
2025-01-25,Dammam-Hub,Motorbike,331,95.2,23.4,729.78,4.39
2025-01-25,Dammam-Hub,Van,205,95.2,24.8,913.0,4.07
2025-01-25,Dammam-Hub,Truck,65,95.2,54.6,505.06,4.31
2025-01-25,Makkah-Hub,Motorbike,406,87.9,30.9,870.17,3.5
2025-01-25,Makkah-Hub,Van,248,87.9,26.2,1073.44,3.84
2025-01-25,Makkah-Hub,Truck,74,87.9,51.5,553.06,4.34
2025-01-25,Madinah-Hub,Motorbike,263,87.9,25.4,561.27,4.73
2025-01-25,Madinah-Hub,Van,173,87.9,36.8,718.14,3.62
2025-01-25,Madinah-Hub,Truck,48,87.9,42.4,351.24,3.87
2025-01-26,Riyadh-Hub,Motorbike,752,91.6,27.6,1579.28,4.35
2025-01-26,Riyadh-Hub,Van,432,91.6,32.1,1790.13,4.59
2025-01-26,Riyadh-Hub,Truck,139,91.6,59.5,1108.6,4.05
2025-01-26,Jeddah-Hub,Motorbike,545,90.1,34.4,1203.17,4.09
2025-01-26,Jeddah-Hub,Van,359,90.1,34.3,1509.84,4.68
2025-01-26,Jeddah-Hub,Truck,101,90.1,51.5,777.15,3.81
2025-01-26,Dammam-Hub,Motorbike,371,91.7,26.7,778.57,3.7
2025-01-26,Dammam-Hub,Van,212,91.7,37.7,929.69,3.99
2025-01-26,Dammam-Hub,Truck,56,91.7,47.1,431.98,4.4
2025-01-26,Makkah-Hub,Motorbike,449,82.6,24.8,965.51,3.7
2025-01-26,Makkah-Hub,Van,260,82.6,41.2,1108.73,4.0
2025-01-26,Makkah-Hub,Truck,75,82.6,58.6,544.14,4.29
2025-01-26,Madinah-Hub,Motorbike,261,93.8,27.3,567.02,4.28
2025-01-26,Madinah-Hub,Van,182,93.8,35.5,815.17,3.86
2025-01-26,Madinah-Hub,Truck,56,93.8,48.5,437.83,4.38
2025-01-27,Riyadh-Hub,Motorbike,687,90.6,27.3,1504.24,3.86
2025-01-27,Riyadh-Hub,Van,461,90.6,39.4,1922.02,4.3
2025-01-27,Riyadh-Hub,Truck,126,90.6,45.6,938.86,4.13
2025-01-27,Jeddah-Hub,Motorbike,624,88.8,22.7,1399.79,4.02
2025-01-27,Jeddah-Hub,Van,395,88.8,36.2,1756.89,3.61
2025-01-27,Jeddah-Hub,Truck,112,88.8,43.4,859.1,4.39
2025-01-27,Dammam-Hub,Motorbike,347,97.6,34.6,769.04,4.05
2025-01-27,Dammam-Hub,Van,227,97.6,34.3,954.06,4.19
2025-01-27,Dammam-Hub,Truck,64,97.6,49.5,465.69,3.5
2025-01-27,Makkah-Hub,Motorbike,457,86.3,21.4,932.51,3.76
2025-01-27,Makkah-Hub,Van,259,86.3,36.2,1116.11,4.3
2025-01-27,Makkah-Hub,Truck,77,86.3,48.9,588.57,3.57
2025-01-27,Madinah-Hub,Motorbike,266,88.7,32.2,584.82,4.5
2025-01-27,Madinah-Hub,Van,164,88.7,32.4,727.88,4.06
2025-01-27,Madinah-Hub,Truck,50,88.7,50.5,376.63,4.11
2025-01-28,Riyadh-Hub,Motorbike,699,93.3,25.2,1453.48,3.73
2025-01-28,Riyadh-Hub,Van,459,93.3,31.7,1932.56,3.88
2025-01-28,Riyadh-Hub,Truck,140,93.3,44.1,1114.44,4.59
2025-01-28,Jeddah-Hub,Motorbike,625,89.8,23.8,1325.32,3.8
2025-01-28,Jeddah-Hub,Van,409,89.8,29.9,1710.6,4.1
2025-01-28,Jeddah-Hub,Truck,118,89.8,40.2,885.3,3.46
2025-01-28,Dammam-Hub,Motorbike,324,92.7,26.5,709.01,4.57
2025-01-28,Dammam-Hub,Van,215,92.7,29.1,930.6,3.89
2025-01-28,Dammam-Hub,Truck,56,92.7,46.0,444.28,4.26
2025-01-28,Makkah-Hub,Motorbike,442,90.9,23.8,924.76,4.42
2025-01-28,Makkah-Hub,Van,276,90.9,33.3,1161.45,4.04
2025-01-28,Makkah-Hub,Truck,73,90.9,49.1,577.76,4.24
2025-01-28,Madinah-Hub,Motorbike,291,88.4,19.4,598.48,3.75
2025-01-28,Madinah-Hub,Van,185,88.4,33.5,769.5,3.74
2025-01-28,Madinah-Hub,Truck,52,88.4,49.1,404.1,4.1
2025-01-29,Riyadh-Hub,Motorbike,810,90.8,30.9,1678.85,4.46
2025-01-29,Riyadh-Hub,Van,485,90.8,30.7,2149.49,4.05
2025-01-29,Riyadh-Hub,Truck,142,90.8,54.3,1085.91,3.88
2025-01-29,Jeddah-Hub,Motorbike,595,91.9,19.5,1327.23,4.14
2025-01-29,Jeddah-Hub,Van,411,91.9,29.2,1814.53,4.55
2025-01-29,Jeddah-Hub,Truck,108,91.9,44.7,843.45,4.35
2025-01-29,Dammam-Hub,Motorbike,339,94.7,37.4,739.88,4.13
2025-01-29,Dammam-Hub,Van,230,94.7,40.1,1002.31,4.5
2025-01-29,Dammam-Hub,Truck,63,94.7,47.7,496.37,4.19
2025-01-29,Makkah-Hub,Motorbike,400,85.3,36.6,850.99,4.11
2025-01-29,Makkah-Hub,Van,278,85.3,36.5,1209.24,3.68
2025-01-29,Makkah-Hub,Truck,84,85.3,41.2,667.04,4.41
2025-01-29,Madinah-Hub,Motorbike,281,85.9,29.8,605.13,3.92
2025-01-29,Madinah-Hub,Van,172,85.9,34.8,714.93,3.48
2025-01-29,Madinah-Hub,Truck,47,85.9,60.7,359.68,3.38
2025-01-30,Riyadh-Hub,Motorbike,692,89.4,28.7,1479.62,4.12
2025-01-30,Riyadh-Hub,Van,504,89.4,29.0,2114.26,4.42
2025-01-30,Riyadh-Hub,Truck,136,89.4,52.5,1028.33,4.21
2025-01-30,Jeddah-Hub,Motorbike,632,87.7,26.3,1391.83,3.94
2025-01-30,Jeddah-Hub,Van,353,87.7,28.0,1461.82,3.79
2025-01-30,Jeddah-Hub,Truck,115,87.7,43.9,872.03,4.35
2025-01-30,Dammam-Hub,Motorbike,317,96.7,19.3,648.25,5.0
2025-01-30,Dammam-Hub,Van,199,96.7,39.8,836.66,3.84
2025-01-30,Dammam-Hub,Truck,62,96.7,42.6,472.91,4.16
2025-01-30,Makkah-Hub,Motorbike,390,85.7,21.2,847.76,4.02
2025-01-30,Makkah-Hub,Van,290,85.7,45.7,1195.68,4.31
2025-01-30,Makkah-Hub,Truck,82,85.7,45.0,621.51,3.45
2025-01-30,Madinah-Hub,Motorbike,304,92.2,26.0,676.36,4.18
2025-01-30,Madinah-Hub,Van,180,92.2,27.4,780.71,3.52
2025-01-30,Madinah-Hub,Truck,52,92.2,46.1,397.7,4.17
2025-01-31,Riyadh-Hub,Motorbike,638,90.6,28.9,1434.66,4.26
2025-01-31,Riyadh-Hub,Van,358,90.6,39.2,1532.68,3.87
2025-01-31,Riyadh-Hub,Truck,102,90.6,51.1,776.85,4.25
2025-01-31,Jeddah-Hub,Motorbike,457,94.7,30.6,991.15,4.12
2025-01-31,Jeddah-Hub,Van,303,94.7,27.4,1341.66,4.12
2025-01-31,Jeddah-Hub,Truck,79,94.7,39.5,593.37,3.77
2025-01-31,Dammam-Hub,Motorbike,246,91.7,24.1,523.76,4.27
2025-01-31,Dammam-Hub,Van,171,91.7,34.4,704.88,4.1
2025-01-31,Dammam-Hub,Truck,51,91.7,52.3,399.47,4.49
2025-01-31,Makkah-Hub,Motorbike,339,89.1,29.4,740.86,3.74
2025-01-31,Makkah-Hub,Van,230,89.1,37.6,986.19,4.33
2025-01-31,Makkah-Hub,Truck,63,89.1,44.7,503.42,3.98
2025-01-31,Madinah-Hub,Motorbike,249,88.8,24.6,517.52,4.5
2025-01-31,Madinah-Hub,Van,146,88.8,33.8,601.92,3.78
2025-01-31,Madinah-Hub,Truck,40,88.8,50.5,295.28,3.71
2025-02-01,Riyadh-Hub,Motorbike,673,90.0,33.0,1406.74,4.13
2025-02-01,Riyadh-Hub,Van,462,90.0,28.5,1993.85,4.22
2025-02-01,Riyadh-Hub,Truck,125,90.0,56.5,990.58,4.45
2025-02-01,Jeddah-Hub,Motorbike,622,84.0,25.9,1315.62,4.2
2025-02-01,Jeddah-Hub,Van,355,84.0,38.0,1478.08,4.01
2025-02-01,Jeddah-Hub,Truck,116,84.0,43.6,849.18,4.37
2025-02-01,Dammam-Hub,Motorbike,373,93.3,30.8,837.03,4.59
2025-02-01,Dammam-Hub,Van,226,93.3,37.2,991.09,3.92
2025-02-01,Dammam-Hub,Truck,68,93.3,44.8,531.98,4.1
2025-02-01,Makkah-Hub,Motorbike,414,86.7,31.2,855.99,3.71
2025-02-01,Makkah-Hub,Van,285,86.7,29.2,1178.2,4.25
2025-02-01,Makkah-Hub,Truck,79,86.7,56.7,587.6,3.69
2025-02-01,Madinah-Hub,Motorbike,288,86.6,16.4,591.74,4.82
2025-02-01,Madinah-Hub,Van,191,86.6,34.6,803.33,4.01
2025-02-01,Madinah-Hub,Truck,57,86.6,54.0,450.59,3.78
2025-02-02,Riyadh-Hub,Motorbike,710,89.2,26.8,1582.61,4.33
2025-02-02,Riyadh-Hub,Van,453,89.2,40.1,1937.7,4.07
2025-02-02,Riyadh-Hub,Truck,125,89.2,46.6,951.17,4.59
2025-02-02,Jeddah-Hub,Motorbike,603,89.2,24.0,1269.18,3.95
2025-02-02,Jeddah-Hub,Van,385,89.2,36.5,1637.79,4.76
2025-02-02,Jeddah-Hub,Truck,108,89.2,41.6,794.61,3.93
2025-02-02,Dammam-Hub,Motorbike,359,90.0,25.4,771.92,3.89
2025-02-02,Dammam-Hub,Van,223,90.0,24.5,952.46,3.9
2025-02-02,Dammam-Hub,Truck,63,90.0,44.8,462.57,4.09
2025-02-02,Makkah-Hub,Motorbike,446,84.3,33.9,928.97,3.74
2025-02-02,Makkah-Hub,Van,271,84.3,49.1,1175.04,3.87
2025-02-02,Makkah-Hub,Truck,71,84.3,45.0,532.7,3.9
2025-02-02,Madinah-Hub,Motorbike,276,84.8,29.0,619.94,3.69
2025-02-02,Madinah-Hub,Van,180,84.8,42.2,746.07,3.82
2025-02-02,Madinah-Hub,Truck,48,84.8,54.7,365.93,3.79
2025-02-03,Riyadh-Hub,Motorbike,753,91.9,28.6,1615.71,4.3
2025-02-03,Riyadh-Hub,Van,513,91.9,32.2,2111.8,3.78
2025-02-03,Riyadh-Hub,Truck,128,91.9,48.4,974.91,3.6
2025-02-03,Jeddah-Hub,Motorbike,560,89.7,30.3,1144.45,3.41
2025-02-03,Jeddah-Hub,Van,377,89.7,32.9,1662.17,4.5
2025-02-03,Jeddah-Hub,Truck,110,89.7,48.1,813.64,4.0
2025-02-03,Dammam-Hub,Motorbike,372,90.5,32.6,759.69,3.52
2025-02-03,Dammam-Hub,Van,208,90.5,31.6,873.54,4.2
2025-02-03,Dammam-Hub,Truck,57,90.5,49.8,448.19,4.17
2025-02-03,Makkah-Hub,Motorbike,397,87.4,24.0,878.82,3.54
2025-02-03,Makkah-Hub,Van,296,87.4,30.5,1256.09,3.66
2025-02-03,Makkah-Hub,Truck,76,87.4,55.5,587.39,4.2
2025-02-03,Madinah-Hub,Motorbike,284,92.9,23.4,628.64,4.35
2025-02-03,Madinah-Hub,Van,165,92.9,31.8,685.07,3.9
2025-02-03,Madinah-Hub,Truck,52,92.9,41.9,406.5,3.74
2025-02-04,Riyadh-Hub,Motorbike,789,95.3,36.1,1693.46,3.99
2025-02-04,Riyadh-Hub,Van,505,95.3,36.8,2251.89,4.4
2025-02-04,Riyadh-Hub,Truck,148,95.3,43.9,1074.58,3.67
2025-02-04,Jeddah-Hub,Motorbike,625,92.6,26.8,1381.03,5.0
2025-02-04,Jeddah-Hub,Van,351,92.6,38.3,1524.34,3.56
2025-02-04,Jeddah-Hub,Truck,111,92.6,43.1,860.08,4.0
2025-02-04,Dammam-Hub,Motorbike,323,96.3,19.6,677.88,3.85
2025-02-04,Dammam-Hub,Van,213,96.3,29.7,926.54,3.85
2025-02-04,Dammam-Hub,Truck,60,96.3,45.9,453.91,3.59
2025-02-04,Makkah-Hub,Motorbike,418,84.9,20.9,895.84,3.77
2025-02-04,Makkah-Hub,Van,269,84.9,42.5,1177.96,4.06
2025-02-04,Makkah-Hub,Truck,83,84.9,48.2,636.48,3.78
2025-02-04,Madinah-Hub,Motorbike,294,91.7,23.1,654.79,4.17
2025-02-04,Madinah-Hub,Van,179,91.7,40.8,754.57,4.35
2025-02-04,Madinah-Hub,Truck,49,91.7,40.7,373.96,3.47
2025-02-05,Riyadh-Hub,Motorbike,774,89.8,25.8,1706.56,3.87
2025-02-05,Riyadh-Hub,Van,440,89.8,33.5,1965.12,4.47
2025-02-05,Riyadh-Hub,Truck,131,89.8,53.1,1025.49,3.75
2025-02-05,Jeddah-Hub,Motorbike,608,85.2,23.7,1316.82,3.72
2025-02-05,Jeddah-Hub,Van,364,85.2,33.9,1605.63,3.34
2025-02-05,Jeddah-Hub,Truck,104,85.2,49.0,757.33,4.07
2025-02-05,Dammam-Hub,Motorbike,318,93.5,25.4,683.32,4.14
2025-02-05,Dammam-Hub,Van,198,93.5,30.4,871.18,4.6
2025-02-05,Dammam-Hub,Truck,68,93.5,46.1,529.95,4.61
2025-02-05,Makkah-Hub,Motorbike,465,85.2,27.1,952.83,3.7
2025-02-05,Makkah-Hub,Van,278,85.2,35.6,1158.85,3.8
2025-02-05,Makkah-Hub,Truck,81,85.2,56.7,601.25,4.2
2025-02-05,Madinah-Hub,Motorbike,258,88.4,24.5,538.21,4.68
2025-02-05,Madinah-Hub,Van,183,88.4,31.3,803.5,3.77
2025-02-05,Madinah-Hub,Truck,54,88.4,47.6,423.23,3.7
2025-02-06,Riyadh-Hub,Motorbike,710,89.6,21.9,1566.23,3.94
2025-02-06,Riyadh-Hub,Van,469,89.6,34.8,2105.6,4.64
2025-02-06,Riyadh-Hub,Truck,128,89.6,44.0,957.92,4.43
2025-02-06,Jeddah-Hub,Motorbike,615,89.5,24.0,1309.51,3.81
2025-02-06,Jeddah-Hub,Van,410,89.5,29.2,1833.48,3.76
2025-02-06,Jeddah-Hub,Truck,113,89.5,54.0,851.15,3.89
2025-02-06,Dammam-Hub,Motorbike,316,97.6,29.8,682.11,4.22
2025-02-06,Dammam-Hub,Van,200,97.6,32.7,860.78,4.44
2025-02-06,Dammam-Hub,Truck,60,97.6,52.7,444.6,4.16
2025-02-06,Makkah-Hub,Motorbike,402,89.2,23.2,827.84,3.98
2025-02-06,Makkah-Hub,Van,294,89.2,36.7,1279.41,3.81
2025-02-06,Makkah-Hub,Truck,70,89.2,51.8,531.28,3.82
2025-02-06,Madinah-Hub,Motorbike,281,85.8,35.5,614.26,3.93
2025-02-06,Madinah-Hub,Van,172,85.8,43.4,709.65,4.12
2025-02-06,Madinah-Hub,Truck,50,85.8,51.2,368.72,4.34
2025-02-07,Riyadh-Hub,Motorbike,627,87.2,23.7,1296.8,4.31
2025-02-07,Riyadh-Hub,Van,379,87.2,45.5,1662.09,4.0
2025-02-07,Riyadh-Hub,Truck,111,87.2,54.7,886.47,4.07
2025-02-07,Jeddah-Hub,Motorbike,499,88.4,28.1,1026.57,4.25
2025-02-07,Jeddah-Hub,Van,310,88.4,28.1,1383.08,3.85
2025-02-07,Jeddah-Hub,Truck,81,88.4,54.3,601.93,4.03
2025-02-07,Dammam-Hub,Motorbike,264,92.5,24.8,563.49,4.04
2025-02-07,Dammam-Hub,Van,171,92.5,36.7,701.6,4.26
2025-02-07,Dammam-Hub,Truck,48,92.5,50.2,372.58,4.31
2025-02-07,Makkah-Hub,Motorbike,329,86.0,21.0,693.48,3.89
2025-02-07,Makkah-Hub,Van,226,86.0,25.9,952.68,4.22
2025-02-07,Makkah-Hub,Truck,60,86.0,41.0,454.04,3.7
2025-02-07,Madinah-Hub,Motorbike,236,90.0,26.2,524.65,4.33
2025-02-07,Madinah-Hub,Van,136,90.0,34.1,604.33,4.15
2025-02-07,Madinah-Hub,Truck,43,90.0,49.0,343.48,3.96
2025-02-08,Riyadh-Hub,Motorbike,800,91.5,24.9,1805.84,4.87
2025-02-08,Riyadh-Hub,Van,440,91.5,39.1,1879.72,4.39
2025-02-08,Riyadh-Hub,Truck,145,91.5,50.1,1097.98,4.19
2025-02-08,Jeddah-Hub,Motorbike,636,88.9,27.9,1328.18,4.29
2025-02-08,Jeddah-Hub,Van,413,88.9,33.8,1780.66,4.5
2025-02-08,Jeddah-Hub,Truck,99,88.9,53.1,720.29,4.21
2025-02-08,Dammam-Hub,Motorbike,356,91.6,23.0,781.51,3.9
2025-02-08,Dammam-Hub,Van,213,91.6,34.5,918.32,3.94
2025-02-08,Dammam-Hub,Truck,67,91.6,45.6,524.55,4.18
2025-02-08,Makkah-Hub,Motorbike,388,85.7,30.4,801.14,4.17
2025-02-08,Makkah-Hub,Van,263,85.7,34.4,1171.94,4.41
2025-02-08,Makkah-Hub,Truck,70,85.7,51.1,542.95,4.23
2025-02-08,Madinah-Hub,Motorbike,264,92.9,27.2,587.67,3.89
2025-02-08,Madinah-Hub,Van,187,92.9,39.5,778.37,4.09
2025-02-08,Madinah-Hub,Truck,46,92.9,46.2,341.61,4.44
2025-02-09,Riyadh-Hub,Motorbike,753,94.3,23.9,1674.64,4.4
2025-02-09,Riyadh-Hub,Van,518,94.3,36.0,2172.57,4.25
2025-02-09,Riyadh-Hub,Truck,141,94.3,52.3,1035.68,4.29
2025-02-09,Jeddah-Hub,Motorbike,631,90.3,19.9,1347.33,3.55
2025-02-09,Jeddah-Hub,Van,393,90.3,31.6,1682.92,3.64
2025-02-09,Jeddah-Hub,Truck,113,90.3,55.0,894.73,4.5
2025-02-09,Dammam-Hub,Motorbike,348,94.4,28.3,751.47,4.13
2025-02-09,Dammam-Hub,Van,202,94.4,42.5,876.98,4.14
2025-02-09,Dammam-Hub,Truck,66,94.4,47.3,483.72,4.18
2025-02-09,Makkah-Hub,Motorbike,433,87.6,24.9,896.23,4.19
2025-02-09,Makkah-Hub,Van,275,87.6,39.4,1243.59,4.01
2025-02-09,Makkah-Hub,Truck,72,87.6,51.6,547.26,3.99
2025-02-09,Madinah-Hub,Motorbike,293,89.4,16.8,651.18,4.13
2025-02-09,Madinah-Hub,Van,177,89.4,38.6,748.02,3.83
2025-02-09,Madinah-Hub,Truck,51,89.4,43.6,403.43,4.39
2025-02-10,Riyadh-Hub,Motorbike,672,91.4,23.1,1380.12,4.43
2025-02-10,Riyadh-Hub,Van,465,91.4,32.2,2077.87,4.33
2025-02-10,Riyadh-Hub,Truck,123,91.4,48.1,925.45,4.57
2025-02-10,Jeddah-Hub,Motorbike,555,86.9,24.2,1233.27,3.83
2025-02-10,Jeddah-Hub,Van,376,86.9,43.7,1596.5,4.18
2025-02-10,Jeddah-Hub,Truck,105,86.9,56.8,823.09,4.04
2025-02-10,Dammam-Hub,Motorbike,357,94.4,15.8,787.94,4.02
2025-02-10,Dammam-Hub,Van,237,94.4,33.4,1028.05,4.66
2025-02-10,Dammam-Hub,Truck,67,94.4,45.2,526.94,4.39
2025-02-10,Makkah-Hub,Motorbike,413,85.5,27.1,847.21,3.85
2025-02-10,Makkah-Hub,Van,280,85.5,34.0,1161.06,4.45
2025-02-10,Makkah-Hub,Truck,70,85.5,41.6,557.24,3.75
2025-02-10,Madinah-Hub,Motorbike,296,89.9,20.1,666.13,3.92
2025-02-10,Madinah-Hub,Van,186,89.9,34.4,818.91,4.1
2025-02-10,Madinah-Hub,Truck,53,89.9,49.4,410.01,4.08
2025-02-11,Riyadh-Hub,Motorbike,762,91.6,25.8,1628.03,3.91
2025-02-11,Riyadh-Hub,Van,502,91.6,36.1,2198.09,4.06
2025-02-11,Riyadh-Hub,Truck,133,91.6,52.2,1037.0,4.52
2025-02-11,Jeddah-Hub,Motorbike,657,88.8,30.5,1448.09,4.44
2025-02-11,Jeddah-Hub,Van,386,88.8,38.6,1610.12,4.25
2025-02-11,Jeddah-Hub,Truck,117,88.8,56.7,901.84,4.19
2025-02-11,Dammam-Hub,Motorbike,344,96.0,26.2,766.9,4.34
2025-02-11,Dammam-Hub,Van,214,96.0,32.3,966.94,4.41
2025-02-11,Dammam-Hub,Truck,62,96.0,56.8,455.98,3.83
2025-02-11,Makkah-Hub,Motorbike,460,88.0,26.4,1015.73,3.97
2025-02-11,Makkah-Hub,Van,292,88.0,34.5,1240.71,4.35
2025-02-11,Makkah-Hub,Truck,80,88.0,56.7,614.78,3.73
2025-02-11,Madinah-Hub,Motorbike,303,89.3,16.0,652.91,3.98
2025-02-11,Madinah-Hub,Van,188,89.3,36.2,828.27,4.13
2025-02-11,Madinah-Hub,Truck,55,89.3,53.1,411.76,4.13
2025-02-12,Riyadh-Hub,Motorbike,714,87.9,22.5,1591.89,4.51
2025-02-12,Riyadh-Hub,Van,464,87.9,37.2,2028.75,4.69
2025-02-12,Riyadh-Hub,Truck,132,87.9,56.3,1036.24,3.82
2025-02-12,Jeddah-Hub,Motorbike,635,83.5,20.6,1402.48,4.1
2025-02-12,Jeddah-Hub,Van,352,83.5,34.1,1459.23,3.82
2025-02-12,Jeddah-Hub,Truck,105,83.5,49.2,819.78,3.97
2025-02-12,Dammam-Hub,Motorbike,334,89.4,25.8,755.13,4.15
2025-02-12,Dammam-Hub,Van,201,89.4,39.8,858.53,3.8
2025-02-12,Dammam-Hub,Truck,67,89.4,52.9,501.45,3.82
2025-02-12,Makkah-Hub,Motorbike,446,83.2,25.2,945.47,3.97
2025-02-12,Makkah-Hub,Van,293,83.2,43.7,1294.53,4.09
2025-02-12,Makkah-Hub,Truck,72,83.2,50.0,537.99,4.13
2025-02-12,Madinah-Hub,Motorbike,295,90.1,27.9,614.85,4.51
2025-02-12,Madinah-Hub,Van,184,90.1,45.2,818.27,4.39
2025-02-12,Madinah-Hub,Truck,48,90.1,53.6,356.45,3.79
2025-02-13,Riyadh-Hub,Motorbike,694,86.7,28.2,1456.56,4.17
2025-02-13,Riyadh-Hub,Van,519,86.7,40.1,2210.79,4.49
2025-02-13,Riyadh-Hub,Truck,131,86.7,43.5,958.43,3.88
2025-02-13,Jeddah-Hub,Motorbike,592,86.0,29.3,1218.28,3.98
2025-02-13,Jeddah-Hub,Van,361,86.0,30.8,1623.26,4.1
2025-02-13,Jeddah-Hub,Truck,115,86.0,44.4,856.94,4.07
2025-02-13,Dammam-Hub,Motorbike,308,95.5,19.6,655.15,3.62
2025-02-13,Dammam-Hub,Van,216,95.5,29.4,913.32,3.99
2025-02-13,Dammam-Hub,Truck,66,95.5,51.8,504.54,4.29
2025-02-13,Makkah-Hub,Motorbike,436,83.0,20.6,974.77,3.64
2025-02-13,Makkah-Hub,Van,272,83.0,42.5,1142.66,4.52
2025-02-13,Makkah-Hub,Truck,70,83.0,46.5,548.88,4.1
2025-02-13,Madinah-Hub,Motorbike,282,87.0,25.2,580.81,3.66
2025-02-13,Madinah-Hub,Van,181,87.0,39.3,766.97,3.96
2025-02-13,Madinah-Hub,Truck,52,87.0,42.7,386.54,4.13
2025-02-14,Riyadh-Hub,Motorbike,592,93.6,33.1,1324.0,3.88
2025-02-14,Riyadh-Hub,Van,342,93.6,40.3,1496.17,3.66
2025-02-14,Riyadh-Hub,Truck,118,93.6,48.6,933.49,4.48
2025-02-14,Jeddah-Hub,Motorbike,454,87.2,28.8,1019.76,4.19
2025-02-14,Jeddah-Hub,Van,296,87.2,42.3,1329.42,4.1
2025-02-14,Jeddah-Hub,Truck,89,87.2,53.1,694.89,3.94
2025-02-14,Dammam-Hub,Motorbike,279,92.0,34.1,614.24,4.47
2025-02-14,Dammam-Hub,Van,168,92.0,38.1,694.18,4.36
2025-02-14,Dammam-Hub,Truck,50,92.0,46.9,386.87,3.97
2025-02-14,Makkah-Hub,Motorbike,347,87.0,22.5,745.24,4.68
2025-02-14,Makkah-Hub,Van,199,87.0,33.8,863.42,4.32
2025-02-14,Makkah-Hub,Truck,64,87.0,50.4,491.22,4.46
2025-02-14,Madinah-Hub,Motorbike,223,91.2,25.1,500.76,3.75
2025-02-14,Madinah-Hub,Van,155,91.2,34.6,677.29,3.89
2025-02-14,Madinah-Hub,Truck,44,91.2,48.8,332.77,3.79
2025-02-15,Riyadh-Hub,Motorbike,686,88.8,27.1,1519.86,3.14
2025-02-15,Riyadh-Hub,Van,450,88.8,32.3,1881.48,3.86
2025-02-15,Riyadh-Hub,Truck,126,88.8,43.2,1012.42,4.02
2025-02-15,Jeddah-Hub,Motorbike,663,91.4,25.0,1372.43,4.26
2025-02-15,Jeddah-Hub,Van,376,91.4,33.1,1548.17,4.13
2025-02-15,Jeddah-Hub,Truck,103,91.4,47.6,763.18,4.34
2025-02-15,Dammam-Hub,Motorbike,362,92.6,29.7,793.53,4.4
2025-02-15,Dammam-Hub,Van,220,92.6,40.3,968.97,3.79
2025-02-15,Dammam-Hub,Truck,64,92.6,49.8,479.73,4.33
2025-02-15,Makkah-Hub,Motorbike,419,81.9,25.3,881.21,3.86
2025-02-15,Makkah-Hub,Van,296,81.9,32.1,1320.98,3.95
2025-02-15,Makkah-Hub,Truck,79,81.9,55.1,597.01,3.9
2025-02-15,Madinah-Hub,Motorbike,259,94.9,25.6,540.22,4.33
2025-02-15,Madinah-Hub,Van,169,94.9,28.1,703.82,3.92
2025-02-15,Madinah-Hub,Truck,50,94.9,43.1,368.57,4.24
2025-02-16,Riyadh-Hub,Motorbike,676,90.0,20.7,1531.86,3.66
2025-02-16,Riyadh-Hub,Van,491,90.0,31.7,2149.93,3.4
2025-02-16,Riyadh-Hub,Truck,122,90.0,48.9,915.86,4.03
2025-02-16,Jeddah-Hub,Motorbike,631,89.1,23.4,1306.78,4.01
2025-02-16,Jeddah-Hub,Van,385,89.1,53.5,1702.72,4.28
2025-02-16,Jeddah-Hub,Truck,99,89.1,45.8,761.23,3.86
2025-02-16,Dammam-Hub,Motorbike,359,93.9,25.4,749.62,4.14
2025-02-16,Dammam-Hub,Van,207,93.9,27.7,873.04,3.93
2025-02-16,Dammam-Hub,Truck,60,93.9,46.3,459.19,4.28
2025-02-16,Makkah-Hub,Motorbike,454,85.6,22.3,1000.11,4.43
2025-02-16,Makkah-Hub,Van,250,85.6,36.8,1074.73,4.3
2025-02-16,Makkah-Hub,Truck,85,85.6,47.8,665.99,3.65
2025-02-16,Madinah-Hub,Motorbike,262,90.2,21.1,545.44,3.98
2025-02-16,Madinah-Hub,Van,183,90.2,31.6,765.37,3.58
2025-02-16,Madinah-Hub,Truck,56,90.2,46.8,449.66,3.96
2025-02-17,Riyadh-Hub,Motorbike,680,93.3,26.2,1512.81,3.8
2025-02-17,Riyadh-Hub,Van,446,93.3,24.8,1870.46,4.33
2025-02-17,Riyadh-Hub,Truck,141,93.3,46.6,1120.42,4.51
2025-02-17,Jeddah-Hub,Motorbike,645,85.7,37.5,1390.55,4.13
2025-02-17,Jeddah-Hub,Van,422,85.7,34.3,1784.93,3.99
2025-02-17,Jeddah-Hub,Truck,103,85.7,53.5,809.12,4.41
2025-02-17,Dammam-Hub,Motorbike,331,92.5,23.7,719.87,3.55
2025-02-17,Dammam-Hub,Van,219,92.5,26.6,917.2,4.37
2025-02-17,Dammam-Hub,Truck,66,92.5,53.1,516.27,3.91
2025-02-17,Makkah-Hub,Motorbike,413,86.3,30.9,860.47,4.26
2025-02-17,Makkah-Hub,Van,271,86.3,25.8,1225.07,3.98
2025-02-17,Makkah-Hub,Truck,81,86.3,57.8,630.22,4.65
2025-02-17,Madinah-Hub,Motorbike,288,92.6,34.0,602.98,4.02
2025-02-17,Madinah-Hub,Van,177,92.6,24.7,761.76,3.95
2025-02-17,Madinah-Hub,Truck,53,92.6,46.2,388.3,4.23
2025-02-18,Riyadh-Hub,Motorbike,761,93.7,28.4,1721.27,3.66
2025-02-18,Riyadh-Hub,Van,468,93.7,29.4,2117.64,3.94
2025-02-18,Riyadh-Hub,Truck,131,93.7,55.3,990.84,4.1
2025-02-18,Jeddah-Hub,Motorbike,572,86.6,34.5,1242.34,3.55
2025-02-18,Jeddah-Hub,Van,382,86.6,34.2,1585.79,3.54
2025-02-18,Jeddah-Hub,Truck,100,86.6,47.2,752.07,4.07
2025-02-18,Dammam-Hub,Motorbike,323,92.9,37.8,702.21,3.94
2025-02-18,Dammam-Hub,Van,208,92.9,35.2,867.62,4.0
2025-02-18,Dammam-Hub,Truck,62,92.9,56.8,457.5,4.3
2025-02-18,Makkah-Hub,Motorbike,436,84.5,25.0,916.58,3.5
2025-02-18,Makkah-Hub,Van,253,84.5,30.6,1092.58,4.27
2025-02-18,Makkah-Hub,Truck,70,84.5,53.4,543.06,4.31
2025-02-18,Madinah-Hub,Motorbike,268,92.6,18.9,585.0,4.1
2025-02-18,Madinah-Hub,Van,181,92.6,39.0,768.68,3.68
2025-02-18,Madinah-Hub,Truck,55,92.6,52.1,416.8,4.22
2025-02-19,Riyadh-Hub,Motorbike,777,93.6,24.0,1661.81,4.3
2025-02-19,Riyadh-Hub,Van,484,93.6,31.5,2180.23,3.85
2025-02-19,Riyadh-Hub,Truck,143,93.6,52.2,1132.0,3.81
2025-02-19,Jeddah-Hub,Motorbike,563,85.7,22.4,1241.56,3.66
2025-02-19,Jeddah-Hub,Van,420,85.7,34.2,1845.22,4.45
2025-02-19,Jeddah-Hub,Truck,119,85.7,56.1,958.4,4.05
2025-02-19,Dammam-Hub,Motorbike,373,88.3,29.5,797.87,3.94
2025-02-19,Dammam-Hub,Van,197,88.3,26.9,853.48,4.39
2025-02-19,Dammam-Hub,Truck,56,88.3,48.0,438.81,3.83
2025-02-19,Makkah-Hub,Motorbike,429,88.2,24.9,914.32,4.26
2025-02-19,Makkah-Hub,Van,272,88.2,24.2,1219.16,3.96
2025-02-19,Makkah-Hub,Truck,84,88.2,45.3,618.38,4.26
2025-02-19,Madinah-Hub,Motorbike,272,85.7,23.9,603.47,3.83
2025-02-19,Madinah-Hub,Van,188,85.7,42.8,836.95,3.71
2025-02-19,Madinah-Hub,Truck,52,85.7,43.4,389.99,3.78
2025-02-20,Riyadh-Hub,Motorbike,690,91.3,21.6,1549.54,4.11
2025-02-20,Riyadh-Hub,Van,444,91.3,29.9,1922.61,4.3
2025-02-20,Riyadh-Hub,Truck,130,91.3,50.5,1046.78,3.71
2025-02-20,Jeddah-Hub,Motorbike,562,84.6,22.1,1239.11,4.08
2025-02-20,Jeddah-Hub,Van,351,84.6,41.0,1587.49,4.13
2025-02-20,Jeddah-Hub,Truck,109,84.6,52.4,865.76,3.69
2025-02-20,Dammam-Hub,Motorbike,323,90.2,29.0,728.62,3.6
2025-02-20,Dammam-Hub,Van,204,90.2,35.0,886.0,4.03
2025-02-20,Dammam-Hub,Truck,66,90.2,54.1,515.73,4.64
2025-02-20,Makkah-Hub,Motorbike,435,82.7,28.0,907.79,4.81
2025-02-20,Makkah-Hub,Van,251,82.7,39.7,1052.36,3.68
2025-02-20,Makkah-Hub,Truck,85,82.7,42.8,686.08,3.82
2025-02-20,Madinah-Hub,Motorbike,300,90.9,15.2,668.44,4.46
2025-02-20,Madinah-Hub,Van,170,90.9,31.5,763.03,3.52
2025-02-20,Madinah-Hub,Truck,48,90.9,46.7,359.14,4.42
2025-02-21,Riyadh-Hub,Motorbike,555,90.6,29.6,1180.47,4.55
2025-02-21,Riyadh-Hub,Van,401,90.6,44.6,1714.65,3.89
2025-02-21,Riyadh-Hub,Truck,99,90.6,50.6,763.95,3.77
2025-02-21,Jeddah-Hub,Motorbike,457,88.8,31.6,983.44,4.01
2025-02-21,Jeddah-Hub,Van,296,88.8,33.0,1284.39,3.98
2025-02-21,Jeddah-Hub,Truck,89,88.8,45.6,703.25,3.83
2025-02-21,Dammam-Hub,Motorbike,297,90.1,24.3,611.34,4.05
2025-02-21,Dammam-Hub,Van,169,90.1,38.1,721.83,4.79
2025-02-21,Dammam-Hub,Truck,47,90.1,43.0,364.47,3.76
2025-02-21,Makkah-Hub,Motorbike,372,84.9,31.1,799.76,4.15
2025-02-21,Makkah-Hub,Van,219,84.9,34.9,974.11,4.09
2025-02-21,Makkah-Hub,Truck,65,84.9,46.5,511.22,3.96
2025-02-21,Madinah-Hub,Motorbike,219,92.4,36.7,473.86,3.8
2025-02-21,Madinah-Hub,Van,148,92.4,28.7,634.59,3.88
2025-02-21,Madinah-Hub,Truck,41,92.4,41.4,321.05,3.95
2025-02-22,Riyadh-Hub,Motorbike,775,89.0,29.1,1652.87,3.76
2025-02-22,Riyadh-Hub,Van,480,89.0,35.4,2080.37,4.01
2025-02-22,Riyadh-Hub,Truck,136,89.0,63.6,998.63,3.87
2025-02-22,Jeddah-Hub,Motorbike,653,89.8,26.5,1346.01,3.92
2025-02-22,Jeddah-Hub,Van,406,89.8,26.2,1845.04,4.76
2025-02-22,Jeddah-Hub,Truck,106,89.8,43.9,833.48,4.55
2025-02-22,Dammam-Hub,Motorbike,321,95.1,19.5,710.99,4.58
2025-02-22,Dammam-Hub,Van,211,95.1,28.7,876.7,4.66
2025-02-22,Dammam-Hub,Truck,59,95.1,40.9,431.97,3.81
2025-02-22,Makkah-Hub,Motorbike,435,86.3,26.2,904.25,3.87
2025-02-22,Makkah-Hub,Van,272,86.3,34.2,1232.05,4.28
2025-02-22,Makkah-Hub,Truck,82,86.3,56.2,651.26,3.73
2025-02-22,Madinah-Hub,Motorbike,307,92.9,16.9,681.7,3.33
2025-02-22,Madinah-Hub,Van,190,92.9,33.7,828.81,4.35
2025-02-22,Madinah-Hub,Truck,48,92.9,57.3,382.62,4.76
2025-02-23,Riyadh-Hub,Motorbike,802,91.0,37.5,1810.5,4.15
2025-02-23,Riyadh-Hub,Van,430,91.0,32.4,1785.66,3.67
2025-02-23,Riyadh-Hub,Truck,127,91.0,44.7,939.31,3.89
2025-02-23,Jeddah-Hub,Motorbike,629,93.1,13.6,1334.2,4.21
2025-02-23,Jeddah-Hub,Van,416,93.1,37.1,1732.66,4.26
2025-02-23,Jeddah-Hub,Truck,102,93.1,48.5,747.21,4.05
2025-02-23,Dammam-Hub,Motorbike,311,91.7,25.3,671.65,3.86
2025-02-23,Dammam-Hub,Van,227,91.7,38.1,1031.51,3.96
2025-02-23,Dammam-Hub,Truck,65,91.7,53.9,507.73,3.82
2025-02-23,Makkah-Hub,Motorbike,417,84.1,28.6,894.69,3.93
2025-02-23,Makkah-Hub,Van,298,84.1,31.1,1319.6,4.03
2025-02-23,Makkah-Hub,Truck,75,84.1,58.0,596.55,4.14
2025-02-23,Madinah-Hub,Motorbike,271,90.2,21.5,615.0,4.05
2025-02-23,Madinah-Hub,Van,187,90.2,38.6,811.1,5.0
2025-02-23,Madinah-Hub,Truck,48,90.2,40.4,371.23,4.09
2025-02-24,Riyadh-Hub,Motorbike,781,97.6,22.7,1683.2,4.32
2025-02-24,Riyadh-Hub,Van,442,97.6,36.1,2005.77,4.0
2025-02-24,Riyadh-Hub,Truck,129,97.6,45.6,999.46,4.44
2025-02-24,Jeddah-Hub,Motorbike,578,92.0,27.4,1273.74,3.45
2025-02-24,Jeddah-Hub,Van,361,92.0,27.6,1545.17,4.29
2025-02-24,Jeddah-Hub,Truck,101,92.0,57.0,783.59,4.43
2025-02-24,Dammam-Hub,Motorbike,337,88.6,22.8,700.6,4.22
2025-02-24,Dammam-Hub,Van,222,88.6,33.3,928.98,4.16
2025-02-24,Dammam-Hub,Truck,67,88.6,56.6,501.23,4.36
2025-02-24,Makkah-Hub,Motorbike,471,87.0,25.0,1014.02,4.32
2025-02-24,Makkah-Hub,Van,251,87.0,26.7,1052.5,4.21
2025-02-24,Makkah-Hub,Truck,70,87.0,47.5,549.31,4.09
2025-02-24,Madinah-Hub,Motorbike,292,93.1,10.7,639.84,4.08
2025-02-24,Madinah-Hub,Van,194,93.1,35.1,858.07,4.28
2025-02-24,Madinah-Hub,Truck,55,93.1,40.1,421.14,3.96
2025-02-25,Riyadh-Hub,Motorbike,690,94.0,25.8,1536.72,4.3
2025-02-25,Riyadh-Hub,Van,509,94.0,30.3,2200.74,3.71
2025-02-25,Riyadh-Hub,Truck,127,94.0,39.5,1006.9,4.37
2025-02-25,Jeddah-Hub,Motorbike,607,88.8,29.2,1270.27,4.27
2025-02-25,Jeddah-Hub,Van,370,88.8,37.9,1670.93,3.64
2025-02-25,Jeddah-Hub,Truck,112,88.8,51.3,848.54,3.77
2025-02-25,Dammam-Hub,Motorbike,333,96.3,13.3,714.78,4.54
2025-02-25,Dammam-Hub,Van,197,96.3,31.3,855.08,4.47
2025-02-25,Dammam-Hub,Truck,60,96.3,49.6,444.79,4.21
2025-02-25,Makkah-Hub,Motorbike,392,81.1,36.9,861.05,4.22
2025-02-25,Makkah-Hub,Van,261,81.1,38.5,1162.24,3.6
2025-02-25,Makkah-Hub,Truck,77,81.1,49.2,581.13,3.79
2025-02-25,Madinah-Hub,Motorbike,260,83.9,25.8,574.76,3.72
2025-02-25,Madinah-Hub,Van,167,83.9,37.0,757.37,3.83
2025-02-25,Madinah-Hub,Truck,48,83.9,55.4,370.69,3.73
2025-02-26,Riyadh-Hub,Motorbike,679,90.1,32.0,1546.66,4.1
2025-02-26,Riyadh-Hub,Van,439,90.1,27.7,1971.01,4.51
2025-02-26,Riyadh-Hub,Truck,127,90.1,42.9,1007.75,3.69
2025-02-26,Jeddah-Hub,Motorbike,548,86.3,30.3,1213.7,4.35
2025-02-26,Jeddah-Hub,Van,397,86.3,44.6,1699.93,3.99
2025-02-26,Jeddah-Hub,Truck,120,86.3,44.6,970.7,4.18
2025-02-26,Dammam-Hub,Motorbike,352,93.9,29.3,790.18,4.13
2025-02-26,Dammam-Hub,Van,198,93.9,30.2,836.68,4.66
2025-02-26,Dammam-Hub,Truck,58,93.9,49.4,458.08,3.74
2025-02-26,Makkah-Hub,Motorbike,462,84.3,30.6,1022.3,3.96
2025-02-26,Makkah-Hub,Van,268,84.3,39.2,1219.79,4.3
2025-02-26,Makkah-Hub,Truck,73,84.3,48.4,560.77,3.8
2025-02-26,Madinah-Hub,Motorbike,292,88.6,28.6,611.35,4.19
2025-02-26,Madinah-Hub,Van,189,88.6,27.0,824.58,4.09
2025-02-26,Madinah-Hub,Truck,49,88.6,41.7,396.89,4.32
2025-02-27,Riyadh-Hub,Motorbike,707,90.1,27.3,1561.78,3.69
2025-02-27,Riyadh-Hub,Van,470,90.1,31.4,2032.77,3.69
2025-02-27,Riyadh-Hub,Truck,137,90.1,41.3,1107.33,3.72
2025-02-27,Jeddah-Hub,Motorbike,662,88.8,30.3,1394.36,3.89
2025-02-27,Jeddah-Hub,Van,376,88.8,33.7,1692.22,3.93
2025-02-27,Jeddah-Hub,Truck,99,88.8,47.4,760.18,4.09
2025-02-27,Dammam-Hub,Motorbike,374,95.5,16.0,841.02,3.99
2025-02-27,Dammam-Hub,Van,204,95.5,32.6,885.7,4.36
2025-02-27,Dammam-Hub,Truck,66,95.5,41.1,511.47,4.27
2025-02-27,Makkah-Hub,Motorbike,401,83.6,33.8,830.96,3.97
2025-02-27,Makkah-Hub,Van,286,83.6,38.4,1199.53,3.88
2025-02-27,Makkah-Hub,Truck,75,83.6,55.9,574.66,3.71
2025-02-27,Madinah-Hub,Motorbike,310,89.7,36.8,645.66,4.42
2025-02-27,Madinah-Hub,Van,192,89.7,36.7,852.27,3.97
2025-02-27,Madinah-Hub,Truck,48,89.7,48.2,384.79,3.77
2025-02-28,Riyadh-Hub,Motorbike,545,88.1,23.8,1229.61,4.11
2025-02-28,Riyadh-Hub,Van,370,88.1,39.5,1644.67,3.47
2025-02-28,Riyadh-Hub,Truck,99,88.1,58.0,773.75,3.42
2025-02-28,Jeddah-Hub,Motorbike,463,91.1,29.3,1049.55,3.51
2025-02-28,Jeddah-Hub,Van,297,91.1,50.4,1317.35,3.93
2025-02-28,Jeddah-Hub,Truck,91,91.1,47.9,674.71,3.99
2025-02-28,Dammam-Hub,Motorbike,286,88.9,27.6,625.86,3.91
2025-02-28,Dammam-Hub,Van,159,88.9,26.8,670.14,4.34
2025-02-28,Dammam-Hub,Truck,45,88.9,45.7,353.97,3.69
2025-02-28,Makkah-Hub,Motorbike,347,84.1,35.8,724.94,3.89
2025-02-28,Makkah-Hub,Van,236,84.1,36.5,992.72,3.93
2025-02-28,Makkah-Hub,Truck,62,84.1,48.6,472.04,3.82
2025-02-28,Madinah-Hub,Motorbike,215,93.9,25.2,468.48,4.14
2025-02-28,Madinah-Hub,Van,156,93.9,37.8,654.63,3.78
2025-02-28,Madinah-Hub,Truck,45,93.9,47.8,336.97,4.08
2025-03-01,Riyadh-Hub,Motorbike,980,93.3,32.0,2087.05,4.18
2025-03-01,Riyadh-Hub,Van,717,93.3,37.1,3099.69,3.93
2025-03-01,Riyadh-Hub,Truck,204,93.3,47.5,1562.19,3.8
2025-03-01,Jeddah-Hub,Motorbike,770,89.1,29.2,1697.63,3.99
2025-03-01,Jeddah-Hub,Van,548,89.1,43.3,2420.41,4.08
2025-03-01,Jeddah-Hub,Truck,140,89.1,51.2,1122.89,4.44
2025-03-01,Dammam-Hub,Motorbike,436,90.4,35.8,939.66,4.32
2025-03-01,Dammam-Hub,Van,282,90.4,38.6,1281.49,4.56
2025-03-01,Dammam-Hub,Truck,82,90.4,49.0,627.25,4.19
2025-03-01,Makkah-Hub,Motorbike,552,82.9,19.3,1223.73,4.05
2025-03-01,Makkah-Hub,Van,407,82.9,27.4,1710.53,4.05
2025-03-01,Makkah-Hub,Truck,107,82.9,53.0,791.67,4.08
2025-03-01,Madinah-Hub,Motorbike,424,84.9,19.9,904.58,4.14
2025-03-01,Madinah-Hub,Van,231,84.9,39.1,1034.1,3.79
2025-03-01,Madinah-Hub,Truck,76,84.9,53.6,575.34,3.66
2025-03-02,Riyadh-Hub,Motorbike,1010,92.9,20.2,2214.36,4.25
2025-03-02,Riyadh-Hub,Van,692,92.9,30.9,2997.33,4.64
2025-03-02,Riyadh-Hub,Truck,170,92.9,49.2,1346.87,3.77
2025-03-02,Jeddah-Hub,Motorbike,772,84.6,21.1,1727.65,4.24
2025-03-02,Jeddah-Hub,Van,530,84.6,44.8,2315.72,3.99
2025-03-02,Jeddah-Hub,Truck,152,84.6,49.3,1178.9,4.16
2025-03-02,Dammam-Hub,Motorbike,494,89.2,24.5,1094.11,3.88
2025-03-02,Dammam-Hub,Van,332,89.2,34.6,1490.63,3.68
2025-03-02,Dammam-Hub,Truck,84,89.2,49.7,663.55,4.45
2025-03-02,Makkah-Hub,Motorbike,658,86.7,27.2,1379.91,3.65
2025-03-02,Makkah-Hub,Van,419,86.7,40.7,1756.48,4.04
2025-03-02,Makkah-Hub,Truck,102,86.7,54.3,795.78,4.17
2025-03-02,Madinah-Hub,Motorbike,370,88.4,24.6,806.1,3.94
2025-03-02,Madinah-Hub,Van,272,88.4,41.2,1153.89,3.83
2025-03-02,Madinah-Hub,Truck,71,88.4,48.6,548.36,4.8
2025-03-03,Riyadh-Hub,Motorbike,1006,90.6,24.3,2088.83,3.92
2025-03-03,Riyadh-Hub,Van,632,90.6,48.0,2857.82,3.3
2025-03-03,Riyadh-Hub,Truck,190,90.6,44.3,1520.4,4.27
2025-03-03,Jeddah-Hub,Motorbike,785,87.1,20.4,1758.08,3.36
2025-03-03,Jeddah-Hub,Van,536,87.1,29.5,2407.01,4.16
2025-03-03,Jeddah-Hub,Truck,139,87.1,40.1,1094.34,4.17
2025-03-03,Dammam-Hub,Motorbike,503,92.2,21.5,1138.44,3.97
2025-03-03,Dammam-Hub,Van,314,92.2,43.0,1417.19,4.02
2025-03-03,Dammam-Hub,Truck,78,92.2,51.8,612.92,4.1
2025-03-03,Makkah-Hub,Motorbike,643,85.4,26.1,1374.96,4.33
2025-03-03,Makkah-Hub,Van,406,85.4,42.8,1730.69,3.95
2025-03-03,Makkah-Hub,Truck,104,85.4,51.9,801.1,4.38
2025-03-03,Madinah-Hub,Motorbike,401,89.5,31.4,866.52,4.49
2025-03-03,Madinah-Hub,Van,251,89.5,32.0,1087.93,4.25
2025-03-03,Madinah-Hub,Truck,75,89.5,43.3,605.72,3.61
2025-03-04,Riyadh-Hub,Motorbike,965,84.9,36.3,2094.14,3.85
2025-03-04,Riyadh-Hub,Van,701,84.9,37.9,3080.74,4.03
2025-03-04,Riyadh-Hub,Truck,171,84.9,42.0,1381.37,3.96
2025-03-04,Jeddah-Hub,Motorbike,821,91.8,25.7,1832.04,4.65
2025-03-04,Jeddah-Hub,Van,551,91.8,41.5,2326.48,4.09
2025-03-04,Jeddah-Hub,Truck,169,91.8,56.5,1328.13,3.9
2025-03-04,Dammam-Hub,Motorbike,472,94.1,30.4,1021.58,4.44
2025-03-04,Dammam-Hub,Van,333,94.1,38.3,1399.07,4.69
2025-03-04,Dammam-Hub,Truck,92,94.1,47.4,718.09,4.42
2025-03-04,Makkah-Hub,Motorbike,553,84.7,36.5,1161.92,4.21
2025-03-04,Makkah-Hub,Van,387,84.7,41.9,1737.14,3.61
2025-03-04,Makkah-Hub,Truck,111,84.7,49.1,874.84,3.98
2025-03-04,Madinah-Hub,Motorbike,434,88.2,28.5,932.44,4.09
2025-03-04,Madinah-Hub,Van,263,88.2,34.7,1135.81,3.78
2025-03-04,Madinah-Hub,Truck,75,88.2,53.8,558.81,4.3
2025-03-05,Riyadh-Hub,Motorbike,951,93.3,25.2,2044.22,3.89
2025-03-05,Riyadh-Hub,Van,681,93.3,34.6,2899.01,4.12
2025-03-05,Riyadh-Hub,Truck,177,93.3,45.3,1419.51,4.93
2025-03-05,Jeddah-Hub,Motorbike,924,92.3,20.6,2006.07,3.94
2025-03-05,Jeddah-Hub,Van,577,92.3,38.1,2558.47,4.17
2025-03-05,Jeddah-Hub,Truck,168,92.3,50.3,1333.67,4.65
2025-03-05,Dammam-Hub,Motorbike,488,90.0,27.3,1094.79,4.45
2025-03-05,Dammam-Hub,Van,282,90.0,33.9,1269.99,3.91
2025-03-05,Dammam-Hub,Truck,91,90.0,50.7,724.55,3.9
2025-03-05,Makkah-Hub,Motorbike,542,86.4,20.0,1180.69,3.9
2025-03-05,Makkah-Hub,Van,414,86.4,43.1,1828.43,3.55
2025-03-05,Makkah-Hub,Truck,98,86.4,51.0,760.72,3.71
2025-03-05,Madinah-Hub,Motorbike,405,92.3,15.8,923.47,3.95
2025-03-05,Madinah-Hub,Van,238,92.3,32.9,1014.12,4.38
2025-03-05,Madinah-Hub,Truck,67,92.3,41.5,529.49,4.21
2025-03-06,Riyadh-Hub,Motorbike,982,92.7,21.6,2060.59,4.08
2025-03-06,Riyadh-Hub,Van,695,92.7,36.0,3022.76,3.84
2025-03-06,Riyadh-Hub,Truck,195,92.7,44.1,1479.77,4.37
2025-03-06,Jeddah-Hub,Motorbike,841,92.6,17.5,1796.71,4.14
2025-03-06,Jeddah-Hub,Van,486,92.6,30.4,2122.31,4.31
2025-03-06,Jeddah-Hub,Truck,147,92.6,45.2,1137.88,4.54
2025-03-06,Dammam-Hub,Motorbike,430,92.9,19.7,922.8,3.94
2025-03-06,Dammam-Hub,Van,277,92.9,33.4,1165.71,4.25
2025-03-06,Dammam-Hub,Truck,92,92.9,43.2,722.12,4.14
2025-03-06,Makkah-Hub,Motorbike,572,85.0,28.2,1245.86,3.75
2025-03-06,Makkah-Hub,Van,382,85.0,32.8,1614.81,3.85
2025-03-06,Makkah-Hub,Truck,103,85.0,48.8,772.58,3.8
2025-03-06,Madinah-Hub,Motorbike,398,92.6,23.4,908.99,4.33
2025-03-06,Madinah-Hub,Van,246,92.6,24.2,1070.86,3.86
2025-03-06,Madinah-Hub,Truck,79,92.6,44.9,587.62,4.35
2025-03-07,Riyadh-Hub,Motorbike,814,94.3,28.7,1817.76,3.99
2025-03-07,Riyadh-Hub,Van,519,94.3,27.7,2245.75,3.48
2025-03-07,Riyadh-Hub,Truck,139,94.3,49.4,1087.23,3.97
2025-03-07,Jeddah-Hub,Motorbike,729,90.4,29.7,1588.61,4.13
2025-03-07,Jeddah-Hub,Van,406,90.4,31.5,1774.49,3.59
2025-03-07,Jeddah-Hub,Truck,128,90.4,55.3,987.04,4.76
2025-03-07,Dammam-Hub,Motorbike,401,91.8,25.5,835.1,4.31
2025-03-07,Dammam-Hub,Van,243,91.8,37.0,1072.99,4.45
2025-03-07,Dammam-Hub,Truck,74,91.8,47.6,595.96,4.05
2025-03-07,Makkah-Hub,Motorbike,460,83.5,22.4,981.32,4.11
2025-03-07,Makkah-Hub,Van,280,83.5,30.3,1175.28,3.67
2025-03-07,Makkah-Hub,Truck,90,83.5,47.3,710.26,4.06
2025-03-07,Madinah-Hub,Motorbike,350,89.7,17.6,759.16,4.26
2025-03-07,Madinah-Hub,Van,204,89.7,31.7,920.49,4.0
2025-03-07,Madinah-Hub,Truck,52,89.7,55.5,405.96,3.79
2025-03-08,Riyadh-Hub,Motorbike,1013,89.1,26.5,2108.32,3.93
2025-03-08,Riyadh-Hub,Van,641,89.1,27.5,2710.31,3.74
2025-03-08,Riyadh-Hub,Truck,198,89.1,45.0,1504.77,4.13
2025-03-08,Jeddah-Hub,Motorbike,908,88.4,31.3,1945.96,4.07
2025-03-08,Jeddah-Hub,Van,561,88.4,42.2,2404.31,3.92
2025-03-08,Jeddah-Hub,Truck,155,88.4,50.6,1164.74,4.55
2025-03-08,Dammam-Hub,Motorbike,492,93.0,26.3,1048.31,4.09
2025-03-08,Dammam-Hub,Van,312,93.0,36.4,1361.58,3.75
2025-03-08,Dammam-Hub,Truck,92,93.0,41.7,743.98,4.15
2025-03-08,Makkah-Hub,Motorbike,631,82.7,34.6,1370.08,3.74
2025-03-08,Makkah-Hub,Van,361,82.7,37.6,1591.55,4.2
2025-03-08,Makkah-Hub,Truck,104,82.7,48.5,782.34,3.73
2025-03-08,Madinah-Hub,Motorbike,378,88.2,25.8,847.43,4.14
2025-03-08,Madinah-Hub,Van,271,88.2,29.4,1236.69,4.68
2025-03-08,Madinah-Hub,Truck,67,88.2,48.6,499.4,4.28
2025-03-09,Riyadh-Hub,Motorbike,1112,92.2,26.3,2482.01,4.09
2025-03-09,Riyadh-Hub,Van,626,92.2,34.8,2777.74,4.47
2025-03-09,Riyadh-Hub,Truck,177,92.2,50.7,1432.31,4.4
2025-03-09,Jeddah-Hub,Motorbike,763,88.8,21.8,1621.7,4.21
2025-03-09,Jeddah-Hub,Van,524,88.8,36.6,2207.03,4.04
2025-03-09,Jeddah-Hub,Truck,146,88.8,59.6,1167.27,3.95
2025-03-09,Dammam-Hub,Motorbike,456,97.0,13.7,1002.4,4.2
2025-03-09,Dammam-Hub,Van,306,97.0,25.9,1353.82,4.81
2025-03-09,Dammam-Hub,Truck,93,97.0,51.0,729.7,4.53
2025-03-09,Makkah-Hub,Motorbike,616,86.5,30.6,1394.37,4.5
2025-03-09,Makkah-Hub,Van,355,86.5,33.6,1603.8,3.27
2025-03-09,Makkah-Hub,Truck,103,86.5,59.5,791.35,4.03
2025-03-09,Madinah-Hub,Motorbike,377,89.5,26.7,861.22,3.78
2025-03-09,Madinah-Hub,Van,259,89.5,29.8,1183.81,3.8
2025-03-09,Madinah-Hub,Truck,78,89.5,58.1,609.08,4.17
2025-03-10,Riyadh-Hub,Motorbike,1078,88.7,26.3,2370.62,3.64
2025-03-10,Riyadh-Hub,Van,724,88.7,38.4,3306.77,4.18
2025-03-10,Riyadh-Hub,Truck,207,88.7,50.1,1648.62,4.24
2025-03-10,Jeddah-Hub,Motorbike,861,87.8,22.9,1832.18,3.83
2025-03-10,Jeddah-Hub,Van,503,87.8,39.9,2117.82,3.68
2025-03-10,Jeddah-Hub,Truck,168,87.8,50.7,1313.28,4.65
2025-03-10,Dammam-Hub,Motorbike,448,91.6,26.1,1020.42,4.4
2025-03-10,Dammam-Hub,Van,329,91.6,28.0,1427.9,3.94
2025-03-10,Dammam-Hub,Truck,92,91.6,37.6,748.59,4.53
2025-03-10,Makkah-Hub,Motorbike,541,86.2,23.6,1177.95,4.09
2025-03-10,Makkah-Hub,Van,418,86.2,40.7,1857.13,3.56
2025-03-10,Makkah-Hub,Truck,119,86.2,52.3,909.2,4.33
2025-03-10,Madinah-Hub,Motorbike,385,95.0,19.0,841.39,4.09
2025-03-10,Madinah-Hub,Van,234,95.0,33.1,1050.57,4.15
2025-03-10,Madinah-Hub,Truck,65,95.0,43.2,502.49,4.31
2025-03-11,Riyadh-Hub,Motorbike,1028,86.9,28.6,2278.85,4.46
2025-03-11,Riyadh-Hub,Van,653,86.9,29.6,2815.34,4.42
2025-03-11,Riyadh-Hub,Truck,181,86.9,58.5,1464.05,4.1
2025-03-11,Jeddah-Hub,Motorbike,880,90.9,25.3,1950.82,4.05
2025-03-11,Jeddah-Hub,Van,562,90.9,19.5,2351.51,3.91
2025-03-11,Jeddah-Hub,Truck,161,90.9,38.0,1260.37,4.94
2025-03-11,Dammam-Hub,Motorbike,479,91.1,22.3,1059.29,3.84
2025-03-11,Dammam-Hub,Van,309,91.1,34.9,1320.56,3.89
2025-03-11,Dammam-Hub,Truck,84,91.1,40.9,674.12,3.8
2025-03-11,Makkah-Hub,Motorbike,597,86.3,19.7,1326.32,3.85
2025-03-11,Makkah-Hub,Van,353,86.3,35.5,1481.66,3.77
2025-03-11,Makkah-Hub,Truck,99,86.3,48.5,782.66,4.61
2025-03-11,Madinah-Hub,Motorbike,386,89.6,17.9,813.66,4.12
2025-03-11,Madinah-Hub,Van,234,89.6,36.9,1048.15,3.65
2025-03-11,Madinah-Hub,Truck,72,89.6,46.8,574.31,4.19
2025-03-12,Riyadh-Hub,Motorbike,1131,92.0,34.5,2468.94,4.38
2025-03-12,Riyadh-Hub,Van,622,92.0,30.7,2735.62,4.35
2025-03-12,Riyadh-Hub,Truck,186,92.0,53.1,1412.98,4.35
2025-03-12,Jeddah-Hub,Motorbike,818,90.5,29.2,1715.59,4.0
2025-03-12,Jeddah-Hub,Van,503,90.5,35.3,2241.85,3.76
2025-03-12,Jeddah-Hub,Truck,168,90.5,49.3,1254.42,4.9
2025-03-12,Dammam-Hub,Motorbike,470,91.8,32.5,1048.96,3.87
2025-03-12,Dammam-Hub,Van,283,91.8,38.1,1241.33,4.09
2025-03-12,Dammam-Hub,Truck,86,91.8,50.4,652.0,3.94
2025-03-12,Makkah-Hub,Motorbike,569,86.5,33.3,1297.21,4.23
2025-03-12,Makkah-Hub,Van,418,86.5,34.2,1841.65,3.97
2025-03-12,Makkah-Hub,Truck,111,86.5,55.7,843.53,4.63
2025-03-12,Madinah-Hub,Motorbike,412,89.1,27.6,907.85,4.16
2025-03-12,Madinah-Hub,Van,241,89.1,33.7,1035.15,4.12
2025-03-12,Madinah-Hub,Truck,76,89.1,43.4,599.07,3.69
2025-03-13,Riyadh-Hub,Motorbike,1015,90.1,29.8,2171.0,3.99
2025-03-13,Riyadh-Hub,Van,631,90.1,30.8,2629.42,3.97
2025-03-13,Riyadh-Hub,Truck,205,90.1,52.4,1658.0,4.53
2025-03-13,Jeddah-Hub,Motorbike,798,89.4,32.0,1676.39,4.14
2025-03-13,Jeddah-Hub,Van,562,89.4,33.3,2519.24,3.62
2025-03-13,Jeddah-Hub,Truck,158,89.4,51.0,1234.71,4.07
2025-03-13,Dammam-Hub,Motorbike,441,91.6,31.5,970.83,4.5
2025-03-13,Dammam-Hub,Van,296,91.6,34.1,1300.77,4.52
2025-03-13,Dammam-Hub,Truck,87,91.6,46.0,662.18,3.78
2025-03-13,Makkah-Hub,Motorbike,605,89.8,22.4,1359.99,4.24
2025-03-13,Makkah-Hub,Van,415,89.8,40.8,1828.16,4.47
2025-03-13,Makkah-Hub,Truck,113,89.8,54.2,880.08,4.16
2025-03-13,Madinah-Hub,Motorbike,401,88.6,22.2,891.49,4.26
2025-03-13,Madinah-Hub,Van,253,88.6,35.3,1145.15,4.3
2025-03-13,Madinah-Hub,Truck,76,88.6,52.0,593.41,4.17
2025-03-14,Riyadh-Hub,Motorbike,755,89.6,29.1,1586.58,4.06
2025-03-14,Riyadh-Hub,Van,515,89.6,43.7,2249.47,4.04
2025-03-14,Riyadh-Hub,Truck,158,89.6,44.7,1265.5,4.31
2025-03-14,Jeddah-Hub,Motorbike,655,89.0,36.7,1469.03,4.17
2025-03-14,Jeddah-Hub,Van,423,89.0,41.5,1803.47,4.27
2025-03-14,Jeddah-Hub,Truck,125,89.0,40.8,928.82,4.16
2025-03-14,Dammam-Hub,Motorbike,346,98.2,28.6,767.49,3.91
2025-03-14,Dammam-Hub,Van,245,98.2,40.7,1122.09,4.14
2025-03-14,Dammam-Hub,Truck,73,98.2,35.3,594.37,4.19
2025-03-14,Makkah-Hub,Motorbike,491,88.1,22.0,1084.63,3.56
2025-03-14,Makkah-Hub,Van,302,88.1,44.4,1327.26,4.13
2025-03-14,Makkah-Hub,Truck,89,88.1,40.0,668.56,3.68
2025-03-14,Madinah-Hub,Motorbike,295,88.7,18.8,643.83,4.33
2025-03-14,Madinah-Hub,Van,221,88.7,37.2,975.14,4.01
2025-03-14,Madinah-Hub,Truck,56,88.7,54.4,416.44,4.18
2025-03-15,Riyadh-Hub,Motorbike,1059,91.7,30.3,2306.35,3.94
2025-03-15,Riyadh-Hub,Van,646,91.7,30.5,2752.36,4.1
2025-03-15,Riyadh-Hub,Truck,202,91.7,54.9,1561.68,4.05
2025-03-15,Jeddah-Hub,Motorbike,891,91.7,31.9,1945.57,4.58
2025-03-15,Jeddah-Hub,Van,538,91.7,31.3,2447.16,4.2
2025-03-15,Jeddah-Hub,Truck,168,91.7,45.9,1356.86,4.61
2025-03-15,Dammam-Hub,Motorbike,494,94.7,22.3,1096.97,3.49
2025-03-15,Dammam-Hub,Van,314,94.7,39.7,1328.22,3.75
2025-03-15,Dammam-Hub,Truck,83,94.7,55.9,624.05,4.37
2025-03-15,Makkah-Hub,Motorbike,649,84.5,29.5,1460.26,4.29
2025-03-15,Makkah-Hub,Van,407,84.5,39.6,1830.39,4.21
2025-03-15,Makkah-Hub,Truck,118,84.5,52.0,885.12,4.2
2025-03-15,Madinah-Hub,Motorbike,403,84.5,32.3,904.91,4.14
2025-03-15,Madinah-Hub,Van,267,84.5,40.1,1178.37,4.09
2025-03-15,Madinah-Hub,Truck,77,84.5,41.4,610.78,4.37
2025-03-16,Riyadh-Hub,Motorbike,1116,93.8,22.7,2478.1,4.3
2025-03-16,Riyadh-Hub,Van,645,93.8,32.6,2688.95,4.36
2025-03-16,Riyadh-Hub,Truck,207,93.8,46.0,1672.67,4.62
2025-03-16,Jeddah-Hub,Motorbike,909,88.1,32.8,1965.9,4.62
2025-03-16,Jeddah-Hub,Van,521,88.1,31.1,2365.15,4.18
2025-03-16,Jeddah-Hub,Truck,151,88.1,56.7,1148.33,4.03
2025-03-16,Dammam-Hub,Motorbike,442,90.2,28.5,992.16,3.77
2025-03-16,Dammam-Hub,Van,277,90.2,21.4,1209.18,3.94
2025-03-16,Dammam-Hub,Truck,86,90.2,45.9,699.22,4.63
2025-03-16,Makkah-Hub,Motorbike,659,85.1,31.1,1509.86,3.89
2025-03-16,Makkah-Hub,Van,363,85.1,26.8,1619.17,4.53
2025-03-16,Makkah-Hub,Truck,105,85.1,48.0,847.32,4.52
2025-03-16,Madinah-Hub,Motorbike,371,86.9,32.6,822.65,4.27
2025-03-16,Madinah-Hub,Van,246,86.9,28.1,1086.46,4.42
2025-03-16,Madinah-Hub,Truck,69,86.9,43.1,540.07,3.89
2025-03-17,Riyadh-Hub,Motorbike,1097,93.5,31.0,2426.04,4.02
2025-03-17,Riyadh-Hub,Van,662,93.5,34.8,2779.86,3.9
2025-03-17,Riyadh-Hub,Truck,174,93.5,56.0,1350.03,4.64
2025-03-17,Jeddah-Hub,Motorbike,890,82.2,35.1,1954.09,3.43
2025-03-17,Jeddah-Hub,Van,527,82.2,38.9,2365.01,4.12
2025-03-17,Jeddah-Hub,Truck,142,82.2,39.0,1148.42,3.79
2025-03-17,Dammam-Hub,Motorbike,515,96.7,21.6,1116.45,4.04
2025-03-17,Dammam-Hub,Van,302,96.7,32.7,1379.97,4.42
2025-03-17,Dammam-Hub,Truck,86,96.7,42.3,638.62,4.83
2025-03-17,Makkah-Hub,Motorbike,601,84.1,27.0,1363.27,4.0
2025-03-17,Makkah-Hub,Van,379,84.1,31.8,1622.68,4.24
2025-03-17,Makkah-Hub,Truck,104,84.1,50.1,784.16,4.29
2025-03-17,Madinah-Hub,Motorbike,385,87.5,24.7,807.39,4.61
2025-03-17,Madinah-Hub,Van,249,87.5,40.0,1062.49,4.41
2025-03-17,Madinah-Hub,Truck,75,87.5,44.3,574.57,4.02
2025-03-18,Riyadh-Hub,Motorbike,1032,92.8,28.9,2344.8,3.99
2025-03-18,Riyadh-Hub,Van,669,92.8,43.3,2979.07,4.22
2025-03-18,Riyadh-Hub,Truck,179,92.8,53.5,1396.73,3.94
2025-03-18,Jeddah-Hub,Motorbike,785,88.0,19.3,1695.63,3.96
2025-03-18,Jeddah-Hub,Van,495,88.0,31.0,2144.33,4.22
2025-03-18,Jeddah-Hub,Truck,140,88.0,50.9,1059.94,4.18
2025-03-18,Dammam-Hub,Motorbike,472,94.0,26.3,1000.62,3.78
2025-03-18,Dammam-Hub,Van,304,94.0,35.5,1369.37,4.33
2025-03-18,Dammam-Hub,Truck,88,94.0,41.7,675.62,4.09
2025-03-18,Makkah-Hub,Motorbike,619,82.5,33.7,1399.15,4.33
2025-03-18,Makkah-Hub,Van,414,82.5,42.8,1861.0,3.67
2025-03-18,Makkah-Hub,Truck,101,82.5,58.1,787.25,4.09
2025-03-18,Madinah-Hub,Motorbike,399,89.6,29.4,883.79,3.75
2025-03-18,Madinah-Hub,Van,239,89.6,40.8,1007.54,3.96
2025-03-18,Madinah-Hub,Truck,72,89.6,51.3,540.53,3.87
2025-03-19,Riyadh-Hub,Motorbike,1088,89.7,23.8,2393.81,4.39
2025-03-19,Riyadh-Hub,Van,654,89.7,36.8,2780.76,3.9
2025-03-19,Riyadh-Hub,Truck,173,89.7,48.4,1344.4,4.09
2025-03-19,Jeddah-Hub,Motorbike,857,90.6,29.7,1791.85,4.58
2025-03-19,Jeddah-Hub,Van,575,90.6,37.5,2590.38,4.11
2025-03-19,Jeddah-Hub,Truck,148,90.6,51.3,1164.32,3.51
2025-03-19,Dammam-Hub,Motorbike,463,90.0,19.8,983.63,4.58
2025-03-19,Dammam-Hub,Van,323,90.0,30.1,1444.76,4.29
2025-03-19,Dammam-Hub,Truck,89,90.0,45.5,691.64,3.79
2025-03-19,Makkah-Hub,Motorbike,620,87.8,29.2,1356.87,4.11
2025-03-19,Makkah-Hub,Van,366,87.8,40.8,1620.9,4.06
2025-03-19,Makkah-Hub,Truck,104,87.8,54.8,811.01,4.32
2025-03-19,Madinah-Hub,Motorbike,383,86.9,30.9,824.71,4.05
2025-03-19,Madinah-Hub,Van,271,86.9,35.8,1211.5,3.63
2025-03-19,Madinah-Hub,Truck,76,86.9,51.5,620.6,3.91
2025-03-20,Riyadh-Hub,Motorbike,1077,90.1,30.4,2352.76,4.09
2025-03-20,Riyadh-Hub,Van,699,90.1,33.7,3107.55,3.81
2025-03-20,Riyadh-Hub,Truck,199,90.1,53.2,1516.1,4.16
2025-03-20,Jeddah-Hub,Motorbike,802,89.8,35.2,1718.83,4.14
2025-03-20,Jeddah-Hub,Van,493,89.8,31.8,2132.08,3.86
2025-03-20,Jeddah-Hub,Truck,161,89.8,50.1,1314.72,3.85
2025-03-20,Dammam-Hub,Motorbike,519,91.6,21.7,1173.25,3.9
2025-03-20,Dammam-Hub,Van,334,91.6,36.7,1450.53,4.42
2025-03-20,Dammam-Hub,Truck,87,91.6,53.8,692.15,4.05
2025-03-20,Makkah-Hub,Motorbike,658,84.8,34.4,1384.61,4.25
2025-03-20,Makkah-Hub,Van,405,84.8,40.4,1701.92,4.09
2025-03-20,Makkah-Hub,Truck,117,84.8,57.2,926.53,4.1
2025-03-20,Madinah-Hub,Motorbike,434,88.2,28.5,955.65,3.93
2025-03-20,Madinah-Hub,Van,267,88.2,30.5,1183.12,3.98
2025-03-20,Madinah-Hub,Truck,76,88.2,53.2,577.6,3.94
2025-03-21,Riyadh-Hub,Motorbike,857,93.3,22.6,1938.77,3.97
2025-03-21,Riyadh-Hub,Van,486,93.3,26.6,2167.11,4.02
2025-03-21,Riyadh-Hub,Truck,145,93.3,58.3,1113.83,4.28
2025-03-21,Jeddah-Hub,Motorbike,643,84.7,37.5,1422.78,3.63
2025-03-21,Jeddah-Hub,Van,457,84.7,40.6,1981.52,3.41
2025-03-21,Jeddah-Hub,Truck,123,84.7,48.0,1005.21,4.01
2025-03-21,Dammam-Hub,Motorbike,395,88.3,31.2,899.02,4.03
2025-03-21,Dammam-Hub,Van,238,88.3,31.3,1086.45,3.97
2025-03-21,Dammam-Hub,Truck,67,88.3,53.1,544.72,3.6
2025-03-21,Makkah-Hub,Motorbike,473,84.3,26.6,1003.76,4.51
2025-03-21,Makkah-Hub,Van,321,84.3,37.8,1392.6,3.81
2025-03-21,Makkah-Hub,Truck,86,84.3,46.5,694.32,3.63
2025-03-21,Madinah-Hub,Motorbike,344,89.5,20.4,761.05,4.0
2025-03-21,Madinah-Hub,Van,195,89.5,36.8,822.53,4.44
2025-03-21,Madinah-Hub,Truck,60,89.5,42.2,479.52,4.16
2025-03-22,Riyadh-Hub,Motorbike,1002,90.0,34.2,2119.2,4.14
2025-03-22,Riyadh-Hub,Van,724,90.0,38.3,3112.18,4.17
2025-03-22,Riyadh-Hub,Truck,183,90.0,48.5,1443.23,3.43
2025-03-22,Jeddah-Hub,Motorbike,846,93.4,32.3,1778.83,4.58
2025-03-22,Jeddah-Hub,Van,529,93.4,33.5,2379.55,3.41
2025-03-22,Jeddah-Hub,Truck,152,93.4,46.2,1203.41,4.17
2025-03-22,Dammam-Hub,Motorbike,510,94.0,26.0,1069.3,4.17
2025-03-22,Dammam-Hub,Van,276,94.0,37.0,1195.43,4.4
2025-03-22,Dammam-Hub,Truck,93,94.0,45.5,749.86,4.24
2025-03-22,Makkah-Hub,Motorbike,567,87.3,22.9,1244.73,3.74
2025-03-22,Makkah-Hub,Van,346,87.3,39.8,1554.05,3.93
2025-03-22,Makkah-Hub,Truck,117,87.3,49.0,891.56,4.36
2025-03-22,Madinah-Hub,Motorbike,387,88.4,21.2,869.85,3.94
2025-03-22,Madinah-Hub,Van,249,88.4,44.5,1079.51,3.84
2025-03-22,Madinah-Hub,Truck,78,88.4,47.8,578.83,3.91
2025-03-23,Riyadh-Hub,Motorbike,1085,90.1,27.9,2449.83,3.87
2025-03-23,Riyadh-Hub,Van,648,90.1,32.9,2979.34,3.69
2025-03-23,Riyadh-Hub,Truck,194,90.1,46.2,1471.16,4.15
2025-03-23,Jeddah-Hub,Motorbike,820,91.4,26.3,1809.73,4.25
2025-03-23,Jeddah-Hub,Van,570,91.4,38.2,2531.03,4.17
2025-03-23,Jeddah-Hub,Truck,143,91.4,52.6,1110.95,4.39
2025-03-23,Dammam-Hub,Motorbike,455,90.7,28.9,956.84,4.77
2025-03-23,Dammam-Hub,Van,331,90.7,37.4,1520.07,3.8
2025-03-23,Dammam-Hub,Truck,92,90.7,49.1,725.17,3.7
2025-03-23,Makkah-Hub,Motorbike,621,87.7,36.9,1366.7,3.66
2025-03-23,Makkah-Hub,Van,418,87.7,43.8,1903.38,4.08
2025-03-23,Makkah-Hub,Truck,105,87.7,49.6,838.13,4.04
2025-03-23,Madinah-Hub,Motorbike,405,84.7,27.5,911.52,3.64
2025-03-23,Madinah-Hub,Van,247,84.7,32.2,1039.33,4.17
2025-03-23,Madinah-Hub,Truck,73,84.7,50.6,591.79,4.01
2025-03-24,Riyadh-Hub,Motorbike,1020,85.5,25.0,2188.92,4.4
2025-03-24,Riyadh-Hub,Van,713,85.5,38.9,3011.42,4.42
2025-03-24,Riyadh-Hub,Truck,201,85.5,45.0,1631.47,4.27
2025-03-24,Jeddah-Hub,Motorbike,799,79.3,19.8,1841.48,4.03
2025-03-24,Jeddah-Hub,Van,537,79.3,38.2,2281.62,3.89
2025-03-24,Jeddah-Hub,Truck,145,79.3,50.5,1116.24,3.64
2025-03-24,Dammam-Hub,Motorbike,522,93.6,17.4,1162.01,4.77
2025-03-24,Dammam-Hub,Van,273,93.6,27.3,1165.82,4.21
2025-03-24,Dammam-Hub,Truck,95,93.6,42.4,774.76,4.02
2025-03-24,Makkah-Hub,Motorbike,580,90.3,20.7,1297.34,3.39
2025-03-24,Makkah-Hub,Van,373,90.3,31.8,1600.72,4.49
2025-03-24,Makkah-Hub,Truck,117,90.3,49.6,925.84,4.11
2025-03-24,Madinah-Hub,Motorbike,412,94.7,25.3,871.45,4.02
2025-03-24,Madinah-Hub,Van,261,94.7,31.7,1181.55,4.2
2025-03-24,Madinah-Hub,Truck,68,94.7,51.1,557.29,4.36
2025-03-25,Riyadh-Hub,Motorbike,997,90.1,31.7,2151.13,4.08
2025-03-25,Riyadh-Hub,Van,713,90.1,29.7,3148.0,3.47
2025-03-25,Riyadh-Hub,Truck,190,90.1,37.0,1542.56,3.89
2025-03-25,Jeddah-Hub,Motorbike,767,91.9,27.4,1740.01,3.79
2025-03-25,Jeddah-Hub,Van,538,91.9,40.8,2465.61,4.42
2025-03-25,Jeddah-Hub,Truck,162,91.9,35.9,1310.72,4.36
2025-03-25,Dammam-Hub,Motorbike,442,89.9,26.7,995.22,4.48
2025-03-25,Dammam-Hub,Van,306,89.9,41.7,1284.12,4.49
2025-03-25,Dammam-Hub,Truck,89,89.9,55.6,688.35,4.36
2025-03-25,Makkah-Hub,Motorbike,634,85.0,33.9,1449.27,3.77
2025-03-25,Makkah-Hub,Van,345,85.0,40.9,1499.53,3.9
2025-03-25,Makkah-Hub,Truck,99,85.0,41.8,806.66,3.66
2025-03-25,Madinah-Hub,Motorbike,401,87.7,34.0,916.15,3.74
2025-03-25,Madinah-Hub,Van,245,87.7,32.7,1072.83,4.28
2025-03-25,Madinah-Hub,Truck,70,87.7,46.8,534.04,4.42
2025-03-26,Riyadh-Hub,Motorbike,974,96.2,26.4,2225.52,3.77
2025-03-26,Riyadh-Hub,Van,643,96.2,34.0,2709.5,3.97
2025-03-26,Riyadh-Hub,Truck,202,96.2,46.5,1627.92,4.42
2025-03-26,Jeddah-Hub,Motorbike,814,86.5,26.1,1866.17,3.75
2025-03-26,Jeddah-Hub,Van,549,86.5,34.0,2527.21,4.53
2025-03-26,Jeddah-Hub,Truck,158,86.5,49.8,1291.5,3.86
2025-03-26,Dammam-Hub,Motorbike,486,95.0,18.9,1106.39,4.22
2025-03-26,Dammam-Hub,Van,322,95.0,35.1,1345.84,4.5
2025-03-26,Dammam-Hub,Truck,83,95.0,50.9,674.74,4.39
2025-03-26,Makkah-Hub,Motorbike,571,87.0,26.8,1195.38,4.13
2025-03-26,Makkah-Hub,Van,370,87.0,28.8,1597.62,4.25
2025-03-26,Makkah-Hub,Truck,99,87.0,46.7,743.06,4.09
2025-03-26,Madinah-Hub,Motorbike,412,91.3,25.5,945.64,4.08
2025-03-26,Madinah-Hub,Van,255,91.3,38.6,1166.56,4.1
2025-03-26,Madinah-Hub,Truck,74,91.3,45.3,550.01,3.59
2025-03-27,Riyadh-Hub,Motorbike,1064,85.9,23.0,2281.06,3.93
2025-03-27,Riyadh-Hub,Van,655,85.9,35.0,2977.34,3.45
2025-03-27,Riyadh-Hub,Truck,172,85.9,52.8,1286.4,3.95
2025-03-27,Jeddah-Hub,Motorbike,853,88.5,22.8,1818.0,3.75
2025-03-27,Jeddah-Hub,Van,578,88.5,37.6,2463.13,4.48
2025-03-27,Jeddah-Hub,Truck,146,88.5,39.3,1139.14,4.21
2025-03-27,Dammam-Hub,Motorbike,519,90.0,26.0,1141.22,3.73
2025-03-27,Dammam-Hub,Van,286,90.0,39.0,1200.96,3.81
2025-03-27,Dammam-Hub,Truck,82,90.0,51.2,656.15,4.16
2025-03-27,Makkah-Hub,Motorbike,602,85.0,24.7,1285.19,3.77
2025-03-27,Makkah-Hub,Van,353,85.0,46.0,1498.36,3.52
2025-03-27,Makkah-Hub,Truck,113,85.0,46.9,843.5,4.37
2025-03-27,Madinah-Hub,Motorbike,398,87.2,33.6,906.25,4.16
2025-03-27,Madinah-Hub,Van,256,87.2,34.0,1174.31,3.92
2025-03-27,Madinah-Hub,Truck,72,87.2,52.0,574.15,3.25
2025-03-28,Riyadh-Hub,Motorbike,834,87.6,29.9,1769.9,4.24
2025-03-28,Riyadh-Hub,Van,480,87.6,39.3,2182.34,3.83
2025-03-28,Riyadh-Hub,Truck,144,87.6,43.7,1159.14,3.99
2025-03-28,Jeddah-Hub,Motorbike,679,89.4,28.5,1429.34,3.9
2025-03-28,Jeddah-Hub,Van,457,89.4,27.0,2084.88,3.46
2025-03-28,Jeddah-Hub,Truck,114,89.4,47.0,861.3,4.02
2025-03-28,Dammam-Hub,Motorbike,360,96.2,22.2,793.07,4.77
2025-03-28,Dammam-Hub,Van,258,96.2,38.2,1087.37,3.84
2025-03-28,Dammam-Hub,Truck,63,96.2,53.4,515.07,4.51
2025-03-28,Makkah-Hub,Motorbike,480,86.7,24.1,1081.88,4.35
2025-03-28,Makkah-Hub,Van,324,86.7,34.9,1435.11,4.43
2025-03-28,Makkah-Hub,Truck,86,86.7,53.1,653.57,4.33
2025-03-28,Madinah-Hub,Motorbike,329,86.0,17.1,733.34,3.89
2025-03-28,Madinah-Hub,Van,203,86.0,28.4,878.63,3.92
2025-03-28,Madinah-Hub,Truck,62,86.0,57.3,477.65,4.56
2025-03-29,Riyadh-Hub,Motorbike,1044,92.2,18.4,2343.29,4.37
2025-03-29,Riyadh-Hub,Van,613,92.2,32.5,2659.28,3.78
2025-03-29,Riyadh-Hub,Truck,199,92.2,55.1,1563.66,3.75
2025-03-29,Jeddah-Hub,Motorbike,792,88.9,33.8,1684.94,3.46
2025-03-29,Jeddah-Hub,Van,510,88.9,49.4,2310.93,4.2
2025-03-29,Jeddah-Hub,Truck,143,88.9,51.2,1112.5,3.87
2025-03-29,Dammam-Hub,Motorbike,474,88.8,29.4,1091.15,4.26
2025-03-29,Dammam-Hub,Van,274,88.8,34.1,1178.14,4.07
2025-03-29,Dammam-Hub,Truck,86,88.8,40.7,702.55,4.29
2025-03-29,Makkah-Hub,Motorbike,656,90.0,16.7,1391.42,3.84
2025-03-29,Makkah-Hub,Van,385,90.0,38.9,1720.53,3.9
2025-03-29,Makkah-Hub,Truck,116,90.0,60.1,864.01,3.95
2025-03-29,Madinah-Hub,Motorbike,368,85.5,25.9,819.63,4.22
2025-03-29,Madinah-Hub,Van,276,85.5,37.0,1192.33,3.92
2025-03-29,Madinah-Hub,Truck,79,85.5,51.1,642.57,4.37
2025-03-30,Riyadh-Hub,Motorbike,1091,88.8,35.8,2352.38,3.89
2025-03-30,Riyadh-Hub,Van,685,88.8,29.8,3122.76,3.82
2025-03-30,Riyadh-Hub,Truck,178,88.8,42.5,1447.5,4.08
2025-03-30,Jeddah-Hub,Motorbike,929,83.4,32.8,2116.28,3.11
2025-03-30,Jeddah-Hub,Van,516,83.4,42.3,2346.03,4.28
2025-03-30,Jeddah-Hub,Truck,158,83.4,54.5,1268.04,3.67
2025-03-30,Dammam-Hub,Motorbike,474,89.5,38.5,999.84,4.15
2025-03-30,Dammam-Hub,Van,314,89.5,22.8,1414.73,3.73
2025-03-30,Dammam-Hub,Truck,81,89.5,49.7,624.53,3.95
2025-03-30,Makkah-Hub,Motorbike,635,84.5,30.2,1451.56,3.63
2025-03-30,Makkah-Hub,Van,374,84.5,28.3,1653.91,4.25
2025-03-30,Makkah-Hub,Truck,112,84.5,50.0,869.62,4.35
2025-03-30,Madinah-Hub,Motorbike,394,92.0,28.6,825.4,4.02
2025-03-30,Madinah-Hub,Van,258,92.0,30.3,1156.11,4.45
2025-03-30,Madinah-Hub,Truck,67,92.0,42.3,547.3,4.39
2025-03-31,Riyadh-Hub,Motorbike,675,93.4,20.2,1490.87,4.21
2025-03-31,Riyadh-Hub,Van,510,93.4,33.1,2191.71,3.55
2025-03-31,Riyadh-Hub,Truck,141,93.4,49.0,1157.02,3.79
2025-03-31,Jeddah-Hub,Motorbike,580,88.7,25.9,1281.39,4.54
2025-03-31,Jeddah-Hub,Van,409,88.7,38.3,1865.98,3.9
2025-03-31,Jeddah-Hub,Truck,110,88.7,51.2,849.04,4.01
2025-03-31,Dammam-Hub,Motorbike,370,93.7,26.6,815.63,4.25
2025-03-31,Dammam-Hub,Van,218,93.7,39.7,996.12,4.39
2025-03-31,Dammam-Hub,Truck,59,93.7,43.9,441.59,4.12
2025-03-31,Makkah-Hub,Motorbike,435,85.3,26.7,911.54,3.88
2025-03-31,Makkah-Hub,Van,277,85.3,38.1,1213.11,3.95
2025-03-31,Makkah-Hub,Truck,82,85.3,42.8,621.13,4.53
2025-03-31,Madinah-Hub,Motorbike,270,96.1,18.0,569.03,3.93
2025-03-31,Madinah-Hub,Van,164,96.1,33.2,727.58,4.13
2025-03-31,Madinah-Hub,Truck,55,96.1,48.1,451.21,4.34
2025-04-01,Riyadh-Hub,Motorbike,753,90.1,35.2,1594.41,3.99
2025-04-01,Riyadh-Hub,Van,505,90.1,35.5,2261.58,4.27
2025-04-01,Riyadh-Hub,Truck,136,90.1,55.6,1064.5,4.27
2025-04-01,Jeddah-Hub,Motorbike,623,87.1,24.6,1372.03,4.46
2025-04-01,Jeddah-Hub,Van,361,87.1,33.9,1589.11,3.94
2025-04-01,Jeddah-Hub,Truck,107,87.1,49.6,801.43,4.59
2025-04-01,Dammam-Hub,Motorbike,340,92.8,20.4,730.21,4.51
2025-04-01,Dammam-Hub,Van,224,92.8,38.1,1009.41,4.7
2025-04-01,Dammam-Hub,Truck,62,92.8,52.1,474.28,3.61
2025-04-01,Makkah-Hub,Motorbike,401,83.3,37.3,890.15,3.97
2025-04-01,Makkah-Hub,Van,281,83.3,36.5,1189.84,3.96
2025-04-01,Makkah-Hub,Truck,79,83.3,49.6,598.08,4.07
2025-04-01,Madinah-Hub,Motorbike,290,87.7,38.6,651.27,3.93
2025-04-01,Madinah-Hub,Van,182,87.7,36.8,812.28,4.13
2025-04-01,Madinah-Hub,Truck,54,87.7,46.1,415.71,3.68
2025-04-02,Riyadh-Hub,Motorbike,690,97.2,12.6,1534.29,4.42
2025-04-02,Riyadh-Hub,Van,483,97.2,29.8,2107.79,4.33
2025-04-02,Riyadh-Hub,Truck,122,97.2,46.1,940.99,4.61
2025-04-02,Jeddah-Hub,Motorbike,629,83.9,24.4,1411.31,4.08
2025-04-02,Jeddah-Hub,Van,372,83.9,32.8,1595.69,4.03
2025-04-02,Jeddah-Hub,Truck,107,83.9,54.0,804.28,3.9
2025-04-02,Dammam-Hub,Motorbike,366,93.2,27.5,774.01,4.05
2025-04-02,Dammam-Hub,Van,220,93.2,29.1,926.2,4.23
2025-04-02,Dammam-Hub,Truck,62,93.2,49.1,464.32,4.34
2025-04-02,Makkah-Hub,Motorbike,466,85.8,20.3,1031.5,3.88
2025-04-02,Makkah-Hub,Van,293,85.8,38.9,1328.52,3.89
2025-04-02,Makkah-Hub,Truck,72,85.8,42.4,555.82,3.99
2025-04-02,Madinah-Hub,Motorbike,266,92.0,24.1,604.69,4.28
2025-04-02,Madinah-Hub,Van,197,92.0,31.9,903.81,3.71
2025-04-02,Madinah-Hub,Truck,54,92.0,60.9,437.15,4.19
2025-04-03,Riyadh-Hub,Motorbike,797,92.7,26.7,1805.13,4.21
2025-04-03,Riyadh-Hub,Van,485,92.7,35.3,2119.58,3.91
2025-04-03,Riyadh-Hub,Truck,122,92.7,52.0,946.98,3.92
2025-04-03,Jeddah-Hub,Motorbike,596,88.7,31.7,1371.05,3.68
2025-04-03,Jeddah-Hub,Van,359,88.7,35.5,1567.79,4.54
2025-04-03,Jeddah-Hub,Truck,104,88.7,49.7,846.83,4.27
2025-04-03,Dammam-Hub,Motorbike,332,93.1,35.8,735.61,4.29
2025-04-03,Dammam-Hub,Van,215,93.1,34.0,927.14,3.92
2025-04-03,Dammam-Hub,Truck,56,93.1,49.7,422.69,4.19
2025-04-03,Makkah-Hub,Motorbike,419,83.4,26.4,947.32,3.78
2025-04-03,Makkah-Hub,Van,285,83.4,35.4,1244.05,3.71
2025-04-03,Makkah-Hub,Truck,72,83.4,50.6,572.83,4.57
2025-04-03,Madinah-Hub,Motorbike,299,93.7,28.2,657.99,4.14
2025-04-03,Madinah-Hub,Van,172,93.7,35.2,754.52,4.49
2025-04-03,Madinah-Hub,Truck,47,93.7,53.2,381.44,4.64
2025-04-04,Riyadh-Hub,Motorbike,568,87.4,27.8,1238.26,4.2
2025-04-04,Riyadh-Hub,Van,343,87.4,37.1,1545.25,3.62
2025-04-04,Riyadh-Hub,Truck,108,87.4,58.4,826.54,3.74
2025-04-04,Jeddah-Hub,Motorbike,475,90.6,21.8,1001.17,4.38
2025-04-04,Jeddah-Hub,Van,324,90.6,43.6,1360.78,4.26
2025-04-04,Jeddah-Hub,Truck,88,90.6,53.1,719.98,4.29
2025-04-04,Dammam-Hub,Motorbike,280,95.4,23.0,609.22,4.19
2025-04-04,Dammam-Hub,Van,170,95.4,30.6,774.59,4.6
2025-04-04,Dammam-Hub,Truck,53,95.4,44.6,409.0,4.13
2025-04-04,Makkah-Hub,Motorbike,327,84.7,24.4,716.44,4.48
2025-04-04,Makkah-Hub,Van,201,84.7,34.8,912.35,3.71
2025-04-04,Makkah-Hub,Truck,62,84.7,50.6,490.28,3.86
2025-04-04,Madinah-Hub,Motorbike,239,88.8,28.8,521.49,4.09
2025-04-04,Madinah-Hub,Van,156,88.8,42.9,703.7,4.35
2025-04-04,Madinah-Hub,Truck,44,88.8,51.4,340.3,4.28
2025-04-05,Riyadh-Hub,Motorbike,757,94.2,14.2,1734.76,3.83
2025-04-05,Riyadh-Hub,Van,512,94.2,43.6,2167.61,3.7
2025-04-05,Riyadh-Hub,Truck,129,94.2,37.1,998.96,4.0
2025-04-05,Jeddah-Hub,Motorbike,625,84.5,28.6,1369.56,4.16
2025-04-05,Jeddah-Hub,Van,349,84.5,45.4,1468.36,4.37
2025-04-05,Jeddah-Hub,Truck,119,84.5,55.4,907.03,3.89
2025-04-05,Dammam-Hub,Motorbike,350,87.1,25.6,744.9,3.74
2025-04-05,Dammam-Hub,Van,226,87.1,33.4,957.27,3.7
2025-04-05,Dammam-Hub,Truck,67,87.1,54.2,544.04,4.02
2025-04-05,Makkah-Hub,Motorbike,461,78.6,32.9,1026.29,3.92
2025-04-05,Makkah-Hub,Van,246,78.6,44.7,1119.63,4.36
2025-04-05,Makkah-Hub,Truck,74,78.6,49.2,605.71,3.91
2025-04-05,Madinah-Hub,Motorbike,307,92.3,21.9,674.47,3.77
2025-04-05,Madinah-Hub,Van,185,92.3,39.2,783.97,4.15
2025-04-05,Madinah-Hub,Truck,47,92.3,60.7,375.59,4.21
2025-04-06,Riyadh-Hub,Motorbike,714,93.5,28.1,1538.97,3.99
2025-04-06,Riyadh-Hub,Van,445,93.5,40.9,1932.34,4.05
2025-04-06,Riyadh-Hub,Truck,129,93.5,45.6,1007.96,4.0
2025-04-06,Jeddah-Hub,Motorbike,626,89.0,22.2,1417.31,3.79
2025-04-06,Jeddah-Hub,Van,418,89.0,33.2,1775.17,4.44
2025-04-06,Jeddah-Hub,Truck,117,89.0,40.2,927.08,4.3
2025-04-06,Dammam-Hub,Motorbike,345,93.0,26.9,745.19,4.11
2025-04-06,Dammam-Hub,Van,227,93.0,33.4,1002.23,4.44
2025-04-06,Dammam-Hub,Truck,66,93.0,49.2,510.58,3.76
2025-04-06,Makkah-Hub,Motorbike,388,93.0,23.9,874.39,4.13
2025-04-06,Makkah-Hub,Van,291,93.0,32.4,1321.71,4.06
2025-04-06,Makkah-Hub,Truck,83,93.0,45.3,678.77,4.52
2025-04-06,Madinah-Hub,Motorbike,267,90.1,28.2,584.69,4.18
2025-04-06,Madinah-Hub,Van,165,90.1,40.3,712.55,3.88
2025-04-06,Madinah-Hub,Truck,53,90.1,39.3,434.22,4.24
2025-04-07,Riyadh-Hub,Motorbike,815,90.1,26.2,1765.58,4.14
2025-04-07,Riyadh-Hub,Van,447,90.1,33.4,1953.25,3.81
2025-04-07,Riyadh-Hub,Truck,132,90.1,47.5,1029.34,4.29
2025-04-07,Jeddah-Hub,Motorbike,558,84.9,20.2,1232.68,3.7
2025-04-07,Jeddah-Hub,Van,362,84.9,46.0,1574.88,4.11
2025-04-07,Jeddah-Hub,Truck,103,84.9,55.5,772.22,3.91
2025-04-07,Dammam-Hub,Motorbike,334,95.7,25.8,701.53,4.15
2025-04-07,Dammam-Hub,Van,213,95.7,34.1,938.72,4.16
2025-04-07,Dammam-Hub,Truck,65,95.7,58.5,490.53,4.16
2025-04-07,Makkah-Hub,Motorbike,390,81.1,25.6,865.73,4.32
2025-04-07,Makkah-Hub,Van,249,81.1,35.5,1062.74,3.79
2025-04-07,Makkah-Hub,Truck,80,81.1,40.5,628.96,3.21
2025-04-07,Madinah-Hub,Motorbike,308,81.1,37.4,689.12,3.65
2025-04-07,Madinah-Hub,Van,187,81.1,44.6,836.28,4.03
2025-04-07,Madinah-Hub,Truck,53,81.1,58.2,417.04,4.0
2025-04-08,Riyadh-Hub,Motorbike,765,91.0,25.0,1693.23,4.15
2025-04-08,Riyadh-Hub,Van,466,91.0,35.6,2058.6,4.02
2025-04-08,Riyadh-Hub,Truck,147,91.0,44.4,1206.23,4.43
2025-04-08,Jeddah-Hub,Motorbike,590,94.2,31.2,1255.12,4.47
2025-04-08,Jeddah-Hub,Van,385,94.2,31.7,1677.36,4.33
2025-04-08,Jeddah-Hub,Truck,100,94.2,47.2,771.18,4.31
2025-04-08,Dammam-Hub,Motorbike,323,93.6,19.8,714.51,4.32
2025-04-08,Dammam-Hub,Van,207,93.6,35.0,929.33,4.67
2025-04-08,Dammam-Hub,Truck,58,93.6,60.3,462.85,4.56
2025-04-08,Makkah-Hub,Motorbike,406,84.0,35.0,911.59,3.98
2025-04-08,Makkah-Hub,Van,257,84.0,39.1,1164.75,4.07
2025-04-08,Makkah-Hub,Truck,75,84.0,45.1,597.22,4.28
2025-04-08,Madinah-Hub,Motorbike,310,89.1,19.1,705.75,3.72
2025-04-08,Madinah-Hub,Van,180,89.1,33.4,819.54,3.74
2025-04-08,Madinah-Hub,Truck,50,89.1,43.7,394.2,4.02
2025-04-09,Riyadh-Hub,Motorbike,766,94.4,29.9,1657.62,4.02
2025-04-09,Riyadh-Hub,Van,513,94.4,29.4,2176.17,3.82
2025-04-09,Riyadh-Hub,Truck,130,94.4,46.0,1058.47,4.08
2025-04-09,Jeddah-Hub,Motorbike,643,91.1,24.1,1474.44,3.95
2025-04-09,Jeddah-Hub,Van,412,91.1,35.6,1866.59,4.38
2025-04-09,Jeddah-Hub,Truck,120,91.1,50.6,969.38,3.9
2025-04-09,Dammam-Hub,Motorbike,364,95.5,28.7,812.51,4.19
2025-04-09,Dammam-Hub,Van,203,95.5,32.3,882.59,4.18
2025-04-09,Dammam-Hub,Truck,67,95.5,47.1,543.78,4.43
2025-04-09,Makkah-Hub,Motorbike,408,86.7,28.4,862.98,3.77
2025-04-09,Makkah-Hub,Van,259,86.7,44.3,1118.91,4.22
2025-04-09,Makkah-Hub,Truck,79,86.7,59.9,624.43,3.9
2025-04-09,Madinah-Hub,Motorbike,267,94.4,23.6,582.23,3.83
2025-04-09,Madinah-Hub,Van,186,94.4,33.8,836.26,3.97
2025-04-09,Madinah-Hub,Truck,50,94.4,55.2,406.73,4.07
2025-04-10,Riyadh-Hub,Motorbike,676,89.2,22.7,1561.88,4.64
2025-04-10,Riyadh-Hub,Van,441,89.2,33.6,1991.9,4.05
2025-04-10,Riyadh-Hub,Truck,139,89.2,55.0,1126.44,4.11
2025-04-10,Jeddah-Hub,Motorbike,590,84.4,29.2,1292.4,3.84
2025-04-10,Jeddah-Hub,Van,417,84.4,34.2,1783.06,3.43
2025-04-10,Jeddah-Hub,Truck,104,84.4,50.6,848.28,3.96
2025-04-10,Dammam-Hub,Motorbike,331,91.0,35.7,768.7,4.36
2025-04-10,Dammam-Hub,Van,237,91.0,33.6,1094.58,4.12
2025-04-10,Dammam-Hub,Truck,58,91.0,44.9,467.44,4.27
2025-04-10,Makkah-Hub,Motorbike,428,83.0,33.4,935.28,4.38
2025-04-10,Makkah-Hub,Van,257,83.0,36.0,1169.08,4.0
2025-04-10,Makkah-Hub,Truck,75,83.0,51.9,604.99,4.33
2025-04-10,Madinah-Hub,Motorbike,266,89.6,32.1,583.25,3.65
2025-04-10,Madinah-Hub,Van,189,89.6,37.7,857.17,4.16
2025-04-10,Madinah-Hub,Truck,49,89.6,51.6,382.16,4.29
2025-04-11,Riyadh-Hub,Motorbike,549,91.2,17.6,1181.65,4.32
2025-04-11,Riyadh-Hub,Van,379,91.2,30.3,1756.97,4.16
2025-04-11,Riyadh-Hub,Truck,109,91.2,38.9,876.52,4.58
2025-04-11,Jeddah-Hub,Motorbike,452,85.7,27.1,961.61,3.83
2025-04-11,Jeddah-Hub,Van,300,85.7,35.6,1383.27,3.93
2025-04-11,Jeddah-Hub,Truck,85,85.7,47.7,689.85,4.08
2025-04-11,Dammam-Hub,Motorbike,247,98.3,18.8,562.31,3.98
2025-04-11,Dammam-Hub,Van,189,98.3,31.8,836.59,4.06
2025-04-11,Dammam-Hub,Truck,53,98.3,45.9,396.99,3.99
2025-04-11,Makkah-Hub,Motorbike,326,87.3,32.9,702.64,4.1
2025-04-11,Makkah-Hub,Van,232,87.3,35.7,1076.92,4.57
2025-04-11,Makkah-Hub,Truck,60,87.3,56.7,483.58,4.33
2025-04-11,Madinah-Hub,Motorbike,225,87.0,27.3,508.47,4.1
2025-04-11,Madinah-Hub,Van,134,87.0,38.9,608.83,4.4
2025-04-11,Madinah-Hub,Truck,41,87.0,57.9,327.93,4.03
2025-04-12,Riyadh-Hub,Motorbike,721,93.0,24.6,1611.49,3.73
2025-04-12,Riyadh-Hub,Van,440,93.0,32.9,1971.01,4.11
2025-04-12,Riyadh-Hub,Truck,133,93.0,42.5,1087.59,3.9
2025-04-12,Jeddah-Hub,Motorbike,582,82.0,24.6,1330.88,3.89
2025-04-12,Jeddah-Hub,Van,417,82.0,37.3,1761.16,3.98
2025-04-12,Jeddah-Hub,Truck,105,82.0,54.3,801.75,3.79
2025-04-12,Dammam-Hub,Motorbike,347,91.4,25.5,795.25,4.31
2025-04-12,Dammam-Hub,Van,208,91.4,33.9,925.47,4.56
2025-04-12,Dammam-Hub,Truck,61,91.4,46.8,485.49,3.96
2025-04-12,Makkah-Hub,Motorbike,395,79.9,30.8,903.98,4.23
2025-04-12,Makkah-Hub,Van,259,79.9,48.3,1128.41,4.14
2025-04-12,Makkah-Hub,Truck,83,79.9,45.1,641.12,3.27
2025-04-12,Madinah-Hub,Motorbike,268,87.7,25.7,620.26,4.6
2025-04-12,Madinah-Hub,Van,169,87.7,23.6,715.9,4.33
2025-04-12,Madinah-Hub,Truck,51,87.7,49.2,388.22,4.15
2025-04-13,Riyadh-Hub,Motorbike,793,92.8,27.3,1680.39,3.65
2025-04-13,Riyadh-Hub,Van,488,92.8,29.9,2065.52,4.31
2025-04-13,Riyadh-Hub,Truck,121,92.8,53.2,940.11,3.49
2025-04-13,Jeddah-Hub,Motorbike,587,88.7,29.2,1308.37,4.25
2025-04-13,Jeddah-Hub,Van,377,88.7,34.5,1604.25,3.79
2025-04-13,Jeddah-Hub,Truck,115,88.7,54.4,931.22,3.92
2025-04-13,Dammam-Hub,Motorbike,354,89.4,25.2,747.13,3.95
2025-04-13,Dammam-Hub,Van,206,89.4,30.5,905.3,3.28
2025-04-13,Dammam-Hub,Truck,63,89.4,50.1,513.67,4.24
2025-04-13,Makkah-Hub,Motorbike,434,84.8,27.0,927.57,3.92
2025-04-13,Makkah-Hub,Van,248,84.8,36.7,1139.86,4.32
2025-04-13,Makkah-Hub,Truck,83,84.8,44.0,629.08,4.07
2025-04-13,Madinah-Hub,Motorbike,306,92.0,32.1,698.94,4.36
2025-04-13,Madinah-Hub,Van,197,92.0,33.4,860.37,4.08
2025-04-13,Madinah-Hub,Truck,50,92.0,48.2,387.99,4.49
2025-04-14,Riyadh-Hub,Motorbike,680,97.0,27.3,1433.25,4.2
2025-04-14,Riyadh-Hub,Van,512,97.0,36.8,2172.32,4.11
2025-04-14,Riyadh-Hub,Truck,122,97.0,49.1,991.05,3.95
2025-04-14,Jeddah-Hub,Motorbike,659,94.2,17.9,1446.89,4.26
2025-04-14,Jeddah-Hub,Van,404,94.2,28.3,1730.31,4.37
2025-04-14,Jeddah-Hub,Truck,110,94.2,42.9,879.38,4.45
2025-04-14,Dammam-Hub,Motorbike,342,97.9,28.4,753.16,4.56
2025-04-14,Dammam-Hub,Van,220,97.9,41.2,993.23,3.92
2025-04-14,Dammam-Hub,Truck,66,97.9,43.7,496.09,4.46
2025-04-14,Makkah-Hub,Motorbike,439,82.2,29.6,952.67,3.8
2025-04-14,Makkah-Hub,Van,258,82.2,33.8,1126.25,3.92
2025-04-14,Makkah-Hub,Truck,77,82.2,55.0,594.07,3.89
2025-04-14,Madinah-Hub,Motorbike,314,93.1,19.2,709.52,4.17
2025-04-14,Madinah-Hub,Van,200,93.1,24.8,845.79,3.88
2025-04-14,Madinah-Hub,Truck,54,93.1,47.1,404.96,3.99
2025-04-15,Riyadh-Hub,Motorbike,671,87.8,24.8,1429.55,3.83
2025-04-15,Riyadh-Hub,Van,482,87.8,34.7,2220.87,4.02
2025-04-15,Riyadh-Hub,Truck,147,87.8,41.2,1149.5,4.3
2025-04-15,Jeddah-Hub,Motorbike,591,85.3,31.3,1373.45,3.97
2025-04-15,Jeddah-Hub,Van,395,85.3,34.2,1699.98,3.81
2025-04-15,Jeddah-Hub,Truck,112,85.3,49.2,851.18,4.53
2025-04-15,Dammam-Hub,Motorbike,341,91.5,33.1,746.46,4.15
2025-04-15,Dammam-Hub,Van,202,91.5,35.9,925.97,3.99
2025-04-15,Dammam-Hub,Truck,58,91.5,51.1,448.69,4.19
2025-04-15,Makkah-Hub,Motorbike,463,83.0,31.5,1078.17,4.08
2025-04-15,Makkah-Hub,Van,266,83.0,35.4,1176.4,3.69
2025-04-15,Makkah-Hub,Truck,72,83.0,56.1,550.53,3.45
2025-04-15,Madinah-Hub,Motorbike,277,88.3,25.7,588.39,3.98
2025-04-15,Madinah-Hub,Van,182,88.3,37.0,820.87,4.18
2025-04-15,Madinah-Hub,Truck,51,88.3,52.8,405.24,4.15
2025-04-16,Riyadh-Hub,Motorbike,786,92.6,21.2,1705.66,4.55
2025-04-16,Riyadh-Hub,Van,481,92.6,39.8,2049.14,3.95
2025-04-16,Riyadh-Hub,Truck,140,92.6,45.9,1109.84,4.02
2025-04-16,Jeddah-Hub,Motorbike,591,91.6,31.2,1304.16,3.3
2025-04-16,Jeddah-Hub,Van,358,91.6,21.7,1573.44,4.08
2025-04-16,Jeddah-Hub,Truck,106,91.6,49.2,845.89,3.41
2025-04-16,Dammam-Hub,Motorbike,331,92.1,22.8,710.54,4.06
2025-04-16,Dammam-Hub,Van,226,92.1,37.4,1021.48,3.98
2025-04-16,Dammam-Hub,Truck,62,92.1,50.2,505.01,3.98
2025-04-16,Makkah-Hub,Motorbike,402,84.0,28.2,854.88,4.12
2025-04-16,Makkah-Hub,Van,287,84.0,38.6,1255.67,3.99
2025-04-16,Makkah-Hub,Truck,75,84.0,51.1,599.93,3.86
2025-04-16,Madinah-Hub,Motorbike,272,88.6,24.8,615.66,3.54
2025-04-16,Madinah-Hub,Van,181,88.6,32.2,786.04,4.22
2025-04-16,Madinah-Hub,Truck,50,88.6,53.1,381.55,4.65
2025-04-17,Riyadh-Hub,Motorbike,723,92.5,19.6,1584.23,4.23
2025-04-17,Riyadh-Hub,Van,501,92.5,32.1,2286.29,3.72
2025-04-17,Riyadh-Hub,Truck,134,92.5,49.9,1109.62,4.08
2025-04-17,Jeddah-Hub,Motorbike,638,88.8,33.0,1452.81,3.67
2025-04-17,Jeddah-Hub,Van,422,88.8,30.7,1915.42,4.09
2025-04-17,Jeddah-Hub,Truck,102,88.8,51.4,777.12,3.87
2025-04-17,Dammam-Hub,Motorbike,341,91.6,22.1,783.8,3.71
2025-04-17,Dammam-Hub,Van,207,91.6,31.2,934.69,3.98
2025-04-17,Dammam-Hub,Truck,64,91.6,42.7,503.28,4.05
2025-04-17,Makkah-Hub,Motorbike,433,82.4,23.2,942.1,4.34
2025-04-17,Makkah-Hub,Van,263,82.4,35.7,1186.9,4.1
2025-04-17,Makkah-Hub,Truck,81,82.4,44.9,661.24,4.22
2025-04-17,Madinah-Hub,Motorbike,267,91.1,26.4,613.73,3.75
2025-04-17,Madinah-Hub,Van,185,91.1,40.3,839.95,4.21
2025-04-17,Madinah-Hub,Truck,49,91.1,47.5,391.77,4.44
2025-04-18,Riyadh-Hub,Motorbike,553,86.6,27.2,1279.29,3.76
2025-04-18,Riyadh-Hub,Van,414,86.6,30.4,1841.07,4.24
2025-04-18,Riyadh-Hub,Truck,109,86.6,54.7,888.83,4.05
2025-04-18,Jeddah-Hub,Motorbike,460,88.9,26.5,974.34,4.01
2025-04-18,Jeddah-Hub,Van,280,88.9,40.3,1269.57,4.01
2025-04-18,Jeddah-Hub,Truck,93,88.9,46.7,701.12,4.56
2025-04-18,Dammam-Hub,Motorbike,298,93.5,26.2,669.51,4.34
2025-04-18,Dammam-Hub,Van,170,93.5,35.0,785.76,4.11
2025-04-18,Dammam-Hub,Truck,54,93.5,42.7,426.16,3.55
2025-04-18,Makkah-Hub,Motorbike,348,90.1,39.0,739.51,3.77
2025-04-18,Makkah-Hub,Van,201,90.1,36.3,874.11,3.83
2025-04-18,Makkah-Hub,Truck,62,90.1,54.0,479.64,4.83
2025-04-18,Madinah-Hub,Motorbike,211,90.3,26.6,445.98,4.2
2025-04-18,Madinah-Hub,Van,158,90.3,26.8,714.87,3.91
2025-04-18,Madinah-Hub,Truck,43,90.3,43.4,337.36,4.37
2025-04-19,Riyadh-Hub,Motorbike,791,93.4,35.3,1737.06,4.5
2025-04-19,Riyadh-Hub,Van,507,93.4,36.6,2259.84,3.69
2025-04-19,Riyadh-Hub,Truck,122,93.4,49.5,960.56,4.35
2025-04-19,Jeddah-Hub,Motorbike,555,85.7,26.8,1238.41,4.01
2025-04-19,Jeddah-Hub,Van,366,85.7,38.5,1573.04,3.55
2025-04-19,Jeddah-Hub,Truck,111,85.7,48.6,865.66,4.37
2025-04-19,Dammam-Hub,Motorbike,320,95.9,21.7,684.46,4.65
2025-04-19,Dammam-Hub,Van,219,95.9,28.3,927.48,4.44
2025-04-19,Dammam-Hub,Truck,58,95.9,54.0,437.25,4.3
2025-04-19,Makkah-Hub,Motorbike,400,88.2,27.9,922.21,4.33
2025-04-19,Makkah-Hub,Van,259,88.2,36.3,1173.8,3.95
2025-04-19,Makkah-Hub,Truck,81,88.2,57.0,619.53,4.3
2025-04-19,Madinah-Hub,Motorbike,290,86.0,20.9,664.01,4.13
2025-04-19,Madinah-Hub,Van,168,86.0,39.2,745.26,4.14
2025-04-19,Madinah-Hub,Truck,47,86.0,45.0,373.96,4.18
2025-04-20,Riyadh-Hub,Motorbike,764,86.4,35.6,1751.62,4.09
2025-04-20,Riyadh-Hub,Van,427,86.4,41.9,1821.47,4.21
2025-04-20,Riyadh-Hub,Truck,130,86.4,50.1,1007.79,4.55
2025-04-20,Jeddah-Hub,Motorbike,615,90.4,24.0,1420.54,3.89
2025-04-20,Jeddah-Hub,Van,409,90.4,36.4,1741.84,3.98
2025-04-20,Jeddah-Hub,Truck,101,90.4,52.3,829.5,4.22
2025-04-20,Dammam-Hub,Motorbike,314,92.0,20.4,679.71,4.17
2025-04-20,Dammam-Hub,Van,235,92.0,28.3,1087.3,3.95
2025-04-20,Dammam-Hub,Truck,59,92.0,43.7,473.24,4.02
2025-04-20,Makkah-Hub,Motorbike,420,83.8,21.4,963.06,3.95
2025-04-20,Makkah-Hub,Van,263,83.8,33.3,1138.42,3.99
2025-04-20,Makkah-Hub,Truck,79,83.8,38.7,654.9,4.32
2025-04-20,Madinah-Hub,Motorbike,303,89.6,26.2,648.69,3.69
2025-04-20,Madinah-Hub,Van,170,89.6,25.1,777.11,4.13
2025-04-20,Madinah-Hub,Truck,53,89.6,49.7,427.81,4.49
2025-04-21,Riyadh-Hub,Motorbike,764,90.1,26.0,1688.69,4.08
2025-04-21,Riyadh-Hub,Van,476,90.1,33.0,2086.49,3.84
2025-04-21,Riyadh-Hub,Truck,146,90.1,41.5,1202.64,4.58
2025-04-21,Jeddah-Hub,Motorbike,591,87.8,25.5,1288.19,4.16
2025-04-21,Jeddah-Hub,Van,397,87.8,34.1,1765.43,4.54
2025-04-21,Jeddah-Hub,Truck,113,87.8,45.0,932.97,4.51
2025-04-21,Dammam-Hub,Motorbike,372,92.8,24.7,787.04,4.29
2025-04-21,Dammam-Hub,Van,203,92.8,23.4,862.36,4.38
2025-04-21,Dammam-Hub,Truck,67,92.8,44.8,516.55,4.46
2025-04-21,Makkah-Hub,Motorbike,428,87.8,24.8,914.57,4.2
2025-04-21,Makkah-Hub,Van,263,87.8,32.4,1123.61,4.27
2025-04-21,Makkah-Hub,Truck,76,87.8,51.0,624.37,3.74
2025-04-21,Madinah-Hub,Motorbike,268,92.6,14.6,602.39,3.51
2025-04-21,Madinah-Hub,Van,177,92.6,28.4,755.21,4.1
2025-04-21,Madinah-Hub,Truck,52,92.6,59.8,415.32,4.12
2025-04-22,Riyadh-Hub,Motorbike,703,91.9,26.9,1557.42,3.93
2025-04-22,Riyadh-Hub,Van,441,91.9,30.7,1987.14,4.45
2025-04-22,Riyadh-Hub,Truck,147,91.9,54.9,1140.18,4.52
2025-04-22,Jeddah-Hub,Motorbike,590,85.6,29.6,1307.82,3.64
2025-04-22,Jeddah-Hub,Van,411,85.6,39.1,1816.97,3.99
2025-04-22,Jeddah-Hub,Truck,119,85.6,48.7,939.77,4.19
2025-04-22,Dammam-Hub,Motorbike,352,98.7,26.0,783.61,3.99
2025-04-22,Dammam-Hub,Van,203,98.7,28.7,900.09,3.58
2025-04-22,Dammam-Hub,Truck,65,98.7,58.6,507.38,4.5
2025-04-22,Makkah-Hub,Motorbike,422,86.2,31.3,960.29,3.68
2025-04-22,Makkah-Hub,Van,292,86.2,34.0,1331.43,3.68
2025-04-22,Makkah-Hub,Truck,83,86.2,59.3,658.37,3.55
2025-04-22,Madinah-Hub,Motorbike,283,89.0,32.7,636.86,3.45
2025-04-22,Madinah-Hub,Van,184,89.0,36.0,852.98,4.59
2025-04-22,Madinah-Hub,Truck,55,89.0,49.9,445.67,4.43
2025-04-23,Riyadh-Hub,Motorbike,792,91.3,34.7,1804.13,4.18
2025-04-23,Riyadh-Hub,Van,458,91.3,38.2,1977.6,4.5
2025-04-23,Riyadh-Hub,Truck,124,91.3,44.5,1027.12,3.69
2025-04-23,Jeddah-Hub,Motorbike,592,83.7,26.9,1327.25,3.42
2025-04-23,Jeddah-Hub,Van,391,83.7,35.6,1807.55,4.11
2025-04-23,Jeddah-Hub,Truck,99,83.7,45.3,796.97,4.36
2025-04-23,Dammam-Hub,Motorbike,330,95.7,26.7,740.91,4.2
2025-04-23,Dammam-Hub,Van,211,95.7,32.2,947.31,3.88
2025-04-23,Dammam-Hub,Truck,55,95.7,41.1,434.17,3.74
2025-04-23,Makkah-Hub,Motorbike,428,83.9,25.6,927.81,4.15
2025-04-23,Makkah-Hub,Van,259,83.9,26.4,1125.17,4.01
2025-04-23,Makkah-Hub,Truck,78,83.9,52.7,593.08,4.12
2025-04-23,Madinah-Hub,Motorbike,305,92.4,23.5,652.22,4.47
2025-04-23,Madinah-Hub,Van,182,92.4,36.2,790.38,4.47
2025-04-23,Madinah-Hub,Truck,56,92.4,44.3,439.35,4.51
2025-04-24,Riyadh-Hub,Motorbike,687,88.4,29.5,1573.15,3.48
2025-04-24,Riyadh-Hub,Van,498,88.4,33.5,2133.62,4.04
2025-04-24,Riyadh-Hub,Truck,136,88.4,49.3,1102.84,4.44
2025-04-24,Jeddah-Hub,Motorbike,577,87.8,30.1,1330.68,3.68
2025-04-24,Jeddah-Hub,Van,349,87.8,36.5,1477.4,4.41
2025-04-24,Jeddah-Hub,Truck,107,87.8,51.2,857.49,4.14
2025-04-24,Dammam-Hub,Motorbike,310,94.6,34.2,672.13,4.49
2025-04-24,Dammam-Hub,Van,223,94.6,28.2,1011.16,4.41
2025-04-24,Dammam-Hub,Truck,67,94.6,54.2,551.04,4.32
2025-04-24,Makkah-Hub,Motorbike,390,86.3,33.2,841.07,3.81
2025-04-24,Makkah-Hub,Van,261,86.3,31.6,1146.85,3.75
2025-04-24,Makkah-Hub,Truck,84,86.3,42.6,668.51,4.07
2025-04-24,Madinah-Hub,Motorbike,299,88.8,24.8,693.84,4.35
2025-04-24,Madinah-Hub,Van,164,88.8,38.3,760.68,4.06
2025-04-24,Madinah-Hub,Truck,57,88.8,55.8,450.11,4.02
2025-04-25,Riyadh-Hub,Motorbike,646,93.4,32.7,1468.34,3.64
2025-04-25,Riyadh-Hub,Van,362,93.4,34.4,1641.77,4.36
2025-04-25,Riyadh-Hub,Truck,108,93.4,51.8,885.58,4.24
2025-04-25,Jeddah-Hub,Motorbike,453,88.8,21.1,981.17,3.75
2025-04-25,Jeddah-Hub,Van,290,88.8,34.4,1278.49,4.02
2025-04-25,Jeddah-Hub,Truck,92,88.8,57.8,720.52,3.86
2025-04-25,Dammam-Hub,Motorbike,293,97.8,23.2,681.98,4.47
2025-04-25,Dammam-Hub,Van,161,97.8,33.7,743.51,4.41
2025-04-25,Dammam-Hub,Truck,45,97.8,47.5,358.42,4.25
2025-04-25,Makkah-Hub,Motorbike,342,83.9,24.7,770.38,3.18
2025-04-25,Makkah-Hub,Van,239,83.9,35.2,1019.07,4.08
2025-04-25,Makkah-Hub,Truck,63,83.9,54.5,512.39,4.01
2025-04-25,Madinah-Hub,Motorbike,237,86.7,21.7,521.91,3.96
2025-04-25,Madinah-Hub,Van,159,86.7,37.4,700.06,4.75
2025-04-25,Madinah-Hub,Truck,41,86.7,59.3,335.45,3.53
2025-04-26,Riyadh-Hub,Motorbike,797,90.2,32.8,1705.28,3.99
2025-04-26,Riyadh-Hub,Van,469,90.2,39.1,2068.37,4.24
2025-04-26,Riyadh-Hub,Truck,130,90.2,55.3,1010.21,3.71
2025-04-26,Jeddah-Hub,Motorbike,638,86.2,37.8,1430.62,3.47
2025-04-26,Jeddah-Hub,Van,384,86.2,32.4,1761.75,3.98
2025-04-26,Jeddah-Hub,Truck,116,86.2,48.6,961.67,4.02
2025-04-26,Dammam-Hub,Motorbike,320,93.1,20.7,738.68,4.52
2025-04-26,Dammam-Hub,Van,206,93.1,23.5,926.58,3.64
2025-04-26,Dammam-Hub,Truck,56,93.1,40.7,437.83,3.9
2025-04-26,Makkah-Hub,Motorbike,439,82.2,26.4,1018.49,3.79
2025-04-26,Makkah-Hub,Van,275,82.2,40.4,1224.79,3.76
2025-04-26,Makkah-Hub,Truck,77,82.2,55.4,592.1,3.84
2025-04-26,Madinah-Hub,Motorbike,265,91.1,19.8,603.95,4.26
2025-04-26,Madinah-Hub,Van,183,91.1,39.1,795.58,3.72
2025-04-26,Madinah-Hub,Truck,55,91.1,52.6,453.2,3.99
2025-04-27,Riyadh-Hub,Motorbike,791,93.1,22.1,1715.4,4.47
2025-04-27,Riyadh-Hub,Van,499,93.1,32.6,2189.28,3.93
2025-04-27,Riyadh-Hub,Truck,140,93.1,44.9,1097.11,3.76
2025-04-27,Jeddah-Hub,Motorbike,598,89.9,24.4,1357.91,3.92
2025-04-27,Jeddah-Hub,Van,353,89.9,32.5,1636.86,3.72
2025-04-27,Jeddah-Hub,Truck,101,89.9,49.6,767.1,4.18
2025-04-27,Dammam-Hub,Motorbike,355,91.9,19.4,777.72,4.35
2025-04-27,Dammam-Hub,Van,235,91.9,46.0,1039.13,4.31
2025-04-27,Dammam-Hub,Truck,58,91.9,48.7,480.37,4.14
2025-04-27,Makkah-Hub,Motorbike,402,86.2,30.2,899.79,3.99
2025-04-27,Makkah-Hub,Van,252,86.2,31.1,1116.46,3.83
2025-04-27,Makkah-Hub,Truck,78,86.2,53.7,621.86,4.73
2025-04-27,Madinah-Hub,Motorbike,287,91.6,27.5,668.75,3.86
2025-04-27,Madinah-Hub,Van,195,91.6,39.5,849.27,4.55
2025-04-27,Madinah-Hub,Truck,53,91.6,46.0,438.94,3.72
2025-04-28,Riyadh-Hub,Motorbike,720,92.6,17.1,1612.49,4.12
2025-04-28,Riyadh-Hub,Van,506,92.6,23.3,2339.24,4.29
2025-04-28,Riyadh-Hub,Truck,147,92.6,47.4,1170.4,4.98
2025-04-28,Jeddah-Hub,Motorbike,612,86.0,38.7,1358.69,3.78
2025-04-28,Jeddah-Hub,Van,411,86.0,32.3,1920.72,4.16
2025-04-28,Jeddah-Hub,Truck,119,86.0,40.8,899.93,4.23
2025-04-28,Dammam-Hub,Motorbike,362,94.7,33.6,788.83,4.24
2025-04-28,Dammam-Hub,Van,199,94.7,25.3,929.7,4.16
2025-04-28,Dammam-Hub,Truck,62,94.7,48.5,494.26,4.37
2025-04-28,Makkah-Hub,Motorbike,431,84.8,29.1,987.9,3.8
2025-04-28,Makkah-Hub,Van,257,84.8,37.7,1176.95,4.12
2025-04-28,Makkah-Hub,Truck,81,84.8,53.7,619.18,4.05
2025-04-28,Madinah-Hub,Motorbike,281,88.6,26.3,626.22,4.26
2025-04-28,Madinah-Hub,Van,173,88.6,31.4,748.36,3.81
2025-04-28,Madinah-Hub,Truck,49,88.6,47.4,399.6,3.75
2025-04-29,Riyadh-Hub,Motorbike,735,91.7,19.2,1633.05,4.12
2025-04-29,Riyadh-Hub,Van,431,91.7,37.2,2016.31,3.65
2025-04-29,Riyadh-Hub,Truck,138,91.7,44.6,1107.93,4.59
2025-04-29,Jeddah-Hub,Motorbike,664,85.8,28.3,1462.56,3.99
2025-04-29,Jeddah-Hub,Van,357,85.8,32.4,1585.05,4.34
2025-04-29,Jeddah-Hub,Truck,112,85.8,52.9,929.75,3.5
2025-04-29,Dammam-Hub,Motorbike,335,92.6,27.3,782.94,4.0
2025-04-29,Dammam-Hub,Van,218,92.6,35.0,1002.73,4.5
2025-04-29,Dammam-Hub,Truck,67,92.6,49.8,512.3,3.73
2025-04-29,Makkah-Hub,Motorbike,407,82.9,31.2,884.87,3.7
2025-04-29,Makkah-Hub,Van,294,82.9,35.5,1250.29,3.72
2025-04-29,Makkah-Hub,Truck,76,82.9,51.2,588.12,3.77
2025-04-29,Madinah-Hub,Motorbike,299,89.6,28.1,699.18,4.03
2025-04-29,Madinah-Hub,Van,169,89.6,32.5,737.28,3.84
2025-04-29,Madinah-Hub,Truck,51,89.6,46.7,420.7,3.93
2025-04-30,Riyadh-Hub,Motorbike,804,95.4,26.1,1873.68,4.39
2025-04-30,Riyadh-Hub,Van,451,95.4,35.7,2028.22,4.09
2025-04-30,Riyadh-Hub,Truck,123,95.4,47.0,964.71,3.91
2025-04-30,Jeddah-Hub,Motorbike,631,89.1,29.2,1463.73,4.07
2025-04-30,Jeddah-Hub,Van,384,89.1,40.2,1726.67,3.77
2025-04-30,Jeddah-Hub,Truck,109,89.1,56.4,868.57,3.8
2025-04-30,Dammam-Hub,Motorbike,338,91.0,24.1,767.27,3.38
2025-04-30,Dammam-Hub,Van,230,91.0,34.0,982.34,4.24
2025-04-30,Dammam-Hub,Truck,60,91.0,52.2,476.76,3.87
2025-04-30,Makkah-Hub,Motorbike,388,84.0,33.9,830.92,3.89
2025-04-30,Makkah-Hub,Van,258,84.0,38.3,1121.06,3.75
2025-04-30,Makkah-Hub,Truck,79,84.0,49.7,643.94,3.29
2025-04-30,Madinah-Hub,Motorbike,272,86.9,26.9,630.82,3.14
2025-04-30,Madinah-Hub,Van,192,86.9,29.6,823.42,4.08
2025-04-30,Madinah-Hub,Truck,51,86.9,56.5,386.12,3.82
2025-05-01,Riyadh-Hub,Motorbike,803,89.9,27.7,1852.96,4.1
2025-05-01,Riyadh-Hub,Van,435,89.9,35.0,1847.29,4.57
2025-05-01,Riyadh-Hub,Truck,136,89.9,47.0,1078.27,4.12
2025-05-01,Jeddah-Hub,Motorbike,577,91.2,18.6,1326.91,4.4
2025-05-01,Jeddah-Hub,Van,390,91.2,35.6,1712.46,4.59
2025-05-01,Jeddah-Hub,Truck,111,91.2,46.8,881.38,3.78
2025-05-01,Dammam-Hub,Motorbike,374,93.9,24.5,807.11,4.21
2025-05-01,Dammam-Hub,Van,214,93.9,28.6,947.8,3.86
2025-05-01,Dammam-Hub,Truck,63,93.9,47.3,493.33,4.5
2025-05-01,Makkah-Hub,Motorbike,426,54.4,36.7,944.13,3.14
2025-05-01,Makkah-Hub,Van,251,54.4,42.8,1154.64,3.38
2025-05-01,Makkah-Hub,Truck,84,54.4,50.3,643.3,3.2
2025-05-01,Madinah-Hub,Motorbike,268,89.9,27.3,582.35,3.59
2025-05-01,Madinah-Hub,Van,192,89.9,29.5,848.84,4.44
2025-05-01,Madinah-Hub,Truck,47,89.9,51.6,363.47,4.24
2025-05-02,Riyadh-Hub,Motorbike,573,91.6,26.9,1231.39,3.93
2025-05-02,Riyadh-Hub,Van,401,91.6,36.7,1850.59,3.89
2025-05-02,Riyadh-Hub,Truck,116,91.6,49.4,890.16,4.1
2025-05-02,Jeddah-Hub,Motorbike,492,88.4,29.7,1048.69,4.08
2025-05-02,Jeddah-Hub,Van,310,88.4,38.8,1430.9,4.2
2025-05-02,Jeddah-Hub,Truck,79,88.4,42.8,638.05,3.78
2025-05-02,Dammam-Hub,Motorbike,251,92.2,23.1,563.54,4.34
2025-05-02,Dammam-Hub,Van,159,92.2,37.2,713.8,4.29
2025-05-02,Dammam-Hub,Truck,52,92.2,41.9,412.72,4.53
2025-05-02,Makkah-Hub,Motorbike,353,60.4,41.0,776.55,3.82
2025-05-02,Makkah-Hub,Van,212,60.4,42.6,985.19,3.19
2025-05-02,Makkah-Hub,Truck,56,60.4,54.4,447.77,3.9
2025-05-02,Madinah-Hub,Motorbike,248,88.0,24.8,580.74,3.68
2025-05-02,Madinah-Hub,Van,132,88.0,42.3,609.05,3.92
2025-05-02,Madinah-Hub,Truck,43,88.0,51.5,335.15,3.85
2025-05-03,Riyadh-Hub,Motorbike,673,88.0,31.3,1523.89,4.32
2025-05-03,Riyadh-Hub,Van,503,88.0,31.0,2246.58,4.01
2025-05-03,Riyadh-Hub,Truck,129,88.0,50.2,1043.07,4.03
2025-05-03,Jeddah-Hub,Motorbike,665,85.8,28.4,1540.46,4.36
2025-05-03,Jeddah-Hub,Van,384,85.8,32.0,1737.62,3.94
2025-05-03,Jeddah-Hub,Truck,113,85.8,50.4,895.64,3.9
2025-05-03,Dammam-Hub,Motorbike,334,90.9,23.0,738.7,4.36
2025-05-03,Dammam-Hub,Van,201,90.9,29.1,886.19,4.14
2025-05-03,Dammam-Hub,Truck,65,90.9,40.4,511.63,4.37
2025-05-03,Makkah-Hub,Motorbike,437,54.9,42.6,992.25,3.73
2025-05-03,Makkah-Hub,Van,293,54.9,37.8,1322.25,2.84
2025-05-03,Makkah-Hub,Truck,84,54.9,53.5,643.21,2.82
2025-05-03,Madinah-Hub,Motorbike,299,88.5,20.9,670.86,4.36
2025-05-03,Madinah-Hub,Van,173,88.5,36.8,741.22,4.06
2025-05-03,Madinah-Hub,Truck,51,88.5,42.9,420.22,4.08
2025-05-04,Riyadh-Hub,Motorbike,765,90.7,23.7,1775.67,3.93
2025-05-04,Riyadh-Hub,Van,461,90.7,35.1,2100.73,4.2
2025-05-04,Riyadh-Hub,Truck,130,90.7,47.1,1050.46,3.63
2025-05-04,Jeddah-Hub,Motorbike,632,86.9,28.6,1397.16,4.06
2025-05-04,Jeddah-Hub,Van,402,86.9,31.5,1832.23,4.26
2025-05-04,Jeddah-Hub,Truck,100,86.9,47.3,782.39,4.33
2025-05-04,Dammam-Hub,Motorbike,349,86.5,26.4,747.98,4.21
2025-05-04,Dammam-Hub,Van,205,86.5,35.5,903.59,3.85
2025-05-04,Dammam-Hub,Truck,61,86.5,51.0,502.46,4.15
2025-05-04,Makkah-Hub,Motorbike,454,62.1,36.8,1049.07,3.77
2025-05-04,Makkah-Hub,Van,270,62.1,39.9,1188.92,3.01
2025-05-04,Makkah-Hub,Truck,80,62.1,54.6,653.31,3.79
2025-05-04,Madinah-Hub,Motorbike,307,88.7,20.0,663.24,4.15
2025-05-04,Madinah-Hub,Van,193,88.7,37.0,876.87,3.64
2025-05-04,Madinah-Hub,Truck,53,88.7,49.1,441.51,4.42
2025-05-05,Riyadh-Hub,Motorbike,767,87.6,21.2,1723.72,4.15
2025-05-05,Riyadh-Hub,Van,456,87.6,39.0,1992.45,3.98
2025-05-05,Riyadh-Hub,Truck,144,87.6,44.5,1190.4,4.34
2025-05-05,Jeddah-Hub,Motorbike,658,87.8,22.8,1479.66,3.57
2025-05-05,Jeddah-Hub,Van,379,87.8,27.5,1675.56,4.17
2025-05-05,Jeddah-Hub,Truck,113,87.8,51.2,941.77,3.96
2025-05-05,Dammam-Hub,Motorbike,351,91.9,29.2,758.53,4.2
2025-05-05,Dammam-Hub,Van,212,91.9,35.1,949.49,3.89
2025-05-05,Dammam-Hub,Truck,64,91.9,50.0,511.44,4.41
2025-05-05,Makkah-Hub,Motorbike,401,63.6,25.1,893.27,3.9
2025-05-05,Makkah-Hub,Van,248,63.6,36.6,1107.35,3.85
2025-05-05,Makkah-Hub,Truck,71,63.6,59.2,569.49,3.15
2025-05-05,Madinah-Hub,Motorbike,294,92.0,23.5,627.94,4.08
2025-05-05,Madinah-Hub,Van,186,92.0,31.0,838.29,4.02
2025-05-05,Madinah-Hub,Truck,53,92.0,53.4,409.28,3.87
2025-05-06,Riyadh-Hub,Motorbike,697,93.5,27.8,1620.57,4.14
2025-05-06,Riyadh-Hub,Van,478,93.5,38.7,2066.29,4.38
2025-05-06,Riyadh-Hub,Truck,123,93.5,46.3,965.77,3.86
2025-05-06,Jeddah-Hub,Motorbike,550,86.5,19.2,1248.38,4.07
2025-05-06,Jeddah-Hub,Van,399,86.5,48.2,1808.46,3.64
2025-05-06,Jeddah-Hub,Truck,119,86.5,53.0,942.41,3.58
2025-05-06,Dammam-Hub,Motorbike,345,90.2,25.2,797.48,3.58
2025-05-06,Dammam-Hub,Van,205,90.2,27.3,960.21,4.88
2025-05-06,Dammam-Hub,Truck,62,90.2,44.1,507.46,4.27
2025-05-06,Makkah-Hub,Motorbike,399,64.7,33.6,894.28,3.77
2025-05-06,Makkah-Hub,Van,283,64.7,45.0,1304.39,3.33
2025-05-06,Makkah-Hub,Truck,82,64.7,56.4,641.04,3.71
2025-05-06,Madinah-Hub,Motorbike,294,91.6,32.0,645.96,3.9
2025-05-06,Madinah-Hub,Van,198,91.6,34.6,906.34,3.74
2025-05-06,Madinah-Hub,Truck,48,91.6,51.6,391.23,3.6
2025-05-07,Riyadh-Hub,Motorbike,701,90.7,30.7,1629.72,3.78
2025-05-07,Riyadh-Hub,Van,518,90.7,39.2,2383.86,3.91
2025-05-07,Riyadh-Hub,Truck,137,90.7,53.6,1136.09,4.4
2025-05-07,Jeddah-Hub,Motorbike,567,88.2,30.0,1214.07,3.56
2025-05-07,Jeddah-Hub,Van,392,88.2,32.3,1809.07,3.81
2025-05-07,Jeddah-Hub,Truck,107,88.2,48.3,893.87,3.88
2025-05-07,Dammam-Hub,Motorbike,332,93.0,24.6,745.97,4.24
2025-05-07,Dammam-Hub,Van,234,93.0,43.8,1018.5,4.04
2025-05-07,Dammam-Hub,Truck,63,93.0,44.2,503.69,3.68
2025-05-07,Makkah-Hub,Motorbike,399,60.4,35.5,908.54,3.02
2025-05-07,Makkah-Hub,Van,291,60.4,37.1,1365.19,3.55
2025-05-07,Makkah-Hub,Truck,85,60.4,48.0,697.83,3.56
2025-05-07,Madinah-Hub,Motorbike,310,89.5,28.2,683.96,4.52
2025-05-07,Madinah-Hub,Van,177,89.5,35.6,782.27,3.83
2025-05-07,Madinah-Hub,Truck,48,89.5,52.1,377.89,4.24
2025-05-08,Riyadh-Hub,Motorbike,787,93.1,22.0,1806.55,3.91
2025-05-08,Riyadh-Hub,Van,509,93.1,26.9,2209.28,3.62
2025-05-08,Riyadh-Hub,Truck,142,93.1,56.7,1102.41,4.27
2025-05-08,Jeddah-Hub,Motorbike,563,87.8,24.3,1271.33,4.14
2025-05-08,Jeddah-Hub,Van,399,87.8,37.0,1703.87,3.89
2025-05-08,Jeddah-Hub,Truck,110,87.8,36.4,900.78,4.33
2025-05-08,Dammam-Hub,Motorbike,357,92.3,34.6,786.62,4.06
2025-05-08,Dammam-Hub,Van,227,92.3,40.2,993.83,4.15
2025-05-08,Dammam-Hub,Truck,67,92.3,52.6,515.72,4.47
2025-05-08,Makkah-Hub,Motorbike,418,58.7,40.4,952.91,3.32
2025-05-08,Makkah-Hub,Van,287,58.7,41.9,1225.84,3.19
2025-05-08,Makkah-Hub,Truck,83,58.7,56.3,678.11,3.46
2025-05-08,Madinah-Hub,Motorbike,287,93.8,26.9,642.1,4.09
2025-05-08,Madinah-Hub,Van,164,93.8,32.3,750.15,4.31
2025-05-08,Madinah-Hub,Truck,52,93.8,57.4,425.19,3.71
2025-05-09,Riyadh-Hub,Motorbike,589,90.1,20.8,1326.82,3.99
2025-05-09,Riyadh-Hub,Van,398,90.1,36.5,1834.61,3.87
2025-05-09,Riyadh-Hub,Truck,112,90.1,57.1,883.67,3.64
2025-05-09,Jeddah-Hub,Motorbike,436,86.4,23.5,978.54,3.92
2025-05-09,Jeddah-Hub,Van,308,86.4,38.5,1432.39,4.28
2025-05-09,Jeddah-Hub,Truck,89,86.4,53.7,682.87,4.1
2025-05-09,Dammam-Hub,Motorbike,257,98.4,23.9,600.57,4.36
2025-05-09,Dammam-Hub,Van,164,98.4,28.4,759.08,3.88
2025-05-09,Dammam-Hub,Truck,51,98.4,49.3,400.8,4.27
2025-05-09,Makkah-Hub,Motorbike,339,56.4,34.0,781.02,2.89
2025-05-09,Makkah-Hub,Van,223,56.4,47.5,1015.17,3.37
2025-05-09,Makkah-Hub,Truck,59,56.4,58.6,485.49,3.15
2025-05-09,Madinah-Hub,Motorbike,219,86.6,23.5,486.33,3.57
2025-05-09,Madinah-Hub,Van,138,86.6,31.0,622.7,3.39
2025-05-09,Madinah-Hub,Truck,40,86.6,50.4,323.49,3.41
2025-05-10,Riyadh-Hub,Motorbike,739,86.3,25.1,1617.78,4.01
2025-05-10,Riyadh-Hub,Van,485,86.3,36.0,2159.55,4.27
2025-05-10,Riyadh-Hub,Truck,147,86.3,49.0,1210.37,3.51
2025-05-10,Jeddah-Hub,Motorbike,572,90.1,17.9,1230.3,4.22
2025-05-10,Jeddah-Hub,Van,406,90.1,31.5,1907.02,4.0
2025-05-10,Jeddah-Hub,Truck,109,90.1,44.8,886.0,3.8
2025-05-10,Dammam-Hub,Motorbike,332,91.6,23.8,761.77,3.96
2025-05-10,Dammam-Hub,Van,238,91.6,34.0,1049.71,4.11
2025-05-10,Dammam-Hub,Truck,60,91.6,46.8,493.76,4.39
2025-05-10,Makkah-Hub,Motorbike,439,67.6,29.1,1009.26,3.54
2025-05-10,Makkah-Hub,Van,290,67.6,39.7,1267.85,3.12
2025-05-10,Makkah-Hub,Truck,75,67.6,55.4,576.49,3.63
2025-05-10,Madinah-Hub,Motorbike,292,95.6,22.4,671.07,3.91
2025-05-10,Madinah-Hub,Van,180,95.6,30.6,833.47,3.87
2025-05-10,Madinah-Hub,Truck,51,95.6,46.2,396.07,4.33
2025-05-11,Riyadh-Hub,Motorbike,784,84.3,29.7,1770.92,4.41
2025-05-11,Riyadh-Hub,Van,478,84.3,31.4,2204.68,3.85
2025-05-11,Riyadh-Hub,Truck,138,84.3,54.1,1108.42,3.65
2025-05-11,Jeddah-Hub,Motorbike,563,88.1,30.9,1203.81,3.95
2025-05-11,Jeddah-Hub,Van,420,88.1,27.9,1892.06,3.97
2025-05-11,Jeddah-Hub,Truck,105,88.1,50.3,869.09,4.25
2025-05-11,Dammam-Hub,Motorbike,317,90.6,27.5,694.41,4.14
2025-05-11,Dammam-Hub,Van,198,90.6,30.9,914.06,4.51
2025-05-11,Dammam-Hub,Truck,61,90.6,50.4,508.2,3.87
2025-05-11,Makkah-Hub,Motorbike,417,62.0,37.6,912.77,3.51
2025-05-11,Makkah-Hub,Van,247,62.0,41.1,1141.81,3.58
2025-05-11,Makkah-Hub,Truck,71,62.0,50.1,562.18,3.35
2025-05-11,Madinah-Hub,Motorbike,258,88.5,25.3,579.98,3.79
2025-05-11,Madinah-Hub,Van,175,88.5,35.0,782.71,3.85
2025-05-11,Madinah-Hub,Truck,56,88.5,48.2,438.0,3.95
2025-05-12,Riyadh-Hub,Motorbike,686,90.9,30.8,1469.62,3.87
2025-05-12,Riyadh-Hub,Van,442,90.9,33.3,1992.75,4.14
2025-05-12,Riyadh-Hub,Truck,143,90.9,44.6,1146.39,4.02
2025-05-12,Jeddah-Hub,Motorbike,570,85.6,13.3,1321.57,3.89
2025-05-12,Jeddah-Hub,Van,390,85.6,26.5,1821.24,4.2
2025-05-12,Jeddah-Hub,Truck,105,85.6,60.2,810.75,3.49
2025-05-12,Dammam-Hub,Motorbike,308,94.3,33.1,686.27,4.6
2025-05-12,Dammam-Hub,Van,208,94.3,27.6,912.82,3.67
2025-05-12,Dammam-Hub,Truck,60,94.3,49.0,466.71,3.99
2025-05-12,Makkah-Hub,Motorbike,411,64.8,34.9,937.0,3.88
2025-05-12,Makkah-Hub,Van,271,64.8,41.9,1245.44,3.9
2025-05-12,Makkah-Hub,Truck,72,64.8,56.5,551.11,3.61
2025-05-12,Madinah-Hub,Motorbike,284,87.7,28.6,647.49,3.82
2025-05-12,Madinah-Hub,Van,167,87.7,29.2,762.32,4.14
2025-05-12,Madinah-Hub,Truck,50,87.7,46.7,411.64,4.4
2025-05-13,Riyadh-Hub,Motorbike,800,86.2,29.9,1715.45,4.16
2025-05-13,Riyadh-Hub,Van,471,86.2,31.3,2174.5,3.81
2025-05-13,Riyadh-Hub,Truck,143,86.2,55.3,1095.72,4.36
2025-05-13,Jeddah-Hub,Motorbike,583,86.5,36.2,1328.17,3.73
2025-05-13,Jeddah-Hub,Van,397,86.5,41.2,1808.55,3.26
2025-05-13,Jeddah-Hub,Truck,119,86.5,50.7,996.82,4.56
2025-05-13,Dammam-Hub,Motorbike,327,96.2,20.5,770.08,4.18
2025-05-13,Dammam-Hub,Van,210,96.2,27.5,918.97,3.89
2025-05-13,Dammam-Hub,Truck,58,96.2,37.2,461.87,4.09
2025-05-13,Makkah-Hub,Motorbike,443,67.4,27.3,997.86,3.73
2025-05-13,Makkah-Hub,Van,287,67.4,46.2,1254.58,4.25
2025-05-13,Makkah-Hub,Truck,85,67.4,53.6,695.27,3.89
2025-05-13,Madinah-Hub,Motorbike,286,93.7,26.8,654.05,4.7
2025-05-13,Madinah-Hub,Van,189,93.7,31.5,870.26,3.98
2025-05-13,Madinah-Hub,Truck,57,93.7,48.3,444.18,4.04
2025-05-14,Riyadh-Hub,Motorbike,789,90.9,17.9,1727.83,4.44
2025-05-14,Riyadh-Hub,Van,458,90.9,34.7,2032.23,4.2
2025-05-14,Riyadh-Hub,Truck,146,90.9,45.7,1109.93,4.17
2025-05-14,Jeddah-Hub,Motorbike,661,90.7,26.2,1536.13,4.79
2025-05-14,Jeddah-Hub,Van,412,90.7,31.6,1788.19,4.18
2025-05-14,Jeddah-Hub,Truck,116,90.7,56.1,899.31,4.1
2025-05-14,Dammam-Hub,Motorbike,349,93.5,26.1,782.28,4.61
2025-05-14,Dammam-Hub,Van,216,93.5,30.2,929.67,4.15
2025-05-14,Dammam-Hub,Truck,56,93.5,51.9,460.92,4.19
2025-05-14,Makkah-Hub,Motorbike,399,55.7,41.7,888.55,3.55
2025-05-14,Makkah-Hub,Van,249,55.7,41.2,1079.54,3.29
2025-05-14,Makkah-Hub,Truck,73,55.7,54.4,603.96,3.39
2025-05-14,Madinah-Hub,Motorbike,276,94.3,15.5,641.62,4.38
2025-05-14,Madinah-Hub,Van,171,94.3,42.0,800.51,4.61
2025-05-14,Madinah-Hub,Truck,48,94.3,39.0,380.01,4.38
2025-05-15,Riyadh-Hub,Motorbike,775,94.4,26.1,1779.64,3.62
2025-05-15,Riyadh-Hub,Van,450,94.4,36.3,2050.55,3.93
2025-05-15,Riyadh-Hub,Truck,127,94.4,57.6,979.22,3.87
2025-05-15,Jeddah-Hub,Motorbike,568,85.1,36.8,1263.2,3.71
2025-05-15,Jeddah-Hub,Van,385,85.1,29.3,1789.59,4.26
2025-05-15,Jeddah-Hub,Truck,108,85.1,57.4,889.96,3.93
2025-05-15,Dammam-Hub,Motorbike,368,95.2,31.9,814.51,4.48
2025-05-15,Dammam-Hub,Van,214,95.2,33.6,973.31,3.9
2025-05-15,Dammam-Hub,Truck,64,95.2,40.2,534.5,4.38
2025-05-15,Makkah-Hub,Motorbike,442,66.5,27.2,1025.93,3.51
2025-05-15,Makkah-Hub,Van,247,66.5,44.1,1147.24,3.62
2025-05-15,Makkah-Hub,Truck,81,66.5,55.7,618.92,3.74
2025-05-15,Madinah-Hub,Motorbike,282,93.9,23.7,622.46,4.88
2025-05-15,Madinah-Hub,Van,195,93.9,34.6,864.28,4.39
2025-05-15,Madinah-Hub,Truck,50,93.9,52.2,383.11,3.98
2025-05-16,Riyadh-Hub,Motorbike,636,91.4,32.0,1390.32,4.01
2025-05-16,Riyadh-Hub,Van,373,91.4,24.2,1747.86,3.78
2025-05-16,Riyadh-Hub,Truck,100,91.4,47.5,831.34,4.06
2025-05-16,Jeddah-Hub,Motorbike,505,85.6,19.9,1095.83,3.95
2025-05-16,Jeddah-Hub,Van,297,85.6,28.7,1271.28,4.21
2025-05-16,Jeddah-Hub,Truck,82,85.6,52.4,641.14,4.33
2025-05-16,Dammam-Hub,Motorbike,258,93.4,31.8,597.83,4.09
2025-05-16,Dammam-Hub,Van,180,93.4,27.2,836.87,3.76
2025-05-16,Dammam-Hub,Truck,44,93.4,46.3,355.61,4.55
2025-05-16,Makkah-Hub,Motorbike,361,55.3,36.7,816.67,3.72
2025-05-16,Makkah-Hub,Van,238,55.3,43.9,1117.34,3.15
2025-05-16,Makkah-Hub,Truck,61,55.3,65.4,497.21,3.44
2025-05-16,Madinah-Hub,Motorbike,231,86.7,29.6,506.41,4.21
2025-05-16,Madinah-Hub,Van,132,86.7,29.3,620.47,4.0
2025-05-16,Madinah-Hub,Truck,38,86.7,43.4,299.09,4.14
2025-05-17,Riyadh-Hub,Motorbike,765,90.3,30.5,1686.85,4.11
2025-05-17,Riyadh-Hub,Van,427,90.3,27.8,2009.35,4.57
2025-05-17,Riyadh-Hub,Truck,133,90.3,51.5,1081.99,4.03
2025-05-17,Jeddah-Hub,Motorbike,579,88.0,28.0,1339.87,4.38
2025-05-17,Jeddah-Hub,Van,379,88.0,39.3,1638.9,4.19
2025-05-17,Jeddah-Hub,Truck,118,88.0,36.3,966.65,4.48
2025-05-17,Dammam-Hub,Motorbike,360,92.9,28.3,781.2,3.93
2025-05-17,Dammam-Hub,Van,219,92.9,27.7,976.46,4.36
2025-05-17,Dammam-Hub,Truck,58,92.9,42.1,454.17,4.12
2025-05-17,Makkah-Hub,Motorbike,430,64.4,31.0,971.0,3.41
2025-05-17,Makkah-Hub,Van,269,64.4,40.1,1162.41,3.52
2025-05-17,Makkah-Hub,Truck,77,64.4,57.0,600.99,3.37
2025-05-17,Madinah-Hub,Motorbike,285,92.6,28.4,620.94,3.85
2025-05-17,Madinah-Hub,Van,192,92.6,36.9,838.58,4.31
2025-05-17,Madinah-Hub,Truck,52,92.6,44.3,398.32,3.91
2025-05-18,Riyadh-Hub,Motorbike,708,90.6,21.7,1520.5,4.43
2025-05-18,Riyadh-Hub,Van,443,90.6,41.7,2087.04,4.11
2025-05-18,Riyadh-Hub,Truck,124,90.6,43.2,1003.59,4.02
2025-05-18,Jeddah-Hub,Motorbike,607,87.1,18.1,1418.64,3.53
2025-05-18,Jeddah-Hub,Van,372,87.1,36.2,1609.68,4.26
2025-05-18,Jeddah-Hub,Truck,119,87.1,51.4,953.01,4.4
2025-05-18,Dammam-Hub,Motorbike,361,92.8,29.9,809.79,4.01
2025-05-18,Dammam-Hub,Van,215,92.8,26.9,950.41,4.83
2025-05-18,Dammam-Hub,Truck,65,92.8,48.7,514.78,3.96
2025-05-18,Makkah-Hub,Motorbike,425,70.6,33.1,1004.27,3.54
2025-05-18,Makkah-Hub,Van,287,70.6,39.3,1336.22,3.66
2025-05-18,Makkah-Hub,Truck,74,70.6,59.0,604.2,4.21
2025-05-18,Madinah-Hub,Motorbike,283,91.0,31.9,617.87,4.28
2025-05-18,Madinah-Hub,Van,168,91.0,40.4,791.64,4.1
2025-05-18,Madinah-Hub,Truck,52,91.0,32.7,397.14,4.23
2025-05-19,Riyadh-Hub,Motorbike,695,92.6,16.5,1602.78,4.28
2025-05-19,Riyadh-Hub,Van,461,92.6,43.9,2119.69,4.08
2025-05-19,Riyadh-Hub,Truck,133,92.6,50.1,1015.27,3.73
2025-05-19,Jeddah-Hub,Motorbike,556,84.9,26.2,1260.24,3.98
2025-05-19,Jeddah-Hub,Van,417,84.9,38.3,1837.53,3.83
2025-05-19,Jeddah-Hub,Truck,113,84.9,48.8,860.79,4.02
2025-05-19,Dammam-Hub,Motorbike,318,96.3,22.4,745.22,4.17
2025-05-19,Dammam-Hub,Van,209,96.3,37.1,924.81,4.43
2025-05-19,Dammam-Hub,Truck,58,96.3,49.4,460.92,4.32
2025-05-19,Makkah-Hub,Motorbike,461,63.1,29.5,1032.5,3.69
2025-05-19,Makkah-Hub,Van,291,63.1,34.9,1311.87,3.55
2025-05-19,Makkah-Hub,Truck,76,63.1,54.7,607.28,3.72
2025-05-19,Madinah-Hub,Motorbike,287,87.4,29.8,649.66,3.86
2025-05-19,Madinah-Hub,Van,195,87.4,38.9,913.88,4.4
2025-05-19,Madinah-Hub,Truck,55,87.4,57.5,426.54,4.14
2025-05-20,Riyadh-Hub,Motorbike,744,88.3,24.1,1627.14,4.25
2025-05-20,Riyadh-Hub,Van,456,88.3,49.8,1998.45,4.03
2025-05-20,Riyadh-Hub,Truck,125,88.3,51.2,952.03,4.15
2025-05-20,Jeddah-Hub,Motorbike,578,90.2,25.6,1330.38,4.12
2025-05-20,Jeddah-Hub,Van,387,90.2,31.2,1744.3,4.02
2025-05-20,Jeddah-Hub,Truck,111,90.2,51.7,884.06,4.1
2025-05-20,Dammam-Hub,Motorbike,351,96.1,21.1,819.02,4.1
2025-05-20,Dammam-Hub,Van,207,96.1,34.8,942.12,3.75
2025-05-20,Dammam-Hub,Truck,65,96.1,41.7,520.36,4.5
2025-05-20,Makkah-Hub,Motorbike,388,60.8,40.5,914.13,3.21
2025-05-20,Makkah-Hub,Van,249,60.8,49.2,1171.7,3.48
2025-05-20,Makkah-Hub,Truck,77,60.8,54.4,646.76,3.8
2025-05-20,Madinah-Hub,Motorbike,284,87.3,19.5,615.01,3.87
2025-05-20,Madinah-Hub,Van,180,87.3,37.4,845.13,4.33
2025-05-20,Madinah-Hub,Truck,50,87.3,53.3,386.52,3.95
2025-05-21,Riyadh-Hub,Motorbike,704,89.3,30.5,1627.49,3.79
2025-05-21,Riyadh-Hub,Van,436,89.3,34.3,2056.89,4.2
2025-05-21,Riyadh-Hub,Truck,123,89.3,45.4,1032.24,4.26
2025-05-21,Jeddah-Hub,Motorbike,546,88.0,29.9,1227.45,3.97
2025-05-21,Jeddah-Hub,Van,358,88.0,31.4,1663.98,4.06
2025-05-21,Jeddah-Hub,Truck,101,88.0,47.5,843.78,4.06
2025-05-21,Dammam-Hub,Motorbike,359,94.0,34.9,838.26,4.49
2025-05-21,Dammam-Hub,Van,207,94.0,27.1,919.83,4.2
2025-05-21,Dammam-Hub,Truck,67,94.0,45.5,541.37,4.01
2025-05-21,Makkah-Hub,Motorbike,430,55.2,38.2,958.59,3.29
2025-05-21,Makkah-Hub,Van,284,55.2,43.3,1225.72,3.72
2025-05-21,Makkah-Hub,Truck,74,55.2,57.9,569.73,2.89
2025-05-21,Madinah-Hub,Motorbike,301,90.5,20.8,659.92,4.11
2025-05-21,Madinah-Hub,Van,168,90.5,43.6,719.53,3.78
2025-05-21,Madinah-Hub,Truck,55,90.5,50.1,452.59,3.45
2025-05-22,Riyadh-Hub,Motorbike,781,94.1,29.4,1818.94,4.17
2025-05-22,Riyadh-Hub,Van,479,94.1,39.5,2074.88,4.65
2025-05-22,Riyadh-Hub,Truck,137,94.1,47.9,1117.09,4.26
2025-05-22,Jeddah-Hub,Motorbike,638,99.0,23.5,1459.73,4.55
2025-05-22,Jeddah-Hub,Van,364,99.0,32.0,1616.42,4.69
2025-05-22,Jeddah-Hub,Truck,102,99.0,40.2,821.77,4.72
2025-05-22,Dammam-Hub,Motorbike,350,92.8,27.3,754.07,4.39
2025-05-22,Dammam-Hub,Van,219,92.8,32.0,981.99,3.78
2025-05-22,Dammam-Hub,Truck,62,92.8,45.1,479.26,3.98
2025-05-22,Makkah-Hub,Motorbike,391,55.1,35.0,888.73,3.17
2025-05-22,Makkah-Hub,Van,281,55.1,50.3,1226.91,3.79
2025-05-22,Makkah-Hub,Truck,79,55.1,64.3,635.36,3.11
2025-05-22,Madinah-Hub,Motorbike,262,88.5,21.9,570.15,3.81
2025-05-22,Madinah-Hub,Van,173,88.5,38.0,768.28,3.89
2025-05-22,Madinah-Hub,Truck,56,88.5,50.2,440.14,4.24
2025-05-23,Riyadh-Hub,Motorbike,583,91.8,21.1,1286.17,4.2
2025-05-23,Riyadh-Hub,Van,347,91.8,35.5,1573.03,4.73
2025-05-23,Riyadh-Hub,Truck,100,91.8,49.7,782.75,4.06
2025-05-23,Jeddah-Hub,Motorbike,437,85.4,20.5,1025.8,4.5
2025-05-23,Jeddah-Hub,Van,310,85.4,34.5,1442.68,3.68
2025-05-23,Jeddah-Hub,Truck,85,85.4,60.6,713.82,4.14
2025-05-23,Dammam-Hub,Motorbike,287,92.2,25.1,629.13,4.72
2025-05-23,Dammam-Hub,Van,174,92.2,33.0,801.6,4.34
2025-05-23,Dammam-Hub,Truck,45,92.2,44.2,350.93,4.09
2025-05-23,Makkah-Hub,Motorbike,344,53.2,35.2,779.66,3.43
2025-05-23,Makkah-Hub,Van,225,53.2,47.3,1036.83,2.95
2025-05-23,Makkah-Hub,Truck,62,53.2,48.2,511.75,2.68
2025-05-23,Madinah-Hub,Motorbike,211,90.5,30.2,464.32,4.12
2025-05-23,Madinah-Hub,Van,141,90.5,35.9,609.98,4.52
2025-05-23,Madinah-Hub,Truck,42,90.5,56.8,326.75,4.03
2025-05-24,Riyadh-Hub,Motorbike,747,92.7,31.7,1635.55,4.63
2025-05-24,Riyadh-Hub,Van,432,92.7,39.0,1908.0,4.31
2025-05-24,Riyadh-Hub,Truck,138,92.7,40.0,1084.59,3.75
2025-05-24,Jeddah-Hub,Motorbike,577,87.0,32.6,1319.28,3.86
2025-05-24,Jeddah-Hub,Van,418,87.0,38.6,1863.19,3.78
2025-05-24,Jeddah-Hub,Truck,117,87.0,48.0,948.65,4.0
2025-05-24,Dammam-Hub,Motorbike,345,93.0,33.2,805.06,3.68
2025-05-24,Dammam-Hub,Van,212,93.0,40.4,980.84,4.21
2025-05-24,Dammam-Hub,Truck,66,93.0,41.0,515.39,4.1
2025-05-24,Makkah-Hub,Motorbike,399,57.0,42.3,865.52,3.63
2025-05-24,Makkah-Hub,Van,292,57.0,37.6,1279.33,3.46
2025-05-24,Makkah-Hub,Truck,73,57.0,57.2,562.06,3.95
2025-05-24,Madinah-Hub,Motorbike,313,92.9,31.8,703.31,3.93
2025-05-24,Madinah-Hub,Van,179,92.9,20.8,809.55,4.14
2025-05-24,Madinah-Hub,Truck,53,92.9,44.4,428.69,4.32
2025-05-25,Riyadh-Hub,Motorbike,675,89.6,27.7,1528.32,4.23
2025-05-25,Riyadh-Hub,Van,427,89.6,30.9,1834.02,4.08
2025-05-25,Riyadh-Hub,Truck,131,89.6,48.5,1077.41,4.22
2025-05-25,Jeddah-Hub,Motorbike,637,91.8,40.0,1483.66,4.07
2025-05-25,Jeddah-Hub,Van,406,91.8,38.3,1751.91,4.21
2025-05-25,Jeddah-Hub,Truck,101,91.8,56.2,848.63,4.57
2025-05-25,Dammam-Hub,Motorbike,370,94.2,22.9,854.36,4.18
2025-05-25,Dammam-Hub,Van,195,94.2,24.8,916.79,4.23
2025-05-25,Dammam-Hub,Truck,67,94.2,48.9,547.34,3.68
2025-05-25,Makkah-Hub,Motorbike,471,63.5,34.4,1016.26,2.87
2025-05-25,Makkah-Hub,Van,246,63.5,43.5,1135.74,3.32
2025-05-25,Makkah-Hub,Truck,70,63.5,54.3,571.77,3.55
2025-05-25,Madinah-Hub,Motorbike,310,91.2,28.3,690.0,4.7
2025-05-25,Madinah-Hub,Van,174,91.2,35.4,789.73,3.83
2025-05-25,Madinah-Hub,Truck,47,91.2,46.8,366.04,4.03
2025-05-26,Riyadh-Hub,Motorbike,760,91.3,29.7,1653.54,4.18
2025-05-26,Riyadh-Hub,Van,483,91.3,30.4,2163.24,3.91
2025-05-26,Riyadh-Hub,Truck,135,91.3,45.6,1121.04,4.23
2025-05-26,Jeddah-Hub,Motorbike,615,87.2,27.7,1366.57,4.06
2025-05-26,Jeddah-Hub,Van,384,87.2,34.0,1652.24,4.12
2025-05-26,Jeddah-Hub,Truck,109,87.2,52.3,879.62,4.29
2025-05-26,Dammam-Hub,Motorbike,341,89.8,23.0,761.03,4.01
2025-05-26,Dammam-Hub,Van,219,89.8,38.2,1023.35,4.12
2025-05-26,Dammam-Hub,Truck,67,89.8,44.4,554.52,4.28
2025-05-26,Makkah-Hub,Motorbike,443,62.5,38.6,976.02,3.17
2025-05-26,Makkah-Hub,Van,284,62.5,42.2,1286.02,2.81
2025-05-26,Makkah-Hub,Truck,71,62.5,60.3,544.76,3.35
2025-05-26,Madinah-Hub,Motorbike,260,90.3,21.2,573.98,3.61
2025-05-26,Madinah-Hub,Van,184,90.3,36.9,796.31,3.96
2025-05-26,Madinah-Hub,Truck,53,90.3,51.7,430.87,3.82
2025-05-27,Riyadh-Hub,Motorbike,715,92.2,35.0,1690.09,3.83
2025-05-27,Riyadh-Hub,Van,439,92.2,28.3,2006.48,3.96
2025-05-27,Riyadh-Hub,Truck,126,92.2,52.9,964.63,3.85
2025-05-27,Jeddah-Hub,Motorbike,569,88.3,22.3,1312.45,4.0
2025-05-27,Jeddah-Hub,Van,363,88.3,30.3,1563.77,3.95
2025-05-27,Jeddah-Hub,Truck,105,88.3,44.9,855.58,4.2
2025-05-27,Dammam-Hub,Motorbike,360,90.2,33.5,815.37,3.9
2025-05-27,Dammam-Hub,Van,234,90.2,29.5,1062.09,4.11
2025-05-27,Dammam-Hub,Truck,67,90.2,43.4,543.35,3.63
2025-05-27,Makkah-Hub,Motorbike,419,65.0,35.1,975.15,3.85
2025-05-27,Makkah-Hub,Van,294,65.0,44.8,1380.41,3.13
2025-05-27,Makkah-Hub,Truck,71,65.0,58.6,566.87,3.91
2025-05-27,Madinah-Hub,Motorbike,308,89.4,20.1,672.34,4.42
2025-05-27,Madinah-Hub,Van,197,89.4,34.4,897.33,4.17
2025-05-27,Madinah-Hub,Truck,52,89.4,48.1,412.22,3.77
2025-05-28,Riyadh-Hub,Motorbike,709,93.0,23.7,1552.9,4.01
2025-05-28,Riyadh-Hub,Van,476,93.0,34.4,2224.95,4.2
2025-05-28,Riyadh-Hub,Truck,130,93.0,47.2,1090.63,4.46
2025-05-28,Jeddah-Hub,Motorbike,578,87.7,28.4,1363.47,4.22
2025-05-28,Jeddah-Hub,Van,354,87.7,32.1,1616.69,4.14
2025-05-28,Jeddah-Hub,Truck,106,87.7,55.9,845.11,3.73
2025-05-28,Dammam-Hub,Motorbike,349,97.1,28.2,799.92,4.12
2025-05-28,Dammam-Hub,Van,198,97.1,30.0,897.54,4.82
2025-05-28,Dammam-Hub,Truck,62,97.1,46.2,520.81,3.74
2025-05-28,Makkah-Hub,Motorbike,444,62.1,38.0,993.21,3.58
2025-05-28,Makkah-Hub,Van,260,62.1,48.8,1170.91,4.32
2025-05-28,Makkah-Hub,Truck,73,62.1,56.6,582.87,3.47
2025-05-28,Madinah-Hub,Motorbike,271,89.9,17.4,632.44,4.31
2025-05-28,Madinah-Hub,Van,181,89.9,31.6,857.25,3.86
2025-05-28,Madinah-Hub,Truck,54,89.9,44.8,434.82,3.97
2025-05-29,Riyadh-Hub,Motorbike,782,97.1,27.2,1724.5,4.14
2025-05-29,Riyadh-Hub,Van,459,97.1,27.7,2130.95,4.22
2025-05-29,Riyadh-Hub,Truck,147,97.1,41.9,1204.52,4.1
2025-05-29,Jeddah-Hub,Motorbike,636,84.4,39.7,1391.52,4.27
2025-05-29,Jeddah-Hub,Van,377,84.4,45.1,1732.29,3.45
2025-05-29,Jeddah-Hub,Truck,110,84.4,42.2,905.68,3.93
2025-05-29,Dammam-Hub,Motorbike,343,91.8,20.4,752.5,3.94
2025-05-29,Dammam-Hub,Van,196,91.8,31.0,911.48,4.92
2025-05-29,Dammam-Hub,Truck,67,91.8,52.7,537.09,4.54
2025-05-29,Makkah-Hub,Motorbike,393,59.7,43.4,900.51,3.46
2025-05-29,Makkah-Hub,Van,300,59.7,46.6,1344.28,3.55
2025-05-29,Makkah-Hub,Truck,84,59.7,60.7,674.14,4.06
2025-05-29,Madinah-Hub,Motorbike,286,88.1,29.9,652.33,3.88
2025-05-29,Madinah-Hub,Van,188,88.1,35.6,848.39,4.3
2025-05-29,Madinah-Hub,Truck,56,88.1,60.1,455.42,4.12
2025-05-30,Riyadh-Hub,Motorbike,549,96.9,20.5,1243.5,4.35
2025-05-30,Riyadh-Hub,Van,402,96.9,28.5,1794.32,4.65
2025-05-30,Riyadh-Hub,Truck,102,96.9,53.3,800.24,4.64
2025-05-30,Jeddah-Hub,Motorbike,520,87.5,26.3,1143.72,4.27
2025-05-30,Jeddah-Hub,Van,294,87.5,34.9,1283.61,3.51
2025-05-30,Jeddah-Hub,Truck,85,87.5,48.4,666.3,3.97
2025-05-30,Dammam-Hub,Motorbike,277,88.2,30.6,618.38,3.79
2025-05-30,Dammam-Hub,Van,164,88.2,33.7,747.29,3.89
2025-05-30,Dammam-Hub,Truck,48,88.2,43.9,403.29,4.28
2025-05-30,Makkah-Hub,Motorbike,368,66.9,39.1,829.45,3.53
2025-05-30,Makkah-Hub,Van,207,66.9,39.2,931.49,3.43
2025-05-30,Makkah-Hub,Truck,66,66.9,51.5,554.82,3.46
2025-05-30,Madinah-Hub,Motorbike,217,90.1,26.1,475.24,3.79
2025-05-30,Madinah-Hub,Van,138,90.1,34.8,647.31,4.1
2025-05-30,Madinah-Hub,Truck,42,90.1,46.6,324.5,4.4
2025-05-31,Riyadh-Hub,Motorbike,749,89.5,35.3,1745.39,4.15
2025-05-31,Riyadh-Hub,Van,445,89.5,31.0,2104.15,4.33
2025-05-31,Riyadh-Hub,Truck,133,89.5,48.8,1097.08,4.16
2025-05-31,Jeddah-Hub,Motorbike,559,90.2,22.9,1298.86,3.85
2025-05-31,Jeddah-Hub,Van,412,90.2,28.6,1926.49,3.93
2025-05-31,Jeddah-Hub,Truck,113,90.2,44.7,902.07,3.91
2025-05-31,Dammam-Hub,Motorbike,341,94.3,26.8,768.27,4.1
2025-05-31,Dammam-Hub,Van,227,94.3,31.4,1065.34,4.2
2025-05-31,Dammam-Hub,Truck,66,94.3,57.7,544.85,3.88
2025-05-31,Makkah-Hub,Motorbike,424,57.3,39.7,994.56,3.76
2025-05-31,Makkah-Hub,Van,252,57.3,41.3,1100.53,3.48
2025-05-31,Makkah-Hub,Truck,78,57.3,67.3,657.38,3.49
2025-05-31,Madinah-Hub,Motorbike,278,88.4,13.0,645.27,4.17
2025-05-31,Madinah-Hub,Van,168,88.4,35.1,753.53,4.45
2025-05-31,Madinah-Hub,Truck,53,88.4,55.8,427.45,3.62
2025-06-01,Riyadh-Hub,Motorbike,689,91.0,26.1,1554.6,4.28
2025-06-01,Riyadh-Hub,Van,480,91.0,31.5,2223.99,4.64
2025-06-01,Riyadh-Hub,Truck,137,91.0,55.8,1147.89,4.6
2025-06-01,Jeddah-Hub,Motorbike,546,86.9,27.5,1286.24,4.27
2025-06-01,Jeddah-Hub,Van,364,86.9,28.2,1648.96,3.9
2025-06-01,Jeddah-Hub,Truck,113,86.9,59.8,865.31,3.97
2025-06-01,Dammam-Hub,Motorbike,363,93.9,22.3,807.15,4.24
2025-06-01,Dammam-Hub,Van,227,93.9,35.7,1030.22,4.08
2025-06-01,Dammam-Hub,Truck,56,93.9,46.0,429.83,4.44
2025-06-01,Makkah-Hub,Motorbike,458,51.5,35.1,1062.89,3.59
2025-06-01,Makkah-Hub,Van,255,51.5,48.5,1181.62,2.75
2025-06-01,Makkah-Hub,Truck,78,51.5,49.9,627.89,3.0
2025-06-01,Madinah-Hub,Motorbike,294,90.7,25.7,696.43,4.11
2025-06-01,Madinah-Hub,Van,168,90.7,32.5,763.2,4.13
2025-06-01,Madinah-Hub,Truck,53,90.7,43.3,445.07,3.75
2025-06-02,Riyadh-Hub,Motorbike,773,92.7,22.2,1786.23,4.46
2025-06-02,Riyadh-Hub,Van,441,92.7,30.8,1952.92,3.9
2025-06-02,Riyadh-Hub,Truck,135,92.7,41.8,1113.97,4.09
2025-06-02,Jeddah-Hub,Motorbike,593,85.0,28.9,1408.86,3.7
2025-06-02,Jeddah-Hub,Van,374,85.0,40.3,1629.54,4.02
2025-06-02,Jeddah-Hub,Truck,103,85.0,53.9,843.63,3.59
2025-06-02,Dammam-Hub,Motorbike,343,95.7,26.3,783.28,3.55
2025-06-02,Dammam-Hub,Van,204,95.7,36.7,952.74,4.59
2025-06-02,Dammam-Hub,Truck,68,95.7,46.3,522.03,4.58
2025-06-02,Makkah-Hub,Motorbike,411,53.9,39.0,900.52,3.15
2025-06-02,Makkah-Hub,Van,246,53.9,43.1,1092.74,3.4
2025-06-02,Makkah-Hub,Truck,76,53.9,60.8,614.82,3.03
2025-06-02,Madinah-Hub,Motorbike,272,88.0,18.2,585.84,3.91
2025-06-02,Madinah-Hub,Van,180,88.0,33.0,799.11,4.39
2025-06-02,Madinah-Hub,Truck,56,88.0,42.6,470.46,4.16
2025-06-03,Riyadh-Hub,Motorbike,807,87.6,19.7,1886.97,4.16
2025-06-03,Riyadh-Hub,Van,498,87.6,38.7,2259.46,3.77
2025-06-03,Riyadh-Hub,Truck,140,87.6,61.0,1154.04,3.88
2025-06-03,Jeddah-Hub,Motorbike,628,83.4,35.7,1482.31,3.98
2025-06-03,Jeddah-Hub,Van,362,83.4,32.6,1631.92,4.25
2025-06-03,Jeddah-Hub,Truck,108,83.4,53.9,860.54,4.33
2025-06-03,Dammam-Hub,Motorbike,374,90.4,20.5,876.48,4.37
2025-06-03,Dammam-Hub,Van,208,90.4,43.0,909.63,4.48
2025-06-03,Dammam-Hub,Truck,56,90.4,46.5,441.99,3.65
2025-06-03,Makkah-Hub,Motorbike,424,66.4,31.3,940.04,3.86
2025-06-03,Makkah-Hub,Van,291,66.4,43.6,1299.94,3.47
2025-06-03,Makkah-Hub,Truck,82,66.4,52.8,642.76,3.72
2025-06-03,Madinah-Hub,Motorbike,305,93.7,26.5,706.13,4.19
2025-06-03,Madinah-Hub,Van,173,93.7,31.8,762.46,3.48
2025-06-03,Madinah-Hub,Truck,52,93.7,53.2,431.54,3.84
2025-06-04,Riyadh-Hub,Motorbike,793,95.0,29.2,1779.9,4.62
2025-06-04,Riyadh-Hub,Van,480,95.0,29.5,2161.68,4.53
2025-06-04,Riyadh-Hub,Truck,145,95.0,42.4,1112.34,3.58
2025-06-04,Jeddah-Hub,Motorbike,626,89.3,24.2,1474.97,4.45
2025-06-04,Jeddah-Hub,Van,418,89.3,33.1,1875.29,4.2
2025-06-04,Jeddah-Hub,Truck,102,89.3,44.0,859.8,4.4
2025-06-04,Dammam-Hub,Motorbike,333,93.7,30.2,751.76,4.17
2025-06-04,Dammam-Hub,Van,232,93.7,36.1,1079.45,3.96
2025-06-04,Dammam-Hub,Truck,57,93.7,36.6,473.84,4.08
2025-06-04,Makkah-Hub,Motorbike,447,56.2,38.5,1040.99,4.09
2025-06-04,Makkah-Hub,Van,257,56.2,52.1,1140.87,3.9
2025-06-04,Makkah-Hub,Truck,78,56.2,54.6,607.5,2.44
2025-06-04,Madinah-Hub,Motorbike,295,87.1,24.6,689.89,4.18
2025-06-04,Madinah-Hub,Van,184,87.1,25.9,853.0,4.27
2025-06-04,Madinah-Hub,Truck,53,87.1,48.8,430.39,4.27
2025-06-05,Riyadh-Hub,Motorbike,712,91.8,33.8,1606.86,4.16
2025-06-05,Riyadh-Hub,Van,505,91.8,35.5,2193.38,4.06
2025-06-05,Riyadh-Hub,Truck,130,91.8,41.4,1039.82,4.11
2025-06-05,Jeddah-Hub,Motorbike,652,89.8,31.9,1506.93,4.3
2025-06-05,Jeddah-Hub,Van,388,89.8,29.6,1803.28,3.7
2025-06-05,Jeddah-Hub,Truck,119,89.8,44.7,977.63,4.54
2025-06-05,Dammam-Hub,Motorbike,364,95.2,17.1,850.08,4.75
2025-06-05,Dammam-Hub,Van,200,95.2,27.8,927.12,4.57
2025-06-05,Dammam-Hub,Truck,66,95.2,45.5,521.41,3.9
2025-06-05,Makkah-Hub,Motorbike,454,63.9,29.3,1007.39,3.68
2025-06-05,Makkah-Hub,Van,288,63.9,50.0,1330.96,3.32
2025-06-05,Makkah-Hub,Truck,75,63.9,63.6,627.24,3.43
2025-06-05,Madinah-Hub,Motorbike,288,92.2,32.0,653.74,4.25
2025-06-05,Madinah-Hub,Van,199,92.2,37.6,875.65,3.79
2025-06-05,Madinah-Hub,Truck,50,92.2,53.1,412.86,4.12
2025-06-06,Riyadh-Hub,Motorbike,549,94.1,27.5,1236.1,4.79
2025-06-06,Riyadh-Hub,Van,352,94.1,34.5,1578.55,4.24
2025-06-06,Riyadh-Hub,Truck,117,94.1,48.7,976.03,4.76
2025-06-06,Jeddah-Hub,Motorbike,517,89.7,26.8,1183.09,4.26
2025-06-06,Jeddah-Hub,Van,311,89.7,42.1,1440.39,4.08
2025-06-06,Jeddah-Hub,Truck,86,89.7,50.6,665.61,4.86
2025-06-06,Dammam-Hub,Motorbike,267,91.8,30.4,633.19,3.56
2025-06-06,Dammam-Hub,Van,173,91.8,36.6,813.16,4.04
2025-06-06,Dammam-Hub,Truck,45,91.8,46.1,377.31,4.45
2025-06-06,Makkah-Hub,Motorbike,316,58.0,34.1,718.56,3.36
2025-06-06,Makkah-Hub,Van,234,58.0,45.6,1064.62,3.3
2025-06-06,Makkah-Hub,Truck,61,58.0,54.2,513.75,3.6
2025-06-06,Madinah-Hub,Motorbike,249,88.2,27.8,552.48,4.34
2025-06-06,Madinah-Hub,Van,143,88.2,38.2,661.1,4.12
2025-06-06,Madinah-Hub,Truck,45,88.2,44.2,368.74,4.02
2025-06-07,Riyadh-Hub,Motorbike,789,89.8,26.6,1762.56,4.0
2025-06-07,Riyadh-Hub,Van,425,89.8,25.4,1852.58,4.61
2025-06-07,Riyadh-Hub,Truck,127,89.8,43.4,1073.21,3.91
2025-06-07,Jeddah-Hub,Motorbike,628,84.2,20.0,1456.43,3.64
2025-06-07,Jeddah-Hub,Van,379,84.2,40.7,1732.54,3.71
2025-06-07,Jeddah-Hub,Truck,120,84.2,54.3,925.27,3.53
2025-06-07,Dammam-Hub,Motorbike,360,98.3,28.6,816.14,3.9
2025-06-07,Dammam-Hub,Van,216,98.3,29.4,1003.76,4.26
2025-06-07,Dammam-Hub,Truck,65,98.3,48.8,498.77,3.31
2025-06-07,Makkah-Hub,Motorbike,430,49.5,41.8,991.28,3.17
2025-06-07,Makkah-Hub,Van,253,49.5,43.5,1114.93,3.0
2025-06-07,Makkah-Hub,Truck,74,49.5,58.1,604.2,3.3
2025-06-07,Madinah-Hub,Motorbike,263,92.0,29.7,621.5,3.61
2025-06-07,Madinah-Hub,Van,174,92.0,39.1,807.43,4.19
2025-06-07,Madinah-Hub,Truck,48,92.0,58.1,387.29,4.72
2025-06-08,Riyadh-Hub,Motorbike,778,91.0,25.9,1851.53,4.31
2025-06-08,Riyadh-Hub,Van,494,91.0,38.3,2172.03,3.39
2025-06-08,Riyadh-Hub,Truck,141,91.0,49.7,1182.11,3.79
2025-06-08,Jeddah-Hub,Motorbike,625,86.4,35.1,1368.82,4.2
2025-06-08,Jeddah-Hub,Van,358,86.4,33.4,1703.77,4.12
2025-06-08,Jeddah-Hub,Truck,107,86.4,51.9,838.97,4.4
2025-06-08,Dammam-Hub,Motorbike,331,92.3,23.7,745.16,4.79
2025-06-08,Dammam-Hub,Van,201,92.3,27.8,917.78,4.23
2025-06-08,Dammam-Hub,Truck,57,92.3,46.3,449.96,3.6
2025-06-08,Makkah-Hub,Motorbike,425,63.0,40.0,949.03,3.86
2025-06-08,Makkah-Hub,Van,247,63.0,44.4,1166.36,3.11
2025-06-08,Makkah-Hub,Truck,71,63.0,55.9,569.22,3.59
2025-06-08,Madinah-Hub,Motorbike,259,87.0,26.1,607.64,4.91
2025-06-08,Madinah-Hub,Van,198,87.0,38.5,918.27,4.39
2025-06-08,Madinah-Hub,Truck,56,87.0,64.1,470.15,3.88
2025-06-09,Riyadh-Hub,Motorbike,781,90.4,27.9,1775.86,3.86
2025-06-09,Riyadh-Hub,Van,473,90.4,36.4,2069.41,4.28
2025-06-09,Riyadh-Hub,Truck,145,90.4,51.2,1186.02,4.69
2025-06-09,Jeddah-Hub,Motorbike,565,85.6,19.3,1220.92,3.88
2025-06-09,Jeddah-Hub,Van,386,85.6,35.9,1812.09,4.21
2025-06-09,Jeddah-Hub,Truck,119,85.6,56.3,969.49,4.02
2025-06-09,Dammam-Hub,Motorbike,339,93.6,21.9,772.46,3.75
2025-06-09,Dammam-Hub,Van,224,93.6,33.1,992.13,4.63
2025-06-09,Dammam-Hub,Truck,64,93.6,53.7,521.05,4.91
2025-06-09,Makkah-Hub,Motorbike,441,64.4,34.4,1016.64,3.69
2025-06-09,Makkah-Hub,Van,264,64.4,43.2,1173.23,3.77
2025-06-09,Makkah-Hub,Truck,74,64.4,57.8,586.65,3.86
2025-06-09,Madinah-Hub,Motorbike,294,92.1,25.7,699.76,4.68
2025-06-09,Madinah-Hub,Van,181,92.1,27.5,803.18,4.29
2025-06-09,Madinah-Hub,Truck,52,92.1,52.6,425.92,4.46
2025-06-10,Riyadh-Hub,Motorbike,810,92.0,31.8,1836.19,4.39
2025-06-10,Riyadh-Hub,Van,489,92.0,25.3,2296.06,4.35
2025-06-10,Riyadh-Hub,Truck,136,92.0,48.5,1145.88,4.41
2025-06-10,Jeddah-Hub,Motorbike,553,86.0,26.6,1282.25,4.23
2025-06-10,Jeddah-Hub,Van,348,86.0,39.5,1563.38,3.83
2025-06-10,Jeddah-Hub,Truck,110,86.0,43.6,848.47,3.4
2025-06-10,Dammam-Hub,Motorbike,364,94.9,30.1,809.21,4.53
2025-06-10,Dammam-Hub,Van,214,94.9,31.7,989.18,4.09
2025-06-10,Dammam-Hub,Truck,60,94.9,48.6,507.49,4.41
2025-06-10,Makkah-Hub,Motorbike,451,66.0,31.1,1035.85,3.4
2025-06-10,Makkah-Hub,Van,292,66.0,49.7,1303.01,3.76
2025-06-10,Makkah-Hub,Truck,77,66.0,63.8,592.16,3.92
2025-06-10,Madinah-Hub,Motorbike,307,90.4,30.8,710.76,4.29
2025-06-10,Madinah-Hub,Van,197,90.4,35.6,931.68,4.96
2025-06-10,Madinah-Hub,Truck,47,90.4,53.7,374.09,3.84
2025-06-11,Riyadh-Hub,Motorbike,784,86.3,26.7,1783.44,4.52
2025-06-11,Riyadh-Hub,Van,500,86.3,31.1,2335.25,4.16
2025-06-11,Riyadh-Hub,Truck,131,86.3,49.6,1023.66,4.15
2025-06-11,Jeddah-Hub,Motorbike,562,85.4,30.1,1271.25,4.01
2025-06-11,Jeddah-Hub,Van,385,85.4,40.6,1757.44,3.64
2025-06-11,Jeddah-Hub,Truck,100,85.4,60.4,816.38,3.64
2025-06-11,Dammam-Hub,Motorbike,330,92.4,31.2,756.08,3.96
2025-06-11,Dammam-Hub,Van,234,92.4,30.5,1039.21,4.19
2025-06-11,Dammam-Hub,Truck,64,92.4,52.7,510.21,3.42
2025-06-11,Makkah-Hub,Motorbike,456,62.5,31.7,1002.21,2.64
2025-06-11,Makkah-Hub,Van,265,62.5,51.6,1155.96,3.74
2025-06-11,Makkah-Hub,Truck,71,62.5,52.6,573.79,3.9
2025-06-11,Madinah-Hub,Motorbike,269,92.6,30.3,610.7,4.07
2025-06-11,Madinah-Hub,Van,181,92.6,31.8,822.9,4.61
2025-06-11,Madinah-Hub,Truck,51,92.6,50.6,399.71,3.89
2025-06-12,Riyadh-Hub,Motorbike,759,97.8,17.2,1786.14,4.34
2025-06-12,Riyadh-Hub,Van,483,97.8,38.6,2124.42,4.1
2025-06-12,Riyadh-Hub,Truck,139,97.8,39.6,1095.04,3.71
2025-06-12,Jeddah-Hub,Motorbike,628,87.1,22.8,1470.05,3.88
2025-06-12,Jeddah-Hub,Van,397,87.1,30.6,1764.43,4.43
2025-06-12,Jeddah-Hub,Truck,107,87.1,49.5,865.65,4.14
2025-06-12,Dammam-Hub,Motorbike,358,96.2,24.9,797.82,3.9
2025-06-12,Dammam-Hub,Van,219,96.2,35.8,969.81,4.24
2025-06-12,Dammam-Hub,Truck,67,96.2,52.9,550.14,4.57
2025-06-12,Makkah-Hub,Motorbike,418,69.2,39.6,997.02,3.42
2025-06-12,Makkah-Hub,Van,279,69.2,33.6,1313.8,3.82
2025-06-12,Makkah-Hub,Truck,81,69.2,43.6,640.41,3.76
2025-06-12,Madinah-Hub,Motorbike,308,90.2,31.3,733.54,3.99
2025-06-12,Madinah-Hub,Van,195,90.2,29.1,855.16,4.05
2025-06-12,Madinah-Hub,Truck,52,90.2,55.4,400.81,3.98
2025-06-13,Riyadh-Hub,Motorbike,617,91.6,21.8,1410.0,4.07
2025-06-13,Riyadh-Hub,Van,372,91.6,32.4,1644.87,4.34
2025-06-13,Riyadh-Hub,Truck,98,91.6,49.3,810.04,3.86
2025-06-13,Jeddah-Hub,Motorbike,468,88.1,22.7,1100.93,4.6
2025-06-13,Jeddah-Hub,Van,328,88.1,39.2,1533.32,4.1
2025-06-13,Jeddah-Hub,Truck,93,88.1,58.4,785.08,4.43
2025-06-13,Dammam-Hub,Motorbike,277,95.9,32.0,646.24,4.16
2025-06-13,Dammam-Hub,Van,183,95.9,27.8,871.72,3.82
2025-06-13,Dammam-Hub,Truck,47,95.9,48.2,381.71,4.01
2025-06-13,Makkah-Hub,Motorbike,327,58.8,38.6,756.57,2.98
2025-06-13,Makkah-Hub,Van,230,58.8,46.2,1065.97,3.36
2025-06-13,Makkah-Hub,Truck,61,58.8,62.2,510.57,3.21
2025-06-13,Madinah-Hub,Motorbike,235,94.8,21.8,524.77,4.11
2025-06-13,Madinah-Hub,Van,156,94.8,32.3,735.98,3.99
2025-06-13,Madinah-Hub,Truck,37,94.8,48.6,293.89,3.83
2025-06-14,Riyadh-Hub,Motorbike,721,93.7,32.4,1632.44,4.14
2025-06-14,Riyadh-Hub,Van,467,93.7,27.1,2050.53,4.36
2025-06-14,Riyadh-Hub,Truck,132,93.7,52.1,1064.28,4.09
2025-06-14,Jeddah-Hub,Motorbike,584,91.4,20.9,1369.36,3.96
2025-06-14,Jeddah-Hub,Van,353,91.4,40.5,1586.48,4.18
2025-06-14,Jeddah-Hub,Truck,100,91.4,52.6,776.51,4.16
2025-06-14,Dammam-Hub,Motorbike,363,91.2,18.0,856.51,4.69
2025-06-14,Dammam-Hub,Van,236,91.2,31.1,1055.53,4.14
2025-06-14,Dammam-Hub,Truck,59,91.2,54.0,485.14,4.5
2025-06-14,Makkah-Hub,Motorbike,428,53.5,44.5,1000.62,3.48
2025-06-14,Makkah-Hub,Van,287,53.5,45.6,1250.51,4.02
2025-06-14,Makkah-Hub,Truck,73,53.5,64.6,569.54,3.54
2025-06-14,Madinah-Hub,Motorbike,273,89.4,27.6,594.51,4.07
2025-06-14,Madinah-Hub,Van,171,89.4,32.0,766.43,4.08
2025-06-14,Madinah-Hub,Truck,55,89.4,40.3,449.36,4.38
2025-06-15,Riyadh-Hub,Motorbike,696,87.4,23.3,1629.46,3.59
2025-06-15,Riyadh-Hub,Van,427,87.4,31.9,1854.13,3.67
2025-06-15,Riyadh-Hub,Truck,126,87.4,49.8,984.77,4.05
2025-06-15,Jeddah-Hub,Motorbike,573,86.6,30.7,1242.39,4.17
2025-06-15,Jeddah-Hub,Van,403,86.6,32.5,1851.89,4.03
2025-06-15,Jeddah-Hub,Truck,108,86.6,45.8,856.44,3.87
2025-06-15,Dammam-Hub,Motorbike,364,92.2,27.4,842.03,4.12
2025-06-15,Dammam-Hub,Van,222,92.2,39.2,1017.67,4.05
2025-06-15,Dammam-Hub,Truck,57,92.2,43.8,483.94,4.38
2025-06-15,Makkah-Hub,Motorbike,431,56.9,30.9,1010.77,3.81
2025-06-15,Makkah-Hub,Van,280,56.9,49.5,1314.76,3.35
2025-06-15,Makkah-Hub,Truck,77,56.9,68.8,629.91,3.87
2025-06-15,Madinah-Hub,Motorbike,259,90.6,29.9,585.82,4.21
2025-06-15,Madinah-Hub,Van,179,90.6,36.2,831.82,4.02
2025-06-15,Madinah-Hub,Truck,49,90.6,53.1,398.1,4.18
2025-06-16,Riyadh-Hub,Motorbike,677,87.3,29.8,1506.36,4.12
2025-06-16,Riyadh-Hub,Van,477,87.3,35.8,2163.21,4.47
2025-06-16,Riyadh-Hub,Truck,122,87.3,63.3,954.77,4.13
2025-06-16,Jeddah-Hub,Motorbike,557,86.9,30.3,1290.44,3.28
2025-06-16,Jeddah-Hub,Van,404,86.9,29.7,1766.93,4.52
2025-06-16,Jeddah-Hub,Truck,118,86.9,58.7,978.54,3.91
2025-06-16,Dammam-Hub,Motorbike,313,95.5,25.4,698.96,4.01
2025-06-16,Dammam-Hub,Van,236,95.5,47.1,1050.52,4.28
2025-06-16,Dammam-Hub,Truck,61,95.5,47.4,474.75,4.34
2025-06-16,Makkah-Hub,Motorbike,403,83.6,24.0,904.89,3.66
2025-06-16,Makkah-Hub,Van,294,83.6,35.7,1323.19,3.44
2025-06-16,Makkah-Hub,Truck,74,83.6,42.5,610.11,4.09
2025-06-16,Madinah-Hub,Motorbike,307,89.9,20.1,711.66,3.96
2025-06-16,Madinah-Hub,Van,197,89.9,37.9,876.53,4.0
2025-06-16,Madinah-Hub,Truck,50,89.9,42.5,405.01,3.95
2025-06-17,Riyadh-Hub,Motorbike,749,90.0,10.0,1632.51,3.97
2025-06-17,Riyadh-Hub,Van,456,90.0,36.2,2060.32,4.07
2025-06-17,Riyadh-Hub,Truck,144,90.0,47.0,1132.16,3.83
2025-06-17,Jeddah-Hub,Motorbike,635,86.5,31.7,1401.01,4.16
2025-06-17,Jeddah-Hub,Van,368,86.5,41.9,1705.31,4.19
2025-06-17,Jeddah-Hub,Truck,115,86.5,48.8,935.57,3.74
2025-06-17,Dammam-Hub,Motorbike,373,93.0,21.3,875.85,4.05
2025-06-17,Dammam-Hub,Van,214,93.0,34.0,1003.9,4.47
2025-06-17,Dammam-Hub,Truck,67,93.0,48.3,564.9,4.09
2025-06-17,Makkah-Hub,Motorbike,451,84.4,20.8,1027.64,4.5
2025-06-17,Makkah-Hub,Van,254,84.4,33.9,1176.35,3.79
2025-06-17,Makkah-Hub,Truck,75,84.4,59.2,624.78,4.17
2025-06-17,Madinah-Hub,Motorbike,285,87.5,23.5,657.87,3.82
2025-06-17,Madinah-Hub,Van,193,87.5,39.6,889.95,4.45
2025-06-17,Madinah-Hub,Truck,50,87.5,50.5,396.15,4.47
2025-06-18,Riyadh-Hub,Motorbike,676,88.6,38.0,1547.31,4.76
2025-06-18,Riyadh-Hub,Van,501,88.6,25.7,2311.58,3.87
2025-06-18,Riyadh-Hub,Truck,137,88.6,48.8,1102.57,4.3
2025-06-18,Jeddah-Hub,Motorbike,665,87.8,36.3,1469.47,3.82
2025-06-18,Jeddah-Hub,Van,377,87.8,37.6,1734.43,4.17
2025-06-18,Jeddah-Hub,Truck,113,87.8,44.1,927.04,3.95
2025-06-18,Dammam-Hub,Motorbike,365,90.1,31.0,862.22,4.19
2025-06-18,Dammam-Hub,Van,223,90.1,37.6,975.17,4.51
2025-06-18,Dammam-Hub,Truck,61,90.1,50.2,497.2,3.98
2025-06-18,Makkah-Hub,Motorbike,467,86.7,28.5,1063.23,4.09
2025-06-18,Makkah-Hub,Van,254,86.7,33.5,1103.79,4.1
2025-06-18,Makkah-Hub,Truck,78,86.7,56.8,637.52,4.47
2025-06-18,Madinah-Hub,Motorbike,313,91.2,32.1,730.19,4.35
2025-06-18,Madinah-Hub,Van,164,91.2,34.4,769.16,4.5
2025-06-18,Madinah-Hub,Truck,49,91.2,53.5,401.23,3.92
2025-06-19,Riyadh-Hub,Motorbike,775,91.3,20.5,1760.94,4.22
2025-06-19,Riyadh-Hub,Van,489,91.3,36.9,2252.84,4.05
2025-06-19,Riyadh-Hub,Truck,130,91.3,43.3,1085.63,4.27
2025-06-19,Jeddah-Hub,Motorbike,660,86.4,23.4,1538.1,3.92
2025-06-19,Jeddah-Hub,Van,423,86.4,33.5,1902.9,4.1
2025-06-19,Jeddah-Hub,Truck,106,86.4,55.6,890.03,4.71
2025-06-19,Dammam-Hub,Motorbike,329,94.4,24.0,725.72,4.74
2025-06-19,Dammam-Hub,Van,220,94.4,26.4,1039.29,4.68
2025-06-19,Dammam-Hub,Truck,62,94.4,47.4,526.92,4.07
2025-06-19,Makkah-Hub,Motorbike,428,86.3,16.8,1003.88,4.1
2025-06-19,Makkah-Hub,Van,260,86.3,42.1,1216.94,3.57
2025-06-19,Makkah-Hub,Truck,74,86.3,54.2,625.36,4.28
2025-06-19,Madinah-Hub,Motorbike,279,82.9,37.0,636.5,4.09
2025-06-19,Madinah-Hub,Van,172,82.9,34.3,753.3,4.29
2025-06-19,Madinah-Hub,Truck,52,82.9,48.6,410.92,4.12
2025-06-20,Riyadh-Hub,Motorbike,575,91.4,29.5,1360.46,3.92
2025-06-20,Riyadh-Hub,Van,353,91.4,34.7,1600.09,4.59
2025-06-20,Riyadh-Hub,Truck,101,91.4,51.8,845.47,4.05
2025-06-20,Jeddah-Hub,Motorbike,525,92.8,19.0,1154.81,4.27
2025-06-20,Jeddah-Hub,Van,288,92.8,36.5,1290.19,4.24
2025-06-20,Jeddah-Hub,Truck,95,92.8,49.7,763.42,4.2
2025-06-20,Dammam-Hub,Motorbike,295,94.4,33.0,641.94,4.39
2025-06-20,Dammam-Hub,Van,160,94.4,29.4,697.26,4.23
2025-06-20,Dammam-Hub,Truck,54,94.4,44.3,439.64,4.03
2025-06-20,Makkah-Hub,Motorbike,367,86.6,23.7,875.32,4.2
2025-06-20,Makkah-Hub,Van,219,86.6,39.2,987.76,4.35
2025-06-20,Makkah-Hub,Truck,59,86.6,56.0,463.45,4.04
2025-06-20,Madinah-Hub,Motorbike,223,91.0,18.8,499.48,4.07
2025-06-20,Madinah-Hub,Van,144,91.0,38.2,640.7,4.28
2025-06-20,Madinah-Hub,Truck,44,91.0,41.8,340.52,4.35
2025-06-21,Riyadh-Hub,Motorbike,748,91.9,20.8,1722.52,4.37
2025-06-21,Riyadh-Hub,Van,511,91.9,35.1,2449.0,3.71
2025-06-21,Riyadh-Hub,Truck,124,91.9,47.1,1038.47,4.29
2025-06-21,Jeddah-Hub,Motorbike,585,85.4,33.0,1371.6,3.76
2025-06-21,Jeddah-Hub,Van,346,85.4,34.1,1583.31,3.94
2025-06-21,Jeddah-Hub,Truck,102,85.4,52.1,794.66,4.36
2025-06-21,Dammam-Hub,Motorbike,331,95.9,28.0,750.07,4.47
2025-06-21,Dammam-Hub,Van,214,95.9,36.8,1016.03,4.33
2025-06-21,Dammam-Hub,Truck,59,95.9,47.6,501.25,4.19
2025-06-21,Makkah-Hub,Motorbike,436,84.6,30.3,989.21,3.83
2025-06-21,Makkah-Hub,Van,262,84.6,34.7,1238.49,4.17
2025-06-21,Makkah-Hub,Truck,71,84.6,48.3,581.06,3.78
2025-06-21,Madinah-Hub,Motorbike,309,91.3,28.3,722.09,4.07
2025-06-21,Madinah-Hub,Van,185,91.3,32.1,818.34,4.14
2025-06-21,Madinah-Hub,Truck,47,91.3,39.2,365.93,3.96
2025-06-22,Riyadh-Hub,Motorbike,696,97.6,26.3,1534.32,4.04
2025-06-22,Riyadh-Hub,Van,489,97.6,26.0,2183.14,4.45
2025-06-22,Riyadh-Hub,Truck,142,97.6,54.3,1110.19,3.81
2025-06-22,Jeddah-Hub,Motorbike,602,88.4,24.7,1309.1,3.93
2025-06-22,Jeddah-Hub,Van,376,88.4,35.9,1769.37,4.02
2025-06-22,Jeddah-Hub,Truck,100,88.4,51.0,826.56,3.6
2025-06-22,Dammam-Hub,Motorbike,327,96.6,24.7,729.72,4.24
2025-06-22,Dammam-Hub,Van,204,96.6,30.5,892.59,4.66
2025-06-22,Dammam-Hub,Truck,60,96.6,47.1,503.96,4.02
2025-06-22,Makkah-Hub,Motorbike,414,91.4,27.0,961.91,4.68
2025-06-22,Makkah-Hub,Van,266,91.4,30.8,1204.74,3.81
2025-06-22,Makkah-Hub,Truck,77,91.4,43.1,609.0,3.86
2025-06-22,Madinah-Hub,Motorbike,268,91.2,31.9,597.8,4.14
2025-06-22,Madinah-Hub,Van,189,91.2,32.7,831.76,4.12
2025-06-22,Madinah-Hub,Truck,56,91.2,51.1,467.26,4.45
2025-06-23,Riyadh-Hub,Motorbike,724,90.8,28.2,1726.69,3.57
2025-06-23,Riyadh-Hub,Van,515,90.8,30.8,2459.85,4.44
2025-06-23,Riyadh-Hub,Truck,123,90.8,50.4,1008.89,4.38
2025-06-23,Jeddah-Hub,Motorbike,617,89.1,28.0,1418.97,3.98
2025-06-23,Jeddah-Hub,Van,421,89.1,33.3,2012.42,3.91
2025-06-23,Jeddah-Hub,Truck,102,89.1,46.3,868.16,3.95
2025-06-23,Dammam-Hub,Motorbike,335,95.9,15.1,777.95,3.85
2025-06-23,Dammam-Hub,Van,235,95.9,27.6,1091.21,4.25
2025-06-23,Dammam-Hub,Truck,61,95.9,50.9,510.43,4.74
2025-06-23,Makkah-Hub,Motorbike,454,86.3,21.6,1087.48,4.06
2025-06-23,Makkah-Hub,Van,278,86.3,41.3,1325.41,4.28
2025-06-23,Makkah-Hub,Truck,78,86.3,53.2,662.38,4.0
2025-06-23,Madinah-Hub,Motorbike,311,88.6,24.9,739.55,4.37
2025-06-23,Madinah-Hub,Van,198,88.6,40.1,915.67,4.1
2025-06-23,Madinah-Hub,Truck,53,88.6,43.1,423.5,3.6
2025-06-24,Riyadh-Hub,Motorbike,684,92.8,17.1,1569.6,4.17
2025-06-24,Riyadh-Hub,Van,492,92.8,32.9,2299.29,4.1
2025-06-24,Riyadh-Hub,Truck,131,92.8,40.2,1111.81,4.42
2025-06-24,Jeddah-Hub,Motorbike,592,86.1,22.9,1361.45,3.57
2025-06-24,Jeddah-Hub,Van,390,86.1,33.6,1807.49,4.26
2025-06-24,Jeddah-Hub,Truck,117,86.1,46.6,968.34,5.0
2025-06-24,Dammam-Hub,Motorbike,371,89.4,30.8,856.64,3.81
2025-06-24,Dammam-Hub,Van,213,89.4,34.7,980.54,3.92
2025-06-24,Dammam-Hub,Truck,64,89.4,54.0,504.44,4.7
2025-06-24,Makkah-Hub,Motorbike,395,85.8,20.2,867.35,4.16
2025-06-24,Makkah-Hub,Van,253,85.8,41.2,1160.92,4.16
2025-06-24,Makkah-Hub,Truck,78,85.8,48.2,610.47,4.28
2025-06-24,Madinah-Hub,Motorbike,290,88.7,22.9,660.88,4.18
2025-06-24,Madinah-Hub,Van,173,88.7,30.8,758.13,3.98
2025-06-24,Madinah-Hub,Truck,48,88.7,53.9,393.95,3.91
2025-06-25,Riyadh-Hub,Motorbike,751,86.8,28.7,1694.31,3.55
2025-06-25,Riyadh-Hub,Van,507,86.8,37.5,2224.12,4.17
2025-06-25,Riyadh-Hub,Truck,146,86.8,46.7,1222.07,3.96
2025-06-25,Jeddah-Hub,Motorbike,648,85.6,23.4,1540.8,4.08
2025-06-25,Jeddah-Hub,Van,385,85.6,38.2,1772.76,4.53
2025-06-25,Jeddah-Hub,Truck,104,85.6,49.4,829.7,4.32
2025-06-25,Dammam-Hub,Motorbike,308,92.2,28.9,674.04,3.86
2025-06-25,Dammam-Hub,Van,226,92.2,31.0,1047.17,4.64
2025-06-25,Dammam-Hub,Truck,61,92.2,50.1,511.88,4.43
2025-06-25,Makkah-Hub,Motorbike,388,86.5,29.9,861.87,4.3
2025-06-25,Makkah-Hub,Van,253,86.5,35.2,1113.64,3.79
2025-06-25,Makkah-Hub,Truck,82,86.5,55.5,690.86,3.59
2025-06-25,Madinah-Hub,Motorbike,295,90.1,18.9,653.54,4.39
2025-06-25,Madinah-Hub,Van,190,90.1,37.7,879.47,3.98
2025-06-25,Madinah-Hub,Truck,54,90.1,46.2,424.45,3.99
2025-06-26,Riyadh-Hub,Motorbike,678,93.0,34.7,1497.84,4.44
2025-06-26,Riyadh-Hub,Van,460,93.0,39.4,2063.83,3.86
2025-06-26,Riyadh-Hub,Truck,128,93.0,51.4,1061.31,4.14
2025-06-26,Jeddah-Hub,Motorbike,661,86.8,31.0,1527.6,3.66
2025-06-26,Jeddah-Hub,Van,407,86.8,31.4,1935.44,3.66
2025-06-26,Jeddah-Hub,Truck,111,86.8,44.1,893.52,4.07
2025-06-26,Dammam-Hub,Motorbike,373,88.0,21.5,858.04,3.62
2025-06-26,Dammam-Hub,Van,205,88.0,29.9,982.54,4.27
2025-06-26,Dammam-Hub,Truck,62,88.0,54.0,517.24,3.94
2025-06-26,Makkah-Hub,Motorbike,469,83.9,23.9,1084.83,4.34
2025-06-26,Makkah-Hub,Van,281,83.9,38.1,1252.23,4.33
2025-06-26,Makkah-Hub,Truck,84,83.9,53.8,671.78,3.9
2025-06-26,Madinah-Hub,Motorbike,261,90.9,30.2,576.76,4.0
2025-06-26,Madinah-Hub,Van,185,90.9,37.4,822.41,4.14
2025-06-26,Madinah-Hub,Truck,47,90.9,47.8,386.96,4.32
2025-06-27,Riyadh-Hub,Motorbike,582,93.9,29.6,1382.05,4.26
2025-06-27,Riyadh-Hub,Van,370,93.9,32.5,1648.22,3.7
2025-06-27,Riyadh-Hub,Truck,113,93.9,45.5,898.58,3.48
2025-06-27,Jeddah-Hub,Motorbike,530,86.3,26.9,1266.58,4.08
2025-06-27,Jeddah-Hub,Van,325,86.3,32.9,1439.92,3.99
2025-06-27,Jeddah-Hub,Truck,82,86.3,43.9,637.91,4.46
2025-06-27,Dammam-Hub,Motorbike,249,95.7,26.0,569.61,3.8
2025-06-27,Dammam-Hub,Van,167,95.7,29.2,754.87,4.16
2025-06-27,Dammam-Hub,Truck,50,95.7,53.6,387.65,4.23
2025-06-27,Makkah-Hub,Motorbike,359,88.2,25.4,859.9,3.95
2025-06-27,Makkah-Hub,Van,218,88.2,35.3,997.53,3.89
2025-06-27,Makkah-Hub,Truck,63,88.2,45.6,517.88,3.85
2025-06-27,Madinah-Hub,Motorbike,220,88.2,28.0,507.02,4.13
2025-06-27,Madinah-Hub,Van,154,88.2,30.9,725.05,3.66
2025-06-27,Madinah-Hub,Truck,39,88.2,49.3,321.3,3.79
2025-06-28,Riyadh-Hub,Motorbike,748,94.1,17.4,1788.66,4.22
2025-06-28,Riyadh-Hub,Van,468,94.1,25.3,2241.34,4.61
2025-06-28,Riyadh-Hub,Truck,135,94.1,53.1,1129.74,4.51
2025-06-28,Jeddah-Hub,Motorbike,636,87.5,25.5,1411.37,3.91
2025-06-28,Jeddah-Hub,Van,360,87.5,34.7,1605.41,4.23
2025-06-28,Jeddah-Hub,Truck,112,87.5,51.4,950.02,4.57
2025-06-28,Dammam-Hub,Motorbike,318,93.2,18.6,738.58,3.93
2025-06-28,Dammam-Hub,Van,195,93.2,44.8,925.89,4.06
2025-06-28,Dammam-Hub,Truck,64,93.2,46.8,498.81,3.79
2025-06-28,Makkah-Hub,Motorbike,410,84.9,27.3,979.8,3.68
2025-06-28,Makkah-Hub,Van,279,84.9,42.9,1239.78,4.36
2025-06-28,Makkah-Hub,Truck,83,84.9,45.2,698.27,4.12
2025-06-28,Madinah-Hub,Motorbike,278,85.3,24.1,665.42,3.55
2025-06-28,Madinah-Hub,Van,188,85.3,36.5,841.18,3.74
2025-06-28,Madinah-Hub,Truck,49,85.3,47.6,413.56,4.16
2025-06-29,Riyadh-Hub,Motorbike,770,92.6,24.7,1740.8,4.19
2025-06-29,Riyadh-Hub,Van,512,92.6,36.5,2270.91,4.23
2025-06-29,Riyadh-Hub,Truck,129,92.6,50.7,1081.31,4.4
2025-06-29,Jeddah-Hub,Motorbike,576,87.4,35.6,1365.76,3.7
2025-06-29,Jeddah-Hub,Van,392,87.4,31.5,1862.69,3.81
2025-06-29,Jeddah-Hub,Truck,110,87.4,60.2,858.38,3.51
2025-06-29,Dammam-Hub,Motorbike,347,90.5,16.8,781.7,4.07
2025-06-29,Dammam-Hub,Van,235,90.5,29.3,1068.75,4.14
2025-06-29,Dammam-Hub,Truck,59,90.5,43.2,479.55,3.66
2025-06-29,Makkah-Hub,Motorbike,444,86.8,23.6,1039.72,4.35
2025-06-29,Makkah-Hub,Van,273,86.8,48.5,1216.43,4.39
2025-06-29,Makkah-Hub,Truck,83,86.8,50.5,690.16,4.41
2025-06-29,Madinah-Hub,Motorbike,260,87.6,23.6,586.58,3.74
2025-06-29,Madinah-Hub,Van,175,87.6,34.8,772.23,4.27
2025-06-29,Madinah-Hub,Truck,48,87.6,46.7,386.75,3.82
2025-06-30,Riyadh-Hub,Motorbike,706,90.4,25.7,1688.2,4.38
2025-06-30,Riyadh-Hub,Van,488,90.4,40.3,2193.4,3.69
2025-06-30,Riyadh-Hub,Truck,138,90.4,55.9,1157.23,3.85
2025-06-30,Jeddah-Hub,Motorbike,633,88.9,22.9,1418.46,4.08
2025-06-30,Jeddah-Hub,Van,408,88.9,38.1,1801.26,3.92
2025-06-30,Jeddah-Hub,Truck,112,88.9,46.9,903.46,3.89
2025-06-30,Dammam-Hub,Motorbike,339,92.3,30.2,753.21,4.11
2025-06-30,Dammam-Hub,Van,226,92.3,40.8,994.73,3.6
2025-06-30,Dammam-Hub,Truck,58,92.3,43.3,467.5,3.87
2025-06-30,Makkah-Hub,Motorbike,409,82.0,24.3,905.88,4.04
2025-06-30,Makkah-Hub,Van,281,82.0,24.7,1314.53,3.99
2025-06-30,Makkah-Hub,Truck,83,82.0,53.9,662.88,4.12
2025-06-30,Madinah-Hub,Motorbike,309,86.4,22.7,684.2,4.56
2025-06-30,Madinah-Hub,Van,168,86.4,37.3,781.82,4.21
2025-06-30,Madinah-Hub,Truck,52,86.4,49.3,405.22,4.2
2025-07-01,Riyadh-Hub,Motorbike,731,90.9,25.2,1708.39,4.22
2025-07-01,Riyadh-Hub,Van,452,90.9,36.6,2135.39,4.15
2025-07-01,Riyadh-Hub,Truck,129,90.9,48.3,1082.4,3.91
2025-07-01,Jeddah-Hub,Motorbike,626,85.6,29.8,1485.45,4.39
2025-07-01,Jeddah-Hub,Van,412,85.6,36.4,1910.08,4.22
2025-07-01,Jeddah-Hub,Truck,106,85.6,48.0,841.83,4.06
2025-07-01,Dammam-Hub,Motorbike,332,95.0,28.1,746.25,3.74
2025-07-01,Dammam-Hub,Van,208,95.0,31.3,954.55,4.54
2025-07-01,Dammam-Hub,Truck,58,95.0,41.9,493.81,3.89
2025-07-01,Makkah-Hub,Motorbike,395,82.7,26.3,882.84,3.78
2025-07-01,Makkah-Hub,Van,291,82.7,41.7,1393.57,3.91
2025-07-01,Makkah-Hub,Truck,83,82.7,54.7,673.3,4.24
2025-07-01,Madinah-Hub,Motorbike,257,89.7,27.6,566.24,4.36
2025-07-01,Madinah-Hub,Van,173,89.7,32.7,783.25,3.97
2025-07-01,Madinah-Hub,Truck,49,89.7,51.7,407.89,3.77
2025-07-02,Riyadh-Hub,Motorbike,762,94.3,28.7,1776.41,4.41
2025-07-02,Riyadh-Hub,Van,496,94.3,33.0,2167.88,3.71
2025-07-02,Riyadh-Hub,Truck,122,94.3,45.8,986.96,3.77
2025-07-02,Jeddah-Hub,Motorbike,628,87.7,35.2,1453.49,4.0
2025-07-02,Jeddah-Hub,Van,397,87.7,34.8,1784.49,4.16
2025-07-02,Jeddah-Hub,Truck,117,87.7,63.0,964.34,3.96
2025-07-02,Dammam-Hub,Motorbike,362,95.1,28.1,860.06,4.04
2025-07-02,Dammam-Hub,Van,218,95.1,29.0,978.81,4.34
2025-07-02,Dammam-Hub,Truck,64,95.1,58.0,545.45,4.47
2025-07-02,Makkah-Hub,Motorbike,456,84.1,27.9,1095.11,4.53
2025-07-02,Makkah-Hub,Van,296,84.1,37.2,1371.69,4.17
2025-07-02,Makkah-Hub,Truck,70,84.1,52.3,571.19,3.74
2025-07-02,Madinah-Hub,Motorbike,263,89.9,38.3,593.96,3.84
2025-07-02,Madinah-Hub,Van,199,89.9,37.0,956.3,4.12
2025-07-02,Madinah-Hub,Truck,54,89.9,48.2,420.4,3.8
2025-07-03,Riyadh-Hub,Motorbike,798,93.2,31.2,1742.05,3.87
2025-07-03,Riyadh-Hub,Van,501,93.2,37.3,2345.57,3.59
2025-07-03,Riyadh-Hub,Truck,131,93.2,55.2,1027.39,4.16
2025-07-03,Jeddah-Hub,Motorbike,641,88.5,27.4,1424.47,4.41
2025-07-03,Jeddah-Hub,Van,367,88.5,34.9,1755.47,3.89
2025-07-03,Jeddah-Hub,Truck,104,88.5,50.6,859.97,3.98
2025-07-03,Dammam-Hub,Motorbike,354,96.8,26.0,846.36,4.17
2025-07-03,Dammam-Hub,Van,222,96.8,33.8,1019.32,4.43
2025-07-03,Dammam-Hub,Truck,63,96.8,43.7,491.83,4.74
2025-07-03,Makkah-Hub,Motorbike,436,81.6,26.7,1024.16,3.96
2025-07-03,Makkah-Hub,Van,270,81.6,38.8,1262.16,3.61
2025-07-03,Makkah-Hub,Truck,72,81.6,48.2,589.37,4.33
2025-07-03,Madinah-Hub,Motorbike,293,89.0,30.3,663.52,3.49
2025-07-03,Madinah-Hub,Van,175,89.0,26.2,816.47,4.26
2025-07-03,Madinah-Hub,Truck,46,89.0,57.8,381.26,3.89
2025-07-04,Riyadh-Hub,Motorbike,611,90.3,19.5,1384.54,4.01
2025-07-04,Riyadh-Hub,Van,384,90.3,30.5,1761.28,4.49
2025-07-04,Riyadh-Hub,Truck,114,90.3,47.9,910.3,3.9
2025-07-04,Jeddah-Hub,Motorbike,453,84.3,27.8,998.53,3.69
2025-07-04,Jeddah-Hub,Van,327,84.3,29.0,1477.09,3.77
2025-07-04,Jeddah-Hub,Truck,93,84.3,52.2,738.36,3.57
2025-07-04,Dammam-Hub,Motorbike,253,93.3,15.7,608.43,4.34
2025-07-04,Dammam-Hub,Van,182,93.3,35.6,864.33,4.21
2025-07-04,Dammam-Hub,Truck,48,93.3,44.3,375.73,4.26
2025-07-04,Makkah-Hub,Motorbike,368,83.8,25.1,807.58,4.42
2025-07-04,Makkah-Hub,Van,224,83.8,36.9,981.18,4.2
2025-07-04,Makkah-Hub,Truck,60,83.8,43.4,471.09,3.88
2025-07-04,Madinah-Hub,Motorbike,210,90.3,27.1,506.14,4.21
2025-07-04,Madinah-Hub,Van,152,90.3,37.6,733.21,4.16
2025-07-04,Madinah-Hub,Truck,44,90.3,51.9,353.5,4.34
2025-07-05,Riyadh-Hub,Motorbike,734,89.0,28.7,1755.8,3.96
2025-07-05,Riyadh-Hub,Van,517,89.0,41.7,2438.48,4.15
2025-07-05,Riyadh-Hub,Truck,144,89.0,43.5,1169.42,4.62
2025-07-05,Jeddah-Hub,Motorbike,648,92.3,29.1,1471.63,4.21
2025-07-05,Jeddah-Hub,Van,380,92.3,39.1,1723.98,3.97
2025-07-05,Jeddah-Hub,Truck,106,92.3,51.2,866.89,3.86
2025-07-05,Dammam-Hub,Motorbike,307,93.9,23.6,693.78,4.28
2025-07-05,Dammam-Hub,Van,229,93.9,29.0,1003.08,3.9
2025-07-05,Dammam-Hub,Truck,67,93.9,43.2,537.35,4.41
2025-07-05,Makkah-Hub,Motorbike,403,89.7,19.4,917.54,3.78
2025-07-05,Makkah-Hub,Van,279,89.7,41.5,1283.63,4.71
2025-07-05,Makkah-Hub,Truck,85,89.7,43.6,694.31,4.37
2025-07-05,Madinah-Hub,Motorbike,314,86.5,31.2,717.38,4.03
2025-07-05,Madinah-Hub,Van,172,86.5,34.4,751.59,4.03
2025-07-05,Madinah-Hub,Truck,47,86.5,55.5,390.42,4.24
2025-07-06,Riyadh-Hub,Motorbike,720,88.9,23.9,1710.99,3.67
2025-07-06,Riyadh-Hub,Van,464,88.9,27.0,2145.34,3.69
2025-07-06,Riyadh-Hub,Truck,132,88.9,56.7,1112.42,4.82
2025-07-06,Jeddah-Hub,Motorbike,654,86.0,26.7,1570.91,4.0
2025-07-06,Jeddah-Hub,Van,371,86.0,30.1,1691.21,4.35
2025-07-06,Jeddah-Hub,Truck,102,86.0,51.7,827.07,4.28
2025-07-06,Dammam-Hub,Motorbike,364,94.3,33.8,836.52,3.95
2025-07-06,Dammam-Hub,Van,233,94.3,32.5,1036.85,4.16
2025-07-06,Dammam-Hub,Truck,60,94.3,53.6,467.22,3.82
2025-07-06,Makkah-Hub,Motorbike,406,85.4,34.6,912.38,3.93
2025-07-06,Makkah-Hub,Van,259,85.4,29.3,1238.77,4.36
2025-07-06,Makkah-Hub,Truck,76,85.4,45.4,602.25,3.84
2025-07-06,Madinah-Hub,Motorbike,298,88.6,40.8,703.8,4.34
2025-07-06,Madinah-Hub,Van,174,88.6,38.9,806.3,4.05
2025-07-06,Madinah-Hub,Truck,51,88.6,51.0,434.2,4.38
2025-07-07,Riyadh-Hub,Motorbike,724,85.8,31.0,1586.56,4.08
2025-07-07,Riyadh-Hub,Van,494,85.8,40.3,2238.33,3.85
2025-07-07,Riyadh-Hub,Truck,141,85.8,47.6,1168.64,3.87
2025-07-07,Jeddah-Hub,Motorbike,630,93.6,26.9,1518.54,4.23
2025-07-07,Jeddah-Hub,Van,415,93.6,31.8,1936.24,4.29
2025-07-07,Jeddah-Hub,Truck,102,93.6,50.5,802.27,3.89
2025-07-07,Dammam-Hub,Motorbike,366,95.5,23.5,836.9,4.31
2025-07-07,Dammam-Hub,Van,209,95.5,35.5,916.32,4.3
2025-07-07,Dammam-Hub,Truck,59,95.5,46.2,471.6,3.98
2025-07-07,Makkah-Hub,Motorbike,409,85.2,24.4,939.83,4.16
2025-07-07,Makkah-Hub,Van,295,85.2,34.0,1420.86,3.78
2025-07-07,Makkah-Hub,Truck,79,85.2,50.7,639.05,4.0
2025-07-07,Madinah-Hub,Motorbike,259,89.4,20.5,594.89,4.08
2025-07-07,Madinah-Hub,Van,167,89.4,34.4,732.49,3.65
2025-07-07,Madinah-Hub,Truck,51,89.4,49.2,416.98,4.26
2025-07-08,Riyadh-Hub,Motorbike,739,90.8,22.0,1772.44,4.11
2025-07-08,Riyadh-Hub,Van,485,90.8,34.2,2267.02,4.3
2025-07-08,Riyadh-Hub,Truck,139,90.8,56.4,1107.69,4.24
2025-07-08,Jeddah-Hub,Motorbike,652,90.0,25.0,1518.78,4.25
2025-07-08,Jeddah-Hub,Van,410,90.0,30.3,1935.14,4.57
2025-07-08,Jeddah-Hub,Truck,99,90.0,47.4,776.97,3.96
2025-07-08,Dammam-Hub,Motorbike,314,93.2,23.9,741.29,4.06
2025-07-08,Dammam-Hub,Van,210,93.2,33.4,934.4,4.42
2025-07-08,Dammam-Hub,Truck,57,93.2,43.9,465.58,4.64
2025-07-08,Makkah-Hub,Motorbike,405,83.3,32.7,923.41,3.86
2025-07-08,Makkah-Hub,Van,249,83.3,44.1,1106.38,4.15
2025-07-08,Makkah-Hub,Truck,85,83.3,42.5,695.79,3.89
2025-07-08,Madinah-Hub,Motorbike,271,90.8,20.8,605.41,4.25
2025-07-08,Madinah-Hub,Van,196,90.8,36.0,868.42,4.44
2025-07-08,Madinah-Hub,Truck,51,90.8,52.9,419.65,4.35
2025-07-09,Riyadh-Hub,Motorbike,700,91.9,19.8,1557.38,3.87
2025-07-09,Riyadh-Hub,Van,470,91.9,39.5,2157.07,3.67
2025-07-09,Riyadh-Hub,Truck,121,91.9,47.8,951.52,3.93
2025-07-09,Jeddah-Hub,Motorbike,557,87.0,26.1,1259.23,4.55
2025-07-09,Jeddah-Hub,Van,400,87.0,39.5,1932.29,4.23
2025-07-09,Jeddah-Hub,Truck,118,87.0,56.7,978.94,4.0
2025-07-09,Dammam-Hub,Motorbike,362,93.1,29.0,804.34,4.35
2025-07-09,Dammam-Hub,Van,219,93.1,37.6,1049.14,3.72
2025-07-09,Dammam-Hub,Truck,56,93.1,45.7,444.19,3.64
2025-07-09,Makkah-Hub,Motorbike,389,87.1,27.5,870.86,3.87
2025-07-09,Makkah-Hub,Van,280,87.1,46.5,1264.69,3.86
2025-07-09,Makkah-Hub,Truck,75,87.1,49.9,595.45,3.88
2025-07-09,Madinah-Hub,Motorbike,306,89.2,23.6,717.11,4.06
2025-07-09,Madinah-Hub,Van,182,89.2,31.7,869.81,4.58
2025-07-09,Madinah-Hub,Truck,53,89.2,40.5,450.52,4.37
2025-07-10,Riyadh-Hub,Motorbike,763,90.2,33.4,1697.28,3.86
2025-07-10,Riyadh-Hub,Van,445,90.2,38.3,2078.69,3.6
2025-07-10,Riyadh-Hub,Truck,143,90.2,51.8,1127.53,3.71
2025-07-10,Jeddah-Hub,Motorbike,613,90.9,24.0,1477.57,4.2
2025-07-10,Jeddah-Hub,Van,368,90.9,38.6,1612.34,4.45
2025-07-10,Jeddah-Hub,Truck,110,90.9,40.8,892.46,4.18
2025-07-10,Dammam-Hub,Motorbike,309,91.4,26.8,713.76,4.34
2025-07-10,Dammam-Hub,Van,223,91.4,22.0,1064.42,3.94
2025-07-10,Dammam-Hub,Truck,63,91.4,40.6,502.97,4.35
2025-07-10,Makkah-Hub,Motorbike,435,87.5,28.0,1048.91,4.21
2025-07-10,Makkah-Hub,Van,294,87.5,27.7,1412.94,4.07
2025-07-10,Makkah-Hub,Truck,78,87.5,61.4,621.98,3.71
2025-07-10,Madinah-Hub,Motorbike,261,89.0,24.3,575.12,4.35
2025-07-10,Madinah-Hub,Van,180,89.0,37.9,806.85,3.87
2025-07-10,Madinah-Hub,Truck,47,89.0,51.3,379.67,4.13
2025-07-11,Riyadh-Hub,Motorbike,635,90.7,19.9,1439.46,4.55
2025-07-11,Riyadh-Hub,Van,343,90.7,34.2,1582.48,4.35
2025-07-11,Riyadh-Hub,Truck,113,90.7,42.5,920.88,3.56
2025-07-11,Jeddah-Hub,Motorbike,467,90.8,29.1,1083.49,3.91
2025-07-11,Jeddah-Hub,Van,286,90.8,38.7,1358.67,4.29
2025-07-11,Jeddah-Hub,Truck,86,90.8,53.3,709.58,3.78
2025-07-11,Dammam-Hub,Motorbike,281,96.5,19.4,662.59,4.44
2025-07-11,Dammam-Hub,Van,188,96.5,42.4,837.45,3.93
2025-07-11,Dammam-Hub,Truck,46,96.5,46.2,374.89,4.47
2025-07-11,Makkah-Hub,Motorbike,342,84.1,32.1,765.79,3.68
2025-07-11,Makkah-Hub,Van,231,84.1,37.4,1108.29,3.78
2025-07-11,Makkah-Hub,Truck,57,84.1,46.9,466.68,4.31
2025-07-11,Madinah-Hub,Motorbike,217,88.6,29.3,482.36,3.73
2025-07-11,Madinah-Hub,Van,136,88.6,27.4,599.94,3.77
2025-07-11,Madinah-Hub,Truck,45,88.6,55.7,351.61,4.29
2025-07-12,Riyadh-Hub,Motorbike,684,93.3,28.1,1578.0,3.99
2025-07-12,Riyadh-Hub,Van,507,93.3,39.3,2439.72,4.39
2025-07-12,Riyadh-Hub,Truck,138,93.3,41.2,1102.39,4.08
2025-07-12,Jeddah-Hub,Motorbike,611,84.5,26.2,1402.65,3.54
2025-07-12,Jeddah-Hub,Van,364,84.5,28.4,1720.71,3.58
2025-07-12,Jeddah-Hub,Truck,106,84.5,58.4,897.37,3.97
2025-07-12,Dammam-Hub,Motorbike,351,94.6,23.8,789.36,4.31
2025-07-12,Dammam-Hub,Van,232,94.6,33.3,1098.98,4.34
2025-07-12,Dammam-Hub,Truck,66,94.6,45.0,557.05,4.72
2025-07-12,Makkah-Hub,Motorbike,438,82.7,22.6,960.18,3.58
2025-07-12,Makkah-Hub,Van,294,82.7,40.6,1396.26,3.67
2025-07-12,Makkah-Hub,Truck,75,82.7,48.9,618.8,4.12
2025-07-12,Madinah-Hub,Motorbike,312,89.4,18.1,753.37,4.0
2025-07-12,Madinah-Hub,Van,175,89.4,36.5,772.99,4.42
2025-07-12,Madinah-Hub,Truck,52,89.4,42.7,424.98,3.96
2025-07-13,Riyadh-Hub,Motorbike,777,89.6,23.5,1829.44,4.07
2025-07-13,Riyadh-Hub,Van,511,89.6,40.5,2375.93,3.92
2025-07-13,Riyadh-Hub,Truck,130,89.6,46.7,1029.09,4.26
2025-07-13,Jeddah-Hub,Motorbike,570,90.3,17.4,1267.02,3.96
2025-07-13,Jeddah-Hub,Van,347,90.3,34.0,1665.93,4.78
2025-07-13,Jeddah-Hub,Truck,103,90.3,48.2,854.92,4.0
2025-07-13,Dammam-Hub,Motorbike,339,92.4,26.1,748.22,4.39
2025-07-13,Dammam-Hub,Van,210,92.4,39.6,999.94,4.01
2025-07-13,Dammam-Hub,Truck,63,92.4,53.0,522.13,4.29
2025-07-13,Makkah-Hub,Motorbike,449,84.2,30.6,1065.36,3.77
2025-07-13,Makkah-Hub,Van,276,84.2,53.4,1325.53,4.66
2025-07-13,Makkah-Hub,Truck,71,84.2,58.8,570.74,4.1
2025-07-13,Madinah-Hub,Motorbike,271,90.3,26.4,655.82,4.01
2025-07-13,Madinah-Hub,Van,177,90.3,25.7,843.48,4.57
2025-07-13,Madinah-Hub,Truck,53,90.3,49.3,448.66,4.45
2025-07-14,Riyadh-Hub,Motorbike,678,89.4,22.9,1566.91,3.86
2025-07-14,Riyadh-Hub,Van,510,89.4,40.6,2344.15,3.99
2025-07-14,Riyadh-Hub,Truck,146,89.4,55.4,1246.51,4.15
2025-07-14,Jeddah-Hub,Motorbike,597,89.8,22.8,1432.61,3.98
2025-07-14,Jeddah-Hub,Van,419,89.8,35.0,1991.45,4.14
2025-07-14,Jeddah-Hub,Truck,108,89.8,48.4,892.94,3.92
2025-07-14,Dammam-Hub,Motorbike,345,90.4,26.5,823.54,3.86
2025-07-14,Dammam-Hub,Van,220,90.4,24.7,999.54,3.88
2025-07-14,Dammam-Hub,Truck,66,90.4,52.9,558.21,4.25
2025-07-14,Makkah-Hub,Motorbike,466,86.1,25.6,1101.73,4.7
2025-07-14,Makkah-Hub,Van,248,86.1,40.3,1171.46,4.19
2025-07-14,Makkah-Hub,Truck,79,86.1,51.9,634.5,4.62
2025-07-14,Madinah-Hub,Motorbike,309,88.1,33.5,726.49,4.14
2025-07-14,Madinah-Hub,Van,190,88.1,26.7,885.46,3.68
2025-07-14,Madinah-Hub,Truck,55,88.1,43.5,436.85,4.1
2025-07-15,Riyadh-Hub,Motorbike,771,93.3,24.0,1753.81,3.36
2025-07-15,Riyadh-Hub,Van,467,93.3,36.3,2053.34,4.19
2025-07-15,Riyadh-Hub,Truck,147,93.3,46.9,1224.5,4.16
2025-07-15,Jeddah-Hub,Motorbike,598,88.4,19.8,1417.88,3.81
2025-07-15,Jeddah-Hub,Van,381,88.4,32.0,1824.38,3.9
2025-07-15,Jeddah-Hub,Truck,99,88.4,52.2,817.26,4.11
2025-07-15,Dammam-Hub,Motorbike,358,91.8,25.9,820.03,4.24
2025-07-15,Dammam-Hub,Van,208,91.8,40.4,943.17,4.13
2025-07-15,Dammam-Hub,Truck,61,91.8,45.7,484.65,4.16
2025-07-15,Makkah-Hub,Motorbike,455,84.5,20.3,1016.43,3.99
2025-07-15,Makkah-Hub,Van,247,84.5,34.3,1126.84,4.12
2025-07-15,Makkah-Hub,Truck,79,84.5,51.9,645.8,3.8
2025-07-15,Madinah-Hub,Motorbike,270,92.4,25.5,646.72,3.98
2025-07-15,Madinah-Hub,Van,181,92.4,35.5,798.74,4.33
2025-07-15,Madinah-Hub,Truck,51,92.4,43.9,418.23,4.45
2025-07-16,Riyadh-Hub,Motorbike,721,94.8,24.2,1610.1,4.38
2025-07-16,Riyadh-Hub,Van,503,94.8,35.0,2391.11,4.44
2025-07-16,Riyadh-Hub,Truck,146,94.8,44.6,1197.23,4.21
2025-07-16,Jeddah-Hub,Motorbike,559,89.6,29.3,1282.23,4.72
2025-07-16,Jeddah-Hub,Van,389,89.6,39.9,1797.58,4.75
2025-07-16,Jeddah-Hub,Truck,108,89.6,51.1,882.51,4.31
2025-07-16,Dammam-Hub,Motorbike,364,94.3,20.4,862.4,4.81
2025-07-16,Dammam-Hub,Van,217,94.3,39.8,1018.75,4.35
2025-07-16,Dammam-Hub,Truck,63,94.3,48.9,522.7,3.78
2025-07-16,Makkah-Hub,Motorbike,457,82.6,31.8,1008.1,3.6
2025-07-16,Makkah-Hub,Van,262,82.6,38.5,1182.05,3.77
2025-07-16,Makkah-Hub,Truck,82,82.6,55.1,688.75,4.03
2025-07-16,Madinah-Hub,Motorbike,281,91.5,18.5,622.72,4.14
2025-07-16,Madinah-Hub,Van,172,91.5,34.9,764.26,4.38
2025-07-16,Madinah-Hub,Truck,56,91.5,46.2,443.79,4.0
2025-07-17,Riyadh-Hub,Motorbike,751,95.0,31.2,1775.19,4.72
2025-07-17,Riyadh-Hub,Van,431,95.0,48.0,2086.81,3.86
2025-07-17,Riyadh-Hub,Truck,144,95.0,53.3,1196.06,4.53
2025-07-17,Jeddah-Hub,Motorbike,660,89.6,23.1,1512.29,4.08
2025-07-17,Jeddah-Hub,Van,391,89.6,23.0,1833.77,3.75
2025-07-17,Jeddah-Hub,Truck,119,89.6,46.9,942.58,3.75
2025-07-17,Dammam-Hub,Motorbike,307,90.4,24.0,696.84,4.88
2025-07-17,Dammam-Hub,Van,237,90.4,38.0,1098.19,3.71
2025-07-17,Dammam-Hub,Truck,62,90.4,42.3,528.81,3.81
2025-07-17,Makkah-Hub,Motorbike,418,84.2,23.0,962.45,4.16
2025-07-17,Makkah-Hub,Van,291,84.2,32.4,1375.84,3.69
2025-07-17,Makkah-Hub,Truck,77,84.2,52.1,604.98,4.43
2025-07-17,Madinah-Hub,Motorbike,303,93.8,34.7,706.08,4.51
2025-07-17,Madinah-Hub,Van,189,93.8,29.9,849.89,4.07
2025-07-17,Madinah-Hub,Truck,48,93.8,44.0,394.87,4.36
2025-07-18,Riyadh-Hub,Motorbike,592,92.5,28.0,1435.04,4.42
2025-07-18,Riyadh-Hub,Van,396,92.5,39.8,1865.98,4.06
2025-07-18,Riyadh-Hub,Truck,105,92.5,45.1,846.71,4.13
2025-07-18,Jeddah-Hub,Motorbike,450,87.4,21.6,1007.06,3.14
2025-07-18,Jeddah-Hub,Van,296,87.4,35.7,1303.69,4.05
2025-07-18,Jeddah-Hub,Truck,93,87.4,44.1,750.42,4.04
2025-07-18,Dammam-Hub,Motorbike,272,92.1,22.4,639.96,4.38
2025-07-18,Dammam-Hub,Van,157,92.1,35.5,704.84,3.78
2025-07-18,Dammam-Hub,Truck,53,92.1,48.0,444.99,3.81
2025-07-18,Makkah-Hub,Motorbike,321,86.2,30.5,771.57,3.63
2025-07-18,Makkah-Hub,Van,215,86.2,31.0,966.72,3.72
2025-07-18,Makkah-Hub,Truck,57,86.2,46.1,460.26,3.99
2025-07-18,Madinah-Hub,Motorbike,235,88.1,26.0,554.6,3.91
2025-07-18,Madinah-Hub,Van,148,88.1,35.6,694.32,3.73
2025-07-18,Madinah-Hub,Truck,40,88.1,51.9,317.89,4.12
2025-07-19,Riyadh-Hub,Motorbike,701,89.3,18.4,1584.11,4.17
2025-07-19,Riyadh-Hub,Van,483,89.3,41.7,2144.07,4.03
2025-07-19,Riyadh-Hub,Truck,129,89.3,53.6,1053.24,4.07
2025-07-19,Jeddah-Hub,Motorbike,630,86.4,19.8,1481.02,4.29
2025-07-19,Jeddah-Hub,Van,392,86.4,35.0,1895.96,4.62
2025-07-19,Jeddah-Hub,Truck,116,86.4,50.1,946.28,4.32
2025-07-19,Dammam-Hub,Motorbike,316,94.7,26.4,743.94,4.43
2025-07-19,Dammam-Hub,Van,197,94.7,32.2,878.6,4.44
2025-07-19,Dammam-Hub,Truck,59,94.7,41.7,491.63,3.88
2025-07-19,Makkah-Hub,Motorbike,406,88.1,29.1,951.6,4.13
2025-07-19,Makkah-Hub,Van,275,88.1,43.1,1209.65,4.11
2025-07-19,Makkah-Hub,Truck,81,88.1,47.0,632.82,3.58
2025-07-19,Madinah-Hub,Motorbike,304,88.2,28.8,670.92,4.18
2025-07-19,Madinah-Hub,Van,183,88.2,40.4,826.4,3.85
2025-07-19,Madinah-Hub,Truck,56,88.2,49.4,477.8,3.6
2025-07-20,Riyadh-Hub,Motorbike,732,92.1,17.5,1758.79,3.96
2025-07-20,Riyadh-Hub,Van,428,92.1,32.9,2049.36,3.91
2025-07-20,Riyadh-Hub,Truck,141,92.1,44.0,1206.66,3.95
2025-07-20,Jeddah-Hub,Motorbike,646,90.1,12.0,1513.61,4.22
2025-07-20,Jeddah-Hub,Van,377,90.1,26.5,1781.62,4.11
2025-07-20,Jeddah-Hub,Truck,108,90.1,50.0,847.38,3.34
2025-07-20,Dammam-Hub,Motorbike,356,91.2,29.0,806.86,4.55
2025-07-20,Dammam-Hub,Van,223,91.2,28.2,1040.55,3.74
2025-07-20,Dammam-Hub,Truck,64,91.2,52.8,544.24,4.02
2025-07-20,Makkah-Hub,Motorbike,443,88.8,18.8,1037.21,4.05
2025-07-20,Makkah-Hub,Van,254,88.8,48.2,1148.39,3.7
2025-07-20,Makkah-Hub,Truck,75,88.8,47.3,645.22,4.04
2025-07-20,Madinah-Hub,Motorbike,312,87.3,33.6,726.34,4.56
2025-07-20,Madinah-Hub,Van,178,87.3,42.7,850.21,3.84
2025-07-20,Madinah-Hub,Truck,54,87.3,41.3,453.13,4.24
2025-07-21,Riyadh-Hub,Motorbike,799,90.2,31.1,1883.7,4.08
2025-07-21,Riyadh-Hub,Van,456,90.2,22.5,2125.68,3.68
2025-07-21,Riyadh-Hub,Truck,138,90.2,45.9,1185.18,3.81
2025-07-21,Jeddah-Hub,Motorbike,592,89.9,30.2,1405.31,4.1
2025-07-21,Jeddah-Hub,Van,349,89.9,32.6,1595.58,4.22
2025-07-21,Jeddah-Hub,Truck,110,89.9,40.5,918.24,3.33
2025-07-21,Dammam-Hub,Motorbike,325,98.4,21.9,753.88,4.78
2025-07-21,Dammam-Hub,Van,207,98.4,37.7,997.26,4.36
2025-07-21,Dammam-Hub,Truck,62,98.4,34.1,509.94,4.23
2025-07-21,Makkah-Hub,Motorbike,433,86.6,29.8,1029.61,4.76
2025-07-21,Makkah-Hub,Van,273,86.6,32.6,1237.3,3.99
2025-07-21,Makkah-Hub,Truck,72,86.6,66.6,590.6,3.66
2025-07-21,Madinah-Hub,Motorbike,282,89.2,30.4,650.55,4.31
2025-07-21,Madinah-Hub,Van,188,89.2,41.7,872.25,4.08
2025-07-21,Madinah-Hub,Truck,53,89.2,54.3,418.62,4.08
2025-07-22,Riyadh-Hub,Motorbike,735,87.3,27.8,1735.32,3.65
2025-07-22,Riyadh-Hub,Van,483,87.3,33.8,2186.88,3.73
2025-07-22,Riyadh-Hub,Truck,135,87.3,51.0,1065.95,4.41
2025-07-22,Jeddah-Hub,Motorbike,555,87.1,37.6,1233.85,3.94
2025-07-22,Jeddah-Hub,Van,398,87.1,34.5,1809.87,4.19
2025-07-22,Jeddah-Hub,Truck,110,87.1,45.5,868.79,4.01
2025-07-22,Dammam-Hub,Motorbike,316,93.8,24.3,706.73,4.25
2025-07-22,Dammam-Hub,Van,215,93.8,27.7,995.89,4.1
2025-07-22,Dammam-Hub,Truck,61,93.8,48.7,523.25,4.12
2025-07-22,Makkah-Hub,Motorbike,461,83.9,26.8,1066.27,3.47
2025-07-22,Makkah-Hub,Van,250,83.9,37.0,1156.49,3.97
2025-07-22,Makkah-Hub,Truck,83,83.9,51.5,694.65,4.18
2025-07-22,Madinah-Hub,Motorbike,296,92.0,27.0,713.09,4.01
2025-07-22,Madinah-Hub,Van,181,92.0,27.0,849.03,4.21
2025-07-22,Madinah-Hub,Truck,55,92.0,52.2,440.08,4.19
2025-07-23,Riyadh-Hub,Motorbike,694,95.1,27.5,1623.9,4.05
2025-07-23,Riyadh-Hub,Van,463,95.1,28.5,2249.35,4.35
2025-07-23,Riyadh-Hub,Truck,127,95.1,55.8,1097.32,4.21
2025-07-23,Jeddah-Hub,Motorbike,632,86.7,23.4,1428.51,4.97
2025-07-23,Jeddah-Hub,Van,406,86.7,35.3,1819.25,4.03
2025-07-23,Jeddah-Hub,Truck,115,86.7,40.7,940.65,3.97
2025-07-23,Dammam-Hub,Motorbike,360,88.7,34.0,813.98,4.54
2025-07-23,Dammam-Hub,Van,228,88.7,43.0,1086.54,4.29
2025-07-23,Dammam-Hub,Truck,65,88.7,55.9,519.78,4.01
2025-07-23,Makkah-Hub,Motorbike,401,78.7,32.0,940.87,4.26
2025-07-23,Makkah-Hub,Van,278,78.7,33.3,1314.03,4.06
2025-07-23,Makkah-Hub,Truck,79,78.7,53.6,675.32,4.18
2025-07-23,Madinah-Hub,Motorbike,285,94.3,35.3,653.51,3.96
2025-07-23,Madinah-Hub,Van,164,94.3,28.1,773.91,4.22
2025-07-23,Madinah-Hub,Truck,50,94.3,44.9,393.5,3.99
2025-07-24,Riyadh-Hub,Motorbike,691,90.7,28.3,1605.11,4.56
2025-07-24,Riyadh-Hub,Van,467,90.7,30.3,2150.12,3.9
2025-07-24,Riyadh-Hub,Truck,132,90.7,51.0,1126.86,4.24
2025-07-24,Jeddah-Hub,Motorbike,587,84.2,30.8,1407.75,3.8
2025-07-24,Jeddah-Hub,Van,408,84.2,43.9,1797.96,3.26
2025-07-24,Jeddah-Hub,Truck,101,84.2,47.9,825.86,4.07
2025-07-24,Dammam-Hub,Motorbike,327,91.3,26.4,754.81,3.93
2025-07-24,Dammam-Hub,Van,207,91.3,32.9,1003.45,4.19
2025-07-24,Dammam-Hub,Truck,62,91.3,52.0,520.05,3.95
2025-07-24,Makkah-Hub,Motorbike,398,88.5,33.3,921.22,4.33
2025-07-24,Makkah-Hub,Van,287,88.5,29.4,1351.25,4.75
2025-07-24,Makkah-Hub,Truck,76,88.5,48.0,608.07,4.09
2025-07-24,Madinah-Hub,Motorbike,286,91.9,25.3,652.67,4.35
2025-07-24,Madinah-Hub,Van,171,91.9,34.7,768.27,3.67
2025-07-24,Madinah-Hub,Truck,54,91.9,41.8,430.64,4.11
2025-07-25,Riyadh-Hub,Motorbike,582,90.4,38.6,1358.45,3.67
2025-07-25,Riyadh-Hub,Van,405,90.4,40.3,1836.03,4.43
2025-07-25,Riyadh-Hub,Truck,105,90.4,53.1,868.58,4.3
2025-07-25,Jeddah-Hub,Motorbike,464,87.9,25.8,1048.34,3.67
2025-07-25,Jeddah-Hub,Van,330,87.9,31.3,1479.4,4.05
2025-07-25,Jeddah-Hub,Truck,90,87.9,49.7,722.53,4.68
2025-07-25,Dammam-Hub,Motorbike,279,94.1,18.0,661.45,3.8
2025-07-25,Dammam-Hub,Van,186,94.1,39.8,846.42,3.68
2025-07-25,Dammam-Hub,Truck,54,94.1,42.7,461.97,4.19
2025-07-25,Makkah-Hub,Motorbike,348,84.4,26.7,814.51,4.2
2025-07-25,Makkah-Hub,Van,214,84.4,40.0,944.33,3.7
2025-07-25,Makkah-Hub,Truck,62,84.4,51.2,530.42,3.88
2025-07-25,Madinah-Hub,Motorbike,224,90.8,30.7,508.55,3.94
2025-07-25,Madinah-Hub,Van,136,90.8,39.1,611.39,4.35
2025-07-25,Madinah-Hub,Truck,45,90.8,49.6,360.89,3.79
2025-07-26,Riyadh-Hub,Motorbike,703,91.4,22.3,1708.06,3.91
2025-07-26,Riyadh-Hub,Van,440,91.4,39.6,2114.56,4.16
2025-07-26,Riyadh-Hub,Truck,130,91.4,42.2,1040.26,4.06
2025-07-26,Jeddah-Hub,Motorbike,646,87.0,20.2,1542.12,3.76
2025-07-26,Jeddah-Hub,Van,417,87.0,42.4,1928.58,4.34
2025-07-26,Jeddah-Hub,Truck,109,87.0,45.5,912.7,4.16
2025-07-26,Dammam-Hub,Motorbike,369,94.6,26.0,819.57,4.32
2025-07-26,Dammam-Hub,Van,209,94.6,37.9,930.93,3.91
2025-07-26,Dammam-Hub,Truck,65,94.6,50.2,512.02,3.54
2025-07-26,Makkah-Hub,Motorbike,395,86.8,25.3,912.62,4.06
2025-07-26,Makkah-Hub,Van,258,86.8,37.8,1249.66,3.54
2025-07-26,Makkah-Hub,Truck,85,86.8,49.1,672.02,4.23
2025-07-26,Madinah-Hub,Motorbike,305,89.2,21.0,694.45,4.94
2025-07-26,Madinah-Hub,Van,177,89.2,34.5,805.36,3.83
2025-07-26,Madinah-Hub,Truck,50,89.2,46.9,417.93,4.27
2025-07-27,Riyadh-Hub,Motorbike,751,89.7,12.2,1737.0,4.14
2025-07-27,Riyadh-Hub,Van,452,89.7,38.8,2044.95,3.78
2025-07-27,Riyadh-Hub,Truck,145,89.7,54.8,1224.52,4.2
2025-07-27,Jeddah-Hub,Motorbike,553,85.6,26.0,1326.77,4.01
2025-07-27,Jeddah-Hub,Van,347,85.6,35.9,1659.75,4.05
2025-07-27,Jeddah-Hub,Truck,99,85.6,52.0,837.05,4.05
2025-07-27,Dammam-Hub,Motorbike,365,91.1,34.6,884.4,3.89
2025-07-27,Dammam-Hub,Van,221,91.1,29.5,1021.48,4.22
2025-07-27,Dammam-Hub,Truck,64,91.1,44.3,517.27,4.32
2025-07-27,Makkah-Hub,Motorbike,452,86.9,25.6,1017.05,3.84
2025-07-27,Makkah-Hub,Van,260,86.9,37.0,1177.48,4.03
2025-07-27,Makkah-Hub,Truck,77,86.9,51.3,637.17,4.47
2025-07-27,Madinah-Hub,Motorbike,304,92.2,16.1,714.84,4.1
2025-07-27,Madinah-Hub,Van,173,92.2,33.6,797.1,4.01
2025-07-27,Madinah-Hub,Truck,51,92.2,50.9,421.97,3.88
2025-07-28,Riyadh-Hub,Motorbike,788,94.9,23.7,1806.0,4.08
2025-07-28,Riyadh-Hub,Van,432,94.9,34.6,1945.27,4.6
2025-07-28,Riyadh-Hub,Truck,124,94.9,50.7,1012.08,4.49
2025-07-28,Jeddah-Hub,Motorbike,638,87.2,31.4,1543.82,3.71
2025-07-28,Jeddah-Hub,Van,421,87.2,32.8,2001.69,4.33
2025-07-28,Jeddah-Hub,Truck,110,87.2,52.3,900.74,3.75
2025-07-28,Dammam-Hub,Motorbike,334,91.4,25.7,770.45,4.14
2025-07-28,Dammam-Hub,Van,205,91.4,27.6,978.88,4.44
2025-07-28,Dammam-Hub,Truck,65,91.4,43.3,523.33,3.92
2025-07-28,Makkah-Hub,Motorbike,465,88.8,27.6,1100.15,4.26
2025-07-28,Makkah-Hub,Van,294,88.8,44.4,1394.03,3.79
2025-07-28,Makkah-Hub,Truck,72,88.8,45.2,586.19,4.15
2025-07-28,Madinah-Hub,Motorbike,300,90.4,18.0,710.79,3.86
2025-07-28,Madinah-Hub,Van,176,90.4,36.1,813.4,4.6
2025-07-28,Madinah-Hub,Truck,47,90.4,43.1,371.75,4.18
2025-07-29,Riyadh-Hub,Motorbike,712,94.7,24.8,1619.49,3.76
2025-07-29,Riyadh-Hub,Van,511,94.7,28.5,2465.52,4.31
2025-07-29,Riyadh-Hub,Truck,146,94.7,35.4,1180.3,4.34
2025-07-29,Jeddah-Hub,Motorbike,560,91.7,21.8,1324.15,4.05
2025-07-29,Jeddah-Hub,Van,384,91.7,33.3,1708.36,3.93
2025-07-29,Jeddah-Hub,Truck,120,91.7,52.8,954.25,3.97
2025-07-29,Dammam-Hub,Motorbike,311,90.4,19.9,709.09,4.62
2025-07-29,Dammam-Hub,Van,201,90.4,39.6,949.88,3.87
2025-07-29,Dammam-Hub,Truck,67,90.4,47.3,573.7,4.59
2025-07-29,Makkah-Hub,Motorbike,459,88.3,10.0,1117.68,3.99
2025-07-29,Makkah-Hub,Van,257,88.3,34.8,1241.38,3.77
2025-07-29,Makkah-Hub,Truck,74,88.3,43.8,598.01,3.99
2025-07-29,Madinah-Hub,Motorbike,275,95.7,22.6,632.7,4.26
2025-07-29,Madinah-Hub,Van,192,95.7,34.6,867.61,3.79
2025-07-29,Madinah-Hub,Truck,55,95.7,57.9,458.15,5.0
2025-07-30,Riyadh-Hub,Motorbike,688,89.6,25.1,1555.46,3.77
2025-07-30,Riyadh-Hub,Van,516,89.6,26.0,2499.4,4.03
2025-07-30,Riyadh-Hub,Truck,131,89.6,58.8,1080.25,4.01
2025-07-30,Jeddah-Hub,Motorbike,622,86.7,34.0,1448.38,3.88
2025-07-30,Jeddah-Hub,Van,358,86.7,33.5,1606.43,4.07
2025-07-30,Jeddah-Hub,Truck,115,86.7,58.8,979.3,4.23
2025-07-30,Dammam-Hub,Motorbike,314,93.6,33.4,724.13,4.38
2025-07-30,Dammam-Hub,Van,226,93.6,32.4,1014.11,3.96
2025-07-30,Dammam-Hub,Truck,67,93.6,46.3,530.5,3.64
2025-07-30,Makkah-Hub,Motorbike,435,80.9,28.6,1037.76,3.74
2025-07-30,Makkah-Hub,Van,299,80.9,41.8,1453.66,4.65
2025-07-30,Makkah-Hub,Truck,75,80.9,50.5,613.84,4.42
2025-07-30,Madinah-Hub,Motorbike,278,91.0,30.2,670.75,3.95
2025-07-30,Madinah-Hub,Van,182,91.0,34.2,841.86,3.62
2025-07-30,Madinah-Hub,Truck,53,91.0,42.3,428.77,4.55
2025-07-31,Riyadh-Hub,Motorbike,687,90.2,32.9,1594.87,4.01
2025-07-31,Riyadh-Hub,Van,425,90.2,26.2,1979.73,3.92
2025-07-31,Riyadh-Hub,Truck,144,90.2,48.9,1241.85,4.44
2025-07-31,Jeddah-Hub,Motorbike,567,86.6,32.9,1287.66,3.5
2025-07-31,Jeddah-Hub,Van,405,86.6,36.8,1870.29,4.23
2025-07-31,Jeddah-Hub,Truck,117,86.6,53.6,971.51,4.01
2025-07-31,Dammam-Hub,Motorbike,325,93.4,32.9,766.33,3.94
2025-07-31,Dammam-Hub,Van,213,93.4,31.1,992.67,3.41
2025-07-31,Dammam-Hub,Truck,65,93.4,52.6,542.67,4.23
2025-07-31,Makkah-Hub,Motorbike,412,83.9,23.4,971.79,3.89
2025-07-31,Makkah-Hub,Van,282,83.9,33.1,1321.18,3.65
2025-07-31,Makkah-Hub,Truck,84,83.9,41.8,675.69,4.4
2025-07-31,Madinah-Hub,Motorbike,273,89.4,22.3,621.18,4.21
2025-07-31,Madinah-Hub,Van,165,89.4,30.5,735.09,4.2
2025-07-31,Madinah-Hub,Truck,53,89.4,39.7,457.48,4.22
2025-08-01,Riyadh-Hub,Motorbike,593,91.4,27.3,1409.84,4.22
2025-08-01,Riyadh-Hub,Van,346,91.4,41.5,1667.52,4.14
2025-08-01,Riyadh-Hub,Truck,113,91.4,58.5,907.18,4.17
2025-08-01,Jeddah-Hub,Motorbike,476,88.6,30.5,1066.64,4.25
2025-08-01,Jeddah-Hub,Van,324,88.6,38.2,1439.5,3.67
2025-08-01,Jeddah-Hub,Truck,95,88.6,52.8,818.58,3.71
2025-08-01,Dammam-Hub,Motorbike,291,98.5,22.9,656.72,3.88
2025-08-01,Dammam-Hub,Van,165,98.5,22.8,750.34,4.44
2025-08-01,Dammam-Hub,Truck,53,98.5,43.2,421.14,4.56
2025-08-01,Makkah-Hub,Motorbike,350,83.0,22.5,785.5,3.86
2025-08-01,Makkah-Hub,Van,203,83.0,37.5,899.86,3.78
2025-08-01,Makkah-Hub,Truck,66,83.0,48.4,524.52,3.98
2025-08-01,Madinah-Hub,Motorbike,217,86.5,27.2,518.97,4.1
2025-08-01,Madinah-Hub,Van,149,86.5,36.6,673.5,3.72
2025-08-01,Madinah-Hub,Truck,41,86.5,56.5,333.53,3.71
2025-08-02,Riyadh-Hub,Motorbike,713,96.1,21.3,1716.08,3.78
2025-08-02,Riyadh-Hub,Van,476,96.1,29.1,2269.03,5.0
2025-08-02,Riyadh-Hub,Truck,146,96.1,46.4,1155.81,4.34
2025-08-02,Jeddah-Hub,Motorbike,595,87.4,18.9,1435.98,3.99
2025-08-02,Jeddah-Hub,Van,385,87.4,38.7,1832.34,3.55
2025-08-02,Jeddah-Hub,Truck,110,87.4,34.9,925.95,4.12
2025-08-02,Dammam-Hub,Motorbike,341,93.8,17.4,828.92,4.23
2025-08-02,Dammam-Hub,Van,222,93.8,30.5,1029.68,3.98
2025-08-02,Dammam-Hub,Truck,57,93.8,51.8,447.82,4.59
2025-08-02,Makkah-Hub,Motorbike,469,86.9,36.3,1095.87,3.94
2025-08-02,Makkah-Hub,Van,268,86.9,37.1,1196.49,4.1
2025-08-02,Makkah-Hub,Truck,73,86.9,49.9,609.52,4.24
2025-08-02,Madinah-Hub,Motorbike,284,92.3,30.1,677.2,4.47
2025-08-02,Madinah-Hub,Van,164,92.3,39.2,763.99,4.38
2025-08-02,Madinah-Hub,Truck,47,92.3,55.9,407.45,3.81
2025-08-03,Riyadh-Hub,Motorbike,762,91.8,35.9,1856.14,3.84
2025-08-03,Riyadh-Hub,Van,498,91.8,32.0,2244.67,4.44
2025-08-03,Riyadh-Hub,Truck,131,91.8,48.0,1047.73,4.51
2025-08-03,Jeddah-Hub,Motorbike,550,91.7,27.2,1299.45,4.57
2025-08-03,Jeddah-Hub,Van,388,91.7,24.6,1890.36,3.95
2025-08-03,Jeddah-Hub,Truck,118,91.7,43.3,967.6,4.27
2025-08-03,Dammam-Hub,Motorbike,361,92.2,18.2,829.91,3.64
2025-08-03,Dammam-Hub,Van,232,92.2,35.5,1088.39,3.98
2025-08-03,Dammam-Hub,Truck,56,92.2,44.8,450.6,4.23
2025-08-03,Makkah-Hub,Motorbike,447,84.2,30.3,1090.15,3.9
2025-08-03,Makkah-Hub,Van,280,84.2,32.3,1257.68,3.66
2025-08-03,Makkah-Hub,Truck,74,84.2,55.3,584.25,3.81
2025-08-03,Madinah-Hub,Motorbike,276,87.2,19.5,632.05,4.21
2025-08-03,Madinah-Hub,Van,183,87.2,37.5,825.67,4.19
2025-08-03,Madinah-Hub,Truck,51,87.2,54.4,403.34,3.75
2025-08-04,Riyadh-Hub,Motorbike,707,92.5,32.8,1602.23,4.72
2025-08-04,Riyadh-Hub,Van,503,92.5,30.6,2232.26,4.26
2025-08-04,Riyadh-Hub,Truck,138,92.5,43.3,1140.11,3.92
2025-08-04,Jeddah-Hub,Motorbike,615,87.5,31.1,1487.65,4.09
2025-08-04,Jeddah-Hub,Van,384,87.5,36.4,1713.9,3.87
2025-08-04,Jeddah-Hub,Truck,110,87.5,42.9,899.9,3.96
2025-08-04,Dammam-Hub,Motorbike,358,94.0,31.3,861.96,4.37
2025-08-04,Dammam-Hub,Van,213,94.0,28.7,943.89,4.2
2025-08-04,Dammam-Hub,Truck,64,94.0,45.1,541.67,4.03
2025-08-04,Makkah-Hub,Motorbike,452,88.2,27.6,1055.42,4.18
2025-08-04,Makkah-Hub,Van,288,88.2,30.7,1395.07,4.42
2025-08-04,Makkah-Hub,Truck,73,88.2,56.1,598.35,3.74
2025-08-04,Madinah-Hub,Motorbike,275,88.8,21.4,612.98,4.08
2025-08-04,Madinah-Hub,Van,168,88.8,42.8,783.38,4.23
2025-08-04,Madinah-Hub,Truck,47,88.8,50.1,375.59,3.87
2025-08-05,Riyadh-Hub,Motorbike,762,89.1,32.0,1739.17,4.1
2025-08-05,Riyadh-Hub,Van,504,89.1,32.2,2253.36,4.34
2025-08-05,Riyadh-Hub,Truck,137,89.1,56.6,1161.89,4.19
2025-08-05,Jeddah-Hub,Motorbike,632,90.8,26.0,1501.73,3.81
2025-08-05,Jeddah-Hub,Van,376,90.8,30.1,1727.81,4.07
2025-08-05,Jeddah-Hub,Truck,110,90.8,48.3,876.14,4.46
2025-08-05,Dammam-Hub,Motorbike,342,93.2,32.4,785.96,4.45
2025-08-05,Dammam-Hub,Van,229,93.2,29.2,1105.57,4.77
2025-08-05,Dammam-Hub,Truck,57,93.2,51.8,473.35,4.07
2025-08-05,Makkah-Hub,Motorbike,394,84.6,32.6,921.45,4.4
2025-08-05,Makkah-Hub,Van,253,84.6,38.7,1173.34,3.58
2025-08-05,Makkah-Hub,Truck,73,84.6,58.4,578.02,3.91
2025-08-05,Madinah-Hub,Motorbike,264,89.6,40.8,584.1,4.26
2025-08-05,Madinah-Hub,Van,180,89.6,36.3,800.62,3.92
2025-08-05,Madinah-Hub,Truck,51,89.6,46.4,404.92,4.11
2025-08-06,Riyadh-Hub,Motorbike,758,88.5,19.5,1709.51,4.53
2025-08-06,Riyadh-Hub,Van,485,88.5,37.1,2229.09,3.9
2025-08-06,Riyadh-Hub,Truck,126,88.5,45.8,1030.09,4.51
2025-08-06,Jeddah-Hub,Motorbike,603,88.8,29.8,1380.11,4.33
2025-08-06,Jeddah-Hub,Van,397,88.8,23.8,1800.37,4.44
2025-08-06,Jeddah-Hub,Truck,118,88.8,46.8,972.19,4.81
2025-08-06,Dammam-Hub,Motorbike,363,93.5,30.5,866.86,3.73
2025-08-06,Dammam-Hub,Van,234,93.5,35.8,1052.28,3.65
2025-08-06,Dammam-Hub,Truck,56,93.5,36.7,459.37,3.88
2025-08-06,Makkah-Hub,Motorbike,444,88.4,15.3,1070.57,4.4
2025-08-06,Makkah-Hub,Van,283,88.4,37.1,1300.04,4.08
2025-08-06,Makkah-Hub,Truck,76,88.4,49.2,655.93,3.28
2025-08-06,Madinah-Hub,Motorbike,270,90.7,22.9,659.79,3.63
2025-08-06,Madinah-Hub,Van,185,90.7,30.2,872.89,4.04
2025-08-06,Madinah-Hub,Truck,55,90.7,52.3,468.08,4.02
2025-08-07,Riyadh-Hub,Motorbike,723,94.5,25.5,1713.17,4.13
2025-08-07,Riyadh-Hub,Van,455,94.5,31.6,2026.82,4.27
2025-08-07,Riyadh-Hub,Truck,128,94.5,45.5,1075.54,3.96
2025-08-07,Jeddah-Hub,Motorbike,629,86.7,27.2,1529.1,4.15
2025-08-07,Jeddah-Hub,Van,407,86.7,28.4,1882.77,3.89
2025-08-07,Jeddah-Hub,Truck,116,86.7,51.6,929.49,4.37
2025-08-07,Dammam-Hub,Motorbike,346,92.0,20.0,820.8,3.46
2025-08-07,Dammam-Hub,Van,208,92.0,36.2,948.3,4.22
2025-08-07,Dammam-Hub,Truck,64,92.0,52.7,538.76,4.73
2025-08-07,Makkah-Hub,Motorbike,414,82.9,18.4,934.23,3.36
2025-08-07,Makkah-Hub,Van,288,82.9,38.1,1296.24,3.41
2025-08-07,Makkah-Hub,Truck,72,82.9,58.8,586.02,3.83
2025-08-07,Madinah-Hub,Motorbike,288,92.3,29.4,672.43,4.73
2025-08-07,Madinah-Hub,Van,183,92.3,33.0,823.65,3.92
2025-08-07,Madinah-Hub,Truck,48,92.3,41.9,408.95,4.63
2025-08-08,Riyadh-Hub,Motorbike,570,90.4,25.3,1293.57,4.28
2025-08-08,Riyadh-Hub,Van,397,90.4,39.9,1829.96,3.84
2025-08-08,Riyadh-Hub,Truck,104,90.4,50.6,854.56,4.25
2025-08-08,Jeddah-Hub,Motorbike,482,87.6,27.8,1113.89,4.06
2025-08-08,Jeddah-Hub,Van,305,87.6,38.8,1354.62,3.91
2025-08-08,Jeddah-Hub,Truck,85,87.6,48.3,697.13,3.88
2025-08-08,Dammam-Hub,Motorbike,254,90.5,28.1,621.48,4.03
2025-08-08,Dammam-Hub,Van,182,90.5,28.7,876.86,4.19
2025-08-08,Dammam-Hub,Truck,48,90.5,52.9,378.86,4.17
2025-08-08,Makkah-Hub,Motorbike,352,85.2,31.9,826.48,4.26
2025-08-08,Makkah-Hub,Van,222,85.2,28.6,1017.0,3.43
2025-08-08,Makkah-Hub,Truck,60,85.2,54.0,478.08,4.36
2025-08-08,Madinah-Hub,Motorbike,233,90.5,18.9,554.25,3.81
2025-08-08,Madinah-Hub,Van,131,90.5,38.8,595.96,3.77
2025-08-08,Madinah-Hub,Truck,45,90.5,52.8,368.88,4.71
2025-08-09,Riyadh-Hub,Motorbike,760,86.1,29.5,1753.83,4.14
2025-08-09,Riyadh-Hub,Van,489,86.1,36.1,2218.44,3.95
2025-08-09,Riyadh-Hub,Truck,125,86.1,52.4,1063.08,4.45
2025-08-09,Jeddah-Hub,Motorbike,632,88.6,27.9,1491.25,4.14
2025-08-09,Jeddah-Hub,Van,388,88.6,34.0,1762.11,4.18
2025-08-09,Jeddah-Hub,Truck,102,88.6,38.0,808.41,4.38
2025-08-09,Dammam-Hub,Motorbike,308,95.8,21.1,713.71,3.46
2025-08-09,Dammam-Hub,Van,195,95.8,29.5,951.61,3.76
2025-08-09,Dammam-Hub,Truck,67,95.8,45.6,560.3,4.66
2025-08-09,Makkah-Hub,Motorbike,461,82.4,27.9,1105.76,3.86
2025-08-09,Makkah-Hub,Van,263,82.4,40.5,1233.14,4.04
2025-08-09,Makkah-Hub,Truck,83,82.4,46.5,655.71,3.38
2025-08-09,Madinah-Hub,Motorbike,312,90.8,30.5,705.86,4.0
2025-08-09,Madinah-Hub,Van,182,90.8,30.3,851.49,3.57
2025-08-09,Madinah-Hub,Truck,54,90.8,54.3,431.68,4.05
2025-08-10,Riyadh-Hub,Motorbike,769,91.0,31.3,1800.52,3.53
2025-08-10,Riyadh-Hub,Van,494,91.0,47.0,2394.81,3.83
2025-08-10,Riyadh-Hub,Truck,144,91.0,51.9,1151.8,4.2
2025-08-10,Jeddah-Hub,Motorbike,637,85.7,22.8,1422.14,4.25
2025-08-10,Jeddah-Hub,Van,385,85.7,47.0,1871.72,3.96
2025-08-10,Jeddah-Hub,Truck,106,85.7,59.8,915.41,3.66
2025-08-10,Dammam-Hub,Motorbike,318,92.4,31.3,749.04,3.98
2025-08-10,Dammam-Hub,Van,230,92.4,38.8,1021.51,3.61
2025-08-10,Dammam-Hub,Truck,59,92.4,45.7,494.65,4.43
2025-08-10,Makkah-Hub,Motorbike,469,81.8,32.0,1104.19,3.85
2025-08-10,Makkah-Hub,Van,262,81.8,40.8,1268.29,3.9
2025-08-10,Makkah-Hub,Truck,81,81.8,55.2,688.91,4.22
2025-08-10,Madinah-Hub,Motorbike,266,88.1,34.1,648.8,4.35
2025-08-10,Madinah-Hub,Van,174,88.1,30.5,772.5,4.4
2025-08-10,Madinah-Hub,Truck,48,88.1,56.0,406.31,3.51
2025-08-11,Riyadh-Hub,Motorbike,681,89.9,28.3,1625.77,4.64
2025-08-11,Riyadh-Hub,Van,512,89.9,41.5,2390.48,4.2
2025-08-11,Riyadh-Hub,Truck,122,89.9,42.0,994.85,4.22
2025-08-11,Jeddah-Hub,Motorbike,568,89.7,30.2,1357.25,4.38
2025-08-11,Jeddah-Hub,Van,387,89.7,38.4,1775.33,3.98
2025-08-11,Jeddah-Hub,Truck,100,89.7,41.3,807.99,4.11
2025-08-11,Dammam-Hub,Motorbike,360,96.6,28.3,882.38,4.37
2025-08-11,Dammam-Hub,Van,236,96.6,38.5,1134.77,4.22
2025-08-11,Dammam-Hub,Truck,56,96.6,43.1,444.12,4.2
2025-08-11,Makkah-Hub,Motorbike,404,84.8,21.8,980.96,4.3
2025-08-11,Makkah-Hub,Van,252,84.8,29.6,1192.74,3.79
2025-08-11,Makkah-Hub,Truck,84,84.8,56.8,665.82,4.03
2025-08-11,Madinah-Hub,Motorbike,294,88.6,24.7,715.58,4.92
2025-08-11,Madinah-Hub,Van,189,88.6,40.7,914.69,4.2
2025-08-11,Madinah-Hub,Truck,48,88.6,47.4,405.52,4.55
2025-08-12,Riyadh-Hub,Motorbike,735,88.8,29.0,1769.32,4.29
2025-08-12,Riyadh-Hub,Van,477,88.8,29.1,2145.18,3.97
2025-08-12,Riyadh-Hub,Truck,123,88.8,57.2,1023.32,4.21
2025-08-12,Jeddah-Hub,Motorbike,552,91.1,21.6,1349.96,4.08
2025-08-12,Jeddah-Hub,Van,413,91.1,31.1,1847.56,4.59
2025-08-12,Jeddah-Hub,Truck,115,91.1,52.8,924.11,4.61
2025-08-12,Dammam-Hub,Motorbike,361,94.1,28.8,847.02,4.51
2025-08-12,Dammam-Hub,Van,234,94.1,37.5,1047.23,3.92
2025-08-12,Dammam-Hub,Truck,56,94.1,43.3,475.37,4.4
2025-08-12,Makkah-Hub,Motorbike,393,86.3,26.0,891.86,3.83
2025-08-12,Makkah-Hub,Van,294,86.3,38.4,1408.49,3.64
2025-08-12,Makkah-Hub,Truck,77,86.3,42.2,641.86,4.01
2025-08-12,Madinah-Hub,Motorbike,271,91.1,22.7,657.02,4.35
2025-08-12,Madinah-Hub,Van,190,91.1,40.5,927.13,4.22
2025-08-12,Madinah-Hub,Truck,50,91.1,43.4,409.47,4.43
2025-08-13,Riyadh-Hub,Motorbike,713,88.7,20.5,1609.37,3.84
2025-08-13,Riyadh-Hub,Van,499,88.7,34.6,2379.73,4.14
2025-08-13,Riyadh-Hub,Truck,132,88.7,52.3,1056.65,4.5
2025-08-13,Jeddah-Hub,Motorbike,580,85.4,24.4,1363.54,4.43
2025-08-13,Jeddah-Hub,Van,356,85.4,37.1,1613.84,4.53
2025-08-13,Jeddah-Hub,Truck,103,85.4,45.4,864.21,4.11
2025-08-13,Dammam-Hub,Motorbike,322,92.2,25.3,782.75,4.07
2025-08-13,Dammam-Hub,Van,233,92.2,27.7,1130.62,3.69
2025-08-13,Dammam-Hub,Truck,56,92.2,54.7,461.18,3.81
2025-08-13,Makkah-Hub,Motorbike,435,83.7,16.8,996.01,3.9
2025-08-13,Makkah-Hub,Van,283,83.7,36.4,1318.72,4.01
2025-08-13,Makkah-Hub,Truck,80,83.7,50.9,663.96,3.93
2025-08-13,Madinah-Hub,Motorbike,294,89.9,29.0,695.49,4.23
2025-08-13,Madinah-Hub,Van,175,89.9,22.3,782.14,4.22
2025-08-13,Madinah-Hub,Truck,48,89.9,47.8,379.81,4.06
2025-08-14,Riyadh-Hub,Motorbike,769,89.3,30.0,1828.03,3.67
2025-08-14,Riyadh-Hub,Van,490,89.3,47.3,2350.23,4.1
2025-08-14,Riyadh-Hub,Truck,136,89.3,60.2,1170.88,4.13
2025-08-14,Jeddah-Hub,Motorbike,606,86.4,25.3,1455.09,4.36
2025-08-14,Jeddah-Hub,Van,405,86.4,33.2,1912.39,4.09
2025-08-14,Jeddah-Hub,Truck,120,86.4,59.2,1029.18,3.9
2025-08-14,Dammam-Hub,Motorbike,332,93.8,26.0,741.26,3.8
2025-08-14,Dammam-Hub,Van,230,93.8,41.5,1082.55,3.51
2025-08-14,Dammam-Hub,Truck,61,93.8,46.6,497.89,4.17
2025-08-14,Makkah-Hub,Motorbike,433,88.1,25.7,1048.96,3.79
2025-08-14,Makkah-Hub,Van,246,88.1,32.8,1163.9,4.1
2025-08-14,Makkah-Hub,Truck,76,88.1,42.7,648.07,3.97
2025-08-14,Madinah-Hub,Motorbike,280,88.8,35.4,669.3,3.7
2025-08-14,Madinah-Hub,Van,170,88.8,38.9,791.27,3.97
2025-08-14,Madinah-Hub,Truck,53,88.8,54.9,425.82,3.89
2025-08-15,Riyadh-Hub,Motorbike,650,90.9,20.2,1524.23,4.28
2025-08-15,Riyadh-Hub,Van,345,90.9,45.4,1593.19,4.22
2025-08-15,Riyadh-Hub,Truck,109,90.9,55.3,908.58,4.04
2025-08-15,Jeddah-Hub,Motorbike,512,86.2,21.1,1144.57,3.86
2025-08-15,Jeddah-Hub,Van,297,86.2,43.2,1412.65,3.61
2025-08-15,Jeddah-Hub,Truck,81,86.2,55.8,698.63,4.17
2025-08-15,Dammam-Hub,Motorbike,248,90.2,33.6,570.12,3.9
2025-08-15,Dammam-Hub,Van,168,90.2,38.7,782.46,3.81
2025-08-15,Dammam-Hub,Truck,48,90.2,47.5,418.22,3.91
2025-08-15,Makkah-Hub,Motorbike,320,82.0,19.4,742.94,4.19
2025-08-15,Makkah-Hub,Van,224,82.0,30.4,1068.77,3.9
2025-08-15,Makkah-Hub,Truck,63,82.0,50.1,526.49,4.06
2025-08-15,Madinah-Hub,Motorbike,249,90.4,36.6,605.8,4.07
2025-08-15,Madinah-Hub,Van,136,90.4,32.9,651.74,3.76
2025-08-15,Madinah-Hub,Truck,38,90.4,53.0,308.46,3.98
2025-08-16,Riyadh-Hub,Motorbike,790,87.0,36.0,1790.81,3.68
2025-08-16,Riyadh-Hub,Van,463,87.0,42.4,2132.46,4.39
2025-08-16,Riyadh-Hub,Truck,142,87.0,47.6,1202.86,3.69
2025-08-16,Jeddah-Hub,Motorbike,603,85.5,31.7,1461.83,3.85
2025-08-16,Jeddah-Hub,Van,400,85.5,43.0,1927.06,4.8
2025-08-16,Jeddah-Hub,Truck,108,85.5,47.9,903.55,3.82
2025-08-16,Dammam-Hub,Motorbike,344,94.7,25.1,773.75,4.35
2025-08-16,Dammam-Hub,Van,196,94.7,29.6,950.95,4.37
2025-08-16,Dammam-Hub,Truck,63,94.7,44.2,523.2,3.51
2025-08-16,Makkah-Hub,Motorbike,425,87.4,26.8,993.94,5.0
2025-08-16,Makkah-Hub,Van,284,87.4,27.2,1326.76,4.14
2025-08-16,Makkah-Hub,Truck,73,87.4,57.0,596.08,3.77
2025-08-16,Madinah-Hub,Motorbike,298,90.0,26.5,690.98,4.47
2025-08-16,Madinah-Hub,Van,166,90.0,41.5,795.49,4.16
2025-08-16,Madinah-Hub,Truck,51,90.0,52.1,431.62,3.84
2025-08-17,Riyadh-Hub,Motorbike,721,94.0,26.0,1689.28,3.98
2025-08-17,Riyadh-Hub,Van,427,94.0,29.8,2036.4,4.29
2025-08-17,Riyadh-Hub,Truck,133,94.0,47.5,1134.24,4.24
2025-08-17,Jeddah-Hub,Motorbike,619,86.9,34.4,1421.77,3.94
2025-08-17,Jeddah-Hub,Van,347,86.9,45.4,1627.36,3.49
2025-08-17,Jeddah-Hub,Truck,116,86.9,45.0,953.07,4.36
2025-08-17,Dammam-Hub,Motorbike,314,93.4,31.8,749.12,4.51
2025-08-17,Dammam-Hub,Van,211,93.4,39.5,1019.02,3.91
2025-08-17,Dammam-Hub,Truck,67,93.4,52.5,573.95,4.4
2025-08-17,Makkah-Hub,Motorbike,439,87.5,33.3,1058.45,3.54
2025-08-17,Makkah-Hub,Van,293,87.5,42.9,1377.14,3.88
2025-08-17,Makkah-Hub,Truck,78,87.5,51.1,674.77,4.2
2025-08-17,Madinah-Hub,Motorbike,314,92.9,25.9,747.89,4.39
2025-08-17,Madinah-Hub,Van,184,92.9,35.6,823.01,4.31
2025-08-17,Madinah-Hub,Truck,52,92.9,53.1,411.14,3.39
2025-08-18,Riyadh-Hub,Motorbike,677,90.2,22.8,1556.86,3.6
2025-08-18,Riyadh-Hub,Van,445,90.2,35.4,2126.71,4.09
2025-08-18,Riyadh-Hub,Truck,145,90.2,42.2,1231.88,3.68
2025-08-18,Jeddah-Hub,Motorbike,565,87.9,18.2,1353.01,3.45
2025-08-18,Jeddah-Hub,Van,356,87.9,32.4,1687.19,4.76
2025-08-18,Jeddah-Hub,Truck,114,87.9,47.1,983.15,4.18
2025-08-18,Dammam-Hub,Motorbike,321,88.5,26.8,781.1,4.12
2025-08-18,Dammam-Hub,Van,195,88.5,41.4,883.12,4.1
2025-08-18,Dammam-Hub,Truck,68,88.5,50.2,539.92,4.29
2025-08-18,Makkah-Hub,Motorbike,434,86.4,22.1,1055.34,3.66
2025-08-18,Makkah-Hub,Van,268,86.4,30.4,1243.47,3.88
2025-08-18,Makkah-Hub,Truck,78,86.4,50.7,677.58,4.15
2025-08-18,Madinah-Hub,Motorbike,293,87.5,15.6,676.25,4.03
2025-08-18,Madinah-Hub,Van,179,87.5,44.8,879.92,4.38
2025-08-18,Madinah-Hub,Truck,56,87.5,55.1,454.17,4.63
2025-08-19,Riyadh-Hub,Motorbike,739,89.6,21.3,1760.19,3.98
2025-08-19,Riyadh-Hub,Van,487,89.6,35.6,2169.94,4.24
2025-08-19,Riyadh-Hub,Truck,130,89.6,43.5,1037.27,4.23
2025-08-19,Jeddah-Hub,Motorbike,572,92.7,24.4,1320.92,4.8
2025-08-19,Jeddah-Hub,Van,376,92.7,35.0,1785.38,4.08
2025-08-19,Jeddah-Hub,Truck,102,92.7,43.7,814.5,3.37
2025-08-19,Dammam-Hub,Motorbike,365,89.7,30.8,852.74,4.35
2025-08-19,Dammam-Hub,Van,212,89.7,24.3,990.68,4.07
2025-08-19,Dammam-Hub,Truck,57,89.7,57.4,453.17,3.83
2025-08-19,Makkah-Hub,Motorbike,440,82.7,38.7,1022.48,3.58
2025-08-19,Makkah-Hub,Van,280,82.7,38.5,1286.48,3.42
2025-08-19,Makkah-Hub,Truck,71,82.7,58.5,573.8,4.65
2025-08-19,Madinah-Hub,Motorbike,314,89.8,19.7,766.4,4.05
2025-08-19,Madinah-Hub,Van,179,89.8,31.7,870.64,4.42
2025-08-19,Madinah-Hub,Truck,55,89.8,42.6,475.43,3.98
2025-08-20,Riyadh-Hub,Motorbike,787,88.7,27.5,1805.9,4.38
2025-08-20,Riyadh-Hub,Van,464,88.7,39.2,2267.78,3.94
2025-08-20,Riyadh-Hub,Truck,128,88.7,42.4,1065.86,4.05
2025-08-20,Jeddah-Hub,Motorbike,631,86.8,22.9,1442.99,4.11
2025-08-20,Jeddah-Hub,Van,422,86.8,30.8,1934.4,3.43
2025-08-20,Jeddah-Hub,Truck,111,86.8,47.7,943.87,3.92
2025-08-20,Dammam-Hub,Motorbike,311,91.9,27.7,748.67,4.17
2025-08-20,Dammam-Hub,Van,217,91.9,29.1,1031.5,4.06
2025-08-20,Dammam-Hub,Truck,59,91.9,49.3,498.56,4.25
2025-08-20,Makkah-Hub,Motorbike,436,84.0,24.9,1028.51,3.76
2025-08-20,Makkah-Hub,Van,268,84.0,38.0,1239.97,3.48
2025-08-20,Makkah-Hub,Truck,73,84.0,53.1,584.88,4.04
2025-08-20,Madinah-Hub,Motorbike,258,88.3,26.0,625.88,4.07
2025-08-20,Madinah-Hub,Van,198,88.3,31.9,968.02,3.82
2025-08-20,Madinah-Hub,Truck,47,88.3,51.2,377.88,3.94
2025-08-21,Riyadh-Hub,Motorbike,746,93.3,34.0,1816.42,4.45
2025-08-21,Riyadh-Hub,Van,471,93.3,26.0,2280.65,4.47
2025-08-21,Riyadh-Hub,Truck,147,93.3,47.3,1211.3,3.92
2025-08-21,Jeddah-Hub,Motorbike,576,87.1,27.6,1347.78,3.84
2025-08-21,Jeddah-Hub,Van,360,87.1,30.7,1662.37,3.85
2025-08-21,Jeddah-Hub,Truck,112,87.1,48.8,905.64,4.18
2025-08-21,Dammam-Hub,Motorbike,326,93.4,23.4,778.76,4.04
2025-08-21,Dammam-Hub,Van,219,93.4,40.5,986.04,3.85
2025-08-21,Dammam-Hub,Truck,64,93.4,47.7,521.15,4.55
2025-08-21,Makkah-Hub,Motorbike,408,86.1,38.1,951.72,3.95
2025-08-21,Makkah-Hub,Van,285,86.1,31.1,1300.37,4.21
2025-08-21,Makkah-Hub,Truck,74,86.1,47.9,589.35,3.72
2025-08-21,Madinah-Hub,Motorbike,293,89.6,23.0,681.32,3.64
2025-08-21,Madinah-Hub,Van,192,89.6,42.2,917.86,4.07
2025-08-21,Madinah-Hub,Truck,53,89.6,47.3,424.03,3.86
2025-08-22,Riyadh-Hub,Motorbike,635,88.1,23.5,1501.64,4.26
2025-08-22,Riyadh-Hub,Van,341,88.1,32.9,1532.08,4.14
2025-08-22,Riyadh-Hub,Truck,106,88.1,48.6,915.31,3.89
2025-08-22,Jeddah-Hub,Motorbike,436,88.5,38.2,1023.5,4.65
2025-08-22,Jeddah-Hub,Van,308,88.5,36.3,1430.94,4.15
2025-08-22,Jeddah-Hub,Truck,82,88.5,52.3,684.49,3.97
2025-08-22,Dammam-Hub,Motorbike,268,91.6,28.1,625.9,3.94
2025-08-22,Dammam-Hub,Van,162,91.6,38.4,751.18,4.01
2025-08-22,Dammam-Hub,Truck,46,91.6,40.1,395.91,3.98
2025-08-22,Makkah-Hub,Motorbike,368,85.9,32.9,866.78,3.92
2025-08-22,Makkah-Hub,Van,236,85.9,33.8,1085.56,4.42
2025-08-22,Makkah-Hub,Truck,66,85.9,44.0,561.9,4.24
2025-08-22,Madinah-Hub,Motorbike,243,87.4,30.8,584.45,3.62
2025-08-22,Madinah-Hub,Van,138,87.4,27.5,679.58,4.0
2025-08-22,Madinah-Hub,Truck,37,87.4,46.6,316.33,3.93
2025-08-23,Riyadh-Hub,Motorbike,721,89.1,37.5,1716.08,3.88
2025-08-23,Riyadh-Hub,Van,427,89.1,26.8,2079.66,3.85
2025-08-23,Riyadh-Hub,Truck,138,89.1,49.0,1151.58,4.16
2025-08-23,Jeddah-Hub,Motorbike,594,89.9,28.6,1359.52,4.25
2025-08-23,Jeddah-Hub,Van,380,89.9,34.0,1821.83,3.99
2025-08-23,Jeddah-Hub,Truck,102,89.9,50.9,845.02,4.05
2025-08-23,Dammam-Hub,Motorbike,362,94.8,17.6,858.43,4.13
2025-08-23,Dammam-Hub,Van,215,94.8,21.2,986.2,4.5
2025-08-23,Dammam-Hub,Truck,64,94.8,50.1,546.04,4.39
2025-08-23,Makkah-Hub,Motorbike,421,85.2,26.3,977.33,4.33
2025-08-23,Makkah-Hub,Van,276,85.2,42.3,1281.77,4.13
2025-08-23,Makkah-Hub,Truck,83,85.2,53.8,717.79,4.0
2025-08-23,Madinah-Hub,Motorbike,280,88.8,29.0,629.18,4.55
2025-08-23,Madinah-Hub,Van,179,88.8,32.4,799.65,3.39
2025-08-23,Madinah-Hub,Truck,51,88.8,45.5,444.49,4.59
2025-08-24,Riyadh-Hub,Motorbike,810,93.2,20.1,1899.66,4.01
2025-08-24,Riyadh-Hub,Van,438,93.2,28.9,2097.19,4.32
2025-08-24,Riyadh-Hub,Truck,143,93.2,42.3,1175.34,4.26
2025-08-24,Jeddah-Hub,Motorbike,570,85.5,38.7,1396.6,4.42
2025-08-24,Jeddah-Hub,Van,408,85.5,44.8,1952.06,4.11
2025-08-24,Jeddah-Hub,Truck,111,85.5,63.5,885.43,4.25
2025-08-24,Dammam-Hub,Motorbike,345,96.3,26.3,828.74,4.28
2025-08-24,Dammam-Hub,Van,197,96.3,23.8,892.44,4.42
2025-08-24,Dammam-Hub,Truck,59,96.3,40.7,501.85,4.21
2025-08-24,Makkah-Hub,Motorbike,411,88.0,27.9,957.63,4.29
2025-08-24,Makkah-Hub,Van,275,88.0,29.0,1335.72,4.22
2025-08-24,Makkah-Hub,Truck,76,88.0,50.8,609.24,3.97
2025-08-24,Madinah-Hub,Motorbike,287,93.1,29.7,644.7,3.76
2025-08-24,Madinah-Hub,Van,199,93.1,36.4,962.2,3.92
2025-08-24,Madinah-Hub,Truck,51,93.1,48.1,422.21,4.45
2025-08-25,Riyadh-Hub,Motorbike,734,87.7,30.0,1803.79,4.11
2025-08-25,Riyadh-Hub,Van,505,87.7,30.0,2444.87,4.18
2025-08-25,Riyadh-Hub,Truck,126,87.7,37.8,1037.42,3.8
2025-08-25,Jeddah-Hub,Motorbike,561,85.0,34.0,1324.31,4.15
2025-08-25,Jeddah-Hub,Van,386,85.0,40.1,1792.62,4.3
2025-08-25,Jeddah-Hub,Truck,107,85.0,45.5,878.47,4.04
2025-08-25,Dammam-Hub,Motorbike,354,91.7,28.8,847.03,3.89
2025-08-25,Dammam-Hub,Van,201,91.7,24.2,986.36,4.29
2025-08-25,Dammam-Hub,Truck,59,91.7,43.4,515.51,4.16
2025-08-25,Makkah-Hub,Motorbike,388,85.8,28.6,916.1,4.12
2025-08-25,Makkah-Hub,Van,264,85.8,30.4,1263.5,4.04
2025-08-25,Makkah-Hub,Truck,78,85.8,50.9,625.75,4.3
2025-08-25,Madinah-Hub,Motorbike,288,86.7,31.5,699.41,4.23
2025-08-25,Madinah-Hub,Van,169,86.7,27.7,810.09,4.11
2025-08-25,Madinah-Hub,Truck,56,86.7,46.5,490.39,3.8
2025-08-26,Riyadh-Hub,Motorbike,682,93.2,21.7,1618.08,4.38
2025-08-26,Riyadh-Hub,Van,490,93.2,36.4,2396.15,4.16
2025-08-26,Riyadh-Hub,Truck,124,93.2,49.0,1004.5,3.67
2025-08-26,Jeddah-Hub,Motorbike,632,87.2,31.2,1424.33,3.72
2025-08-26,Jeddah-Hub,Van,416,87.2,29.3,2017.85,4.39
2025-08-26,Jeddah-Hub,Truck,110,87.2,47.2,906.7,3.99
2025-08-26,Dammam-Hub,Motorbike,328,91.5,17.7,760.62,4.15
2025-08-26,Dammam-Hub,Van,231,91.5,37.2,1125.08,4.06
2025-08-26,Dammam-Hub,Truck,63,91.5,45.7,511.54,3.96
2025-08-26,Makkah-Hub,Motorbike,402,85.8,20.4,900.79,4.19
2025-08-26,Makkah-Hub,Van,268,85.8,43.0,1276.98,4.31
2025-08-26,Makkah-Hub,Truck,83,85.8,56.7,682.59,4.03
2025-08-26,Madinah-Hub,Motorbike,276,86.7,24.1,662.96,4.03
2025-08-26,Madinah-Hub,Van,184,86.7,33.7,888.24,4.3
2025-08-26,Madinah-Hub,Truck,49,86.7,54.2,398.95,4.05
2025-08-27,Riyadh-Hub,Motorbike,723,89.2,24.5,1700.92,4.11
2025-08-27,Riyadh-Hub,Van,501,89.2,41.6,2460.68,3.93
2025-08-27,Riyadh-Hub,Truck,128,89.2,47.5,1099.77,4.13
2025-08-27,Jeddah-Hub,Motorbike,553,87.8,32.5,1332.01,3.78
2025-08-27,Jeddah-Hub,Van,371,87.8,36.4,1785.4,4.11
2025-08-27,Jeddah-Hub,Truck,105,87.8,50.6,897.86,4.45
2025-08-27,Dammam-Hub,Motorbike,353,92.8,20.5,845.72,4.18
2025-08-27,Dammam-Hub,Van,222,92.8,32.7,1061.07,4.55
2025-08-27,Dammam-Hub,Truck,61,92.8,47.8,496.66,4.09
2025-08-27,Makkah-Hub,Motorbike,456,85.7,26.1,1037.51,4.09
2025-08-27,Makkah-Hub,Van,274,85.7,41.0,1301.61,4.15
2025-08-27,Makkah-Hub,Truck,78,85.7,48.1,651.03,4.24
2025-08-27,Madinah-Hub,Motorbike,308,89.8,26.0,716.92,4.12
2025-08-27,Madinah-Hub,Van,165,89.8,36.5,806.23,4.27
2025-08-27,Madinah-Hub,Truck,46,89.8,47.9,389.86,4.09
2025-08-28,Riyadh-Hub,Motorbike,771,89.3,17.7,1866.0,4.47
2025-08-28,Riyadh-Hub,Van,496,89.3,47.7,2246.28,4.45
2025-08-28,Riyadh-Hub,Truck,133,89.3,46.4,1120.16,4.3
2025-08-28,Jeddah-Hub,Motorbike,622,94.5,31.4,1430.25,4.35
2025-08-28,Jeddah-Hub,Van,368,94.5,39.2,1759.54,3.95
2025-08-28,Jeddah-Hub,Truck,110,94.5,41.2,916.73,4.11
2025-08-28,Dammam-Hub,Motorbike,368,89.1,27.5,869.09,4.39
2025-08-28,Dammam-Hub,Van,212,89.1,26.8,947.93,3.94
2025-08-28,Dammam-Hub,Truck,59,89.1,48.0,485.19,4.27
2025-08-28,Makkah-Hub,Motorbike,398,84.6,27.7,949.38,4.0
2025-08-28,Makkah-Hub,Van,263,84.6,42.6,1282.17,3.98
2025-08-28,Makkah-Hub,Truck,82,84.6,56.8,665.57,4.29
2025-08-28,Madinah-Hub,Motorbike,303,87.2,24.8,714.11,4.13
2025-08-28,Madinah-Hub,Van,195,87.2,39.2,912.82,3.64
2025-08-28,Madinah-Hub,Truck,55,87.2,57.2,446.03,4.6
2025-08-29,Riyadh-Hub,Motorbike,544,93.2,17.5,1260.69,4.62
2025-08-29,Riyadh-Hub,Van,385,93.2,31.4,1847.54,4.29
2025-08-29,Riyadh-Hub,Truck,101,93.2,52.0,829.51,4.41
2025-08-29,Jeddah-Hub,Motorbike,461,85.5,31.4,1131.66,4.16
2025-08-29,Jeddah-Hub,Van,278,85.5,37.6,1294.03,3.61
2025-08-29,Jeddah-Hub,Truck,87,85.5,46.8,735.79,3.54
2025-08-29,Dammam-Hub,Motorbike,266,88.4,26.8,600.19,4.03
2025-08-29,Dammam-Hub,Van,185,88.4,38.3,910.35,4.45
2025-08-29,Dammam-Hub,Truck,47,88.4,49.4,394.84,4.19
2025-08-29,Makkah-Hub,Motorbike,329,85.2,31.0,746.8,4.58
2025-08-29,Makkah-Hub,Van,215,85.2,38.4,991.24,4.5
2025-08-29,Makkah-Hub,Truck,60,85.2,54.3,518.38,4.65
2025-08-29,Madinah-Hub,Motorbike,222,90.8,32.5,507.95,4.08
2025-08-29,Madinah-Hub,Van,141,90.8,37.1,665.7,4.2
2025-08-29,Madinah-Hub,Truck,42,90.8,45.8,366.14,3.67
2025-08-30,Riyadh-Hub,Motorbike,785,85.5,23.3,1780.46,3.76
2025-08-30,Riyadh-Hub,Van,485,85.5,42.2,2372.89,4.44
2025-08-30,Riyadh-Hub,Truck,121,85.5,48.2,1050.62,4.01
2025-08-30,Jeddah-Hub,Motorbike,569,92.7,22.8,1375.0,4.55
2025-08-30,Jeddah-Hub,Van,421,92.7,28.3,2014.58,4.32
2025-08-30,Jeddah-Hub,Truck,113,92.7,43.1,986.09,4.12
2025-08-30,Dammam-Hub,Motorbike,321,91.9,27.2,728.81,3.95
2025-08-30,Dammam-Hub,Van,218,91.9,32.7,1051.94,4.02
2025-08-30,Dammam-Hub,Truck,64,91.9,51.7,553.68,4.12
2025-08-30,Makkah-Hub,Motorbike,415,81.8,33.8,1006.17,3.74
2025-08-30,Makkah-Hub,Van,299,81.8,39.9,1468.15,4.07
2025-08-30,Makkah-Hub,Truck,73,81.8,43.3,595.28,3.85
2025-08-30,Madinah-Hub,Motorbike,260,87.4,24.2,618.95,4.0
2025-08-30,Madinah-Hub,Van,177,87.4,29.6,849.84,4.19
2025-08-30,Madinah-Hub,Truck,55,87.4,42.7,469.3,4.7
2025-08-31,Riyadh-Hub,Motorbike,731,89.8,31.3,1666.48,3.91
2025-08-31,Riyadh-Hub,Van,500,89.8,35.6,2384.66,4.3
2025-08-31,Riyadh-Hub,Truck,138,89.8,45.8,1135.6,3.83
2025-08-31,Jeddah-Hub,Motorbike,624,87.5,23.9,1510.39,3.99
2025-08-31,Jeddah-Hub,Van,348,87.5,36.5,1594.11,4.0
2025-08-31,Jeddah-Hub,Truck,105,87.5,59.4,920.36,3.97
2025-08-31,Dammam-Hub,Motorbike,323,95.5,23.4,762.63,4.43
2025-08-31,Dammam-Hub,Van,215,95.5,38.4,1054.3,4.67
2025-08-31,Dammam-Hub,Truck,61,95.5,39.7,488.18,3.74
2025-08-31,Makkah-Hub,Motorbike,413,83.5,29.7,961.94,4.13
2025-08-31,Makkah-Hub,Van,266,83.5,35.7,1255.93,3.57
2025-08-31,Makkah-Hub,Truck,80,83.5,52.7,676.41,4.0
2025-08-31,Madinah-Hub,Motorbike,271,88.7,29.0,664.69,3.92
2025-08-31,Madinah-Hub,Van,166,88.7,25.1,765.38,4.26
2025-08-31,Madinah-Hub,Truck,50,88.7,45.8,436.57,3.79
2025-09-01,Riyadh-Hub,Motorbike,740,91.6,24.5,1690.23,4.18
2025-09-01,Riyadh-Hub,Van,458,91.6,33.4,2251.42,4.04
2025-09-01,Riyadh-Hub,Truck,122,91.6,57.6,1012.61,4.01
2025-09-01,Jeddah-Hub,Motorbike,553,86.1,26.9,1328.28,4.06
2025-09-01,Jeddah-Hub,Van,349,86.1,36.4,1597.37,4.42
2025-09-01,Jeddah-Hub,Truck,111,86.1,50.8,917.31,3.94
2025-09-01,Dammam-Hub,Motorbike,344,89.5,29.8,796.12,3.78
2025-09-01,Dammam-Hub,Van,224,89.5,31.8,1036.23,4.45
2025-09-01,Dammam-Hub,Truck,59,89.5,46.1,473.46,3.89
2025-09-01,Makkah-Hub,Motorbike,405,86.7,25.0,923.35,3.93
2025-09-01,Makkah-Hub,Van,296,86.7,35.5,1400.43,3.38
2025-09-01,Makkah-Hub,Truck,79,86.7,57.8,644.79,4.01
2025-09-01,Madinah-Hub,Motorbike,273,90.4,20.3,610.92,4.1
2025-09-01,Madinah-Hub,Van,199,90.4,40.1,974.27,3.45
2025-09-01,Madinah-Hub,Truck,56,90.4,49.1,480.41,4.09
2025-09-02,Riyadh-Hub,Motorbike,760,92.6,29.7,1799.12,3.74
2025-09-02,Riyadh-Hub,Van,481,92.6,34.9,2212.01,4.44
2025-09-02,Riyadh-Hub,Truck,139,92.6,46.2,1197.17,4.11
2025-09-02,Jeddah-Hub,Motorbike,563,87.1,33.2,1273.51,4.37
2025-09-02,Jeddah-Hub,Van,360,87.1,35.1,1613.1,4.31
2025-09-02,Jeddah-Hub,Truck,117,87.1,56.4,1019.52,4.16
2025-09-02,Dammam-Hub,Motorbike,333,89.9,25.4,752.43,4.11
2025-09-02,Dammam-Hub,Van,204,89.9,34.8,975.24,4.02
2025-09-02,Dammam-Hub,Truck,62,89.9,46.1,532.61,4.17
2025-09-02,Makkah-Hub,Motorbike,421,84.9,22.6,949.48,4.64
2025-09-02,Makkah-Hub,Van,288,84.9,34.7,1370.88,3.81
2025-09-02,Makkah-Hub,Truck,78,84.9,57.4,641.33,4.06
2025-09-02,Madinah-Hub,Motorbike,263,89.1,32.9,606.1,3.94
2025-09-02,Madinah-Hub,Van,190,89.1,37.9,851.34,3.66
2025-09-02,Madinah-Hub,Truck,51,89.1,53.6,429.27,4.06
2025-09-03,Riyadh-Hub,Motorbike,705,85.0,28.5,1581.62,4.24
2025-09-03,Riyadh-Hub,Van,436,85.0,35.9,1963.87,3.83
2025-09-03,Riyadh-Hub,Truck,126,85.0,46.9,1104.76,4.03
2025-09-03,Jeddah-Hub,Motorbike,662,89.0,21.5,1584.48,4.04
2025-09-03,Jeddah-Hub,Van,418,89.0,28.4,1924.3,4.23
2025-09-03,Jeddah-Hub,Truck,118,89.0,46.1,991.76,3.78
2025-09-03,Dammam-Hub,Motorbike,314,90.7,23.0,717.82,3.84
2025-09-03,Dammam-Hub,Van,237,90.7,37.1,1086.05,4.01
2025-09-03,Dammam-Hub,Truck,57,90.7,50.3,496.0,3.91
2025-09-03,Makkah-Hub,Motorbike,404,86.1,31.7,998.69,3.83
2025-09-03,Makkah-Hub,Van,263,86.1,32.0,1297.37,4.14
2025-09-03,Makkah-Hub,Truck,70,86.1,43.8,590.31,3.99
2025-09-03,Madinah-Hub,Motorbike,301,89.2,24.9,719.88,4.48
2025-09-03,Madinah-Hub,Van,189,89.2,33.0,932.88,4.04
2025-09-03,Madinah-Hub,Truck,50,89.2,49.5,406.44,3.97
2025-09-04,Riyadh-Hub,Motorbike,785,88.9,21.3,1859.58,3.69
2025-09-04,Riyadh-Hub,Van,492,88.9,38.4,2351.65,4.07
2025-09-04,Riyadh-Hub,Truck,124,88.9,44.5,1043.24,4.58
2025-09-04,Jeddah-Hub,Motorbike,646,86.3,32.2,1510.44,4.07
2025-09-04,Jeddah-Hub,Van,389,86.3,47.1,1767.59,3.97
2025-09-04,Jeddah-Hub,Truck,106,86.3,46.4,859.56,3.91
2025-09-04,Dammam-Hub,Motorbike,342,91.9,29.1,830.3,3.64
2025-09-04,Dammam-Hub,Van,218,91.9,21.4,977.89,4.32
2025-09-04,Dammam-Hub,Truck,65,91.9,55.0,542.07,3.9
2025-09-04,Makkah-Hub,Motorbike,419,88.2,27.7,965.74,4.03
2025-09-04,Makkah-Hub,Van,262,88.2,31.9,1226.24,4.1
2025-09-04,Makkah-Hub,Truck,70,88.2,56.3,585.7,3.93
2025-09-04,Madinah-Hub,Motorbike,260,91.3,25.8,641.27,4.53
2025-09-04,Madinah-Hub,Van,181,91.3,30.7,835.6,4.46
2025-09-04,Madinah-Hub,Truck,50,91.3,45.9,426.08,3.62
2025-09-05,Riyadh-Hub,Motorbike,602,91.3,28.6,1403.17,4.0
2025-09-05,Riyadh-Hub,Van,399,91.3,34.6,1894.35,3.4
2025-09-05,Riyadh-Hub,Truck,105,91.3,46.9,896.09,4.0
2025-09-05,Jeddah-Hub,Motorbike,505,83.7,27.6,1227.65,3.78
2025-09-05,Jeddah-Hub,Van,333,83.7,39.4,1627.96,4.14
2025-09-05,Jeddah-Hub,Truck,89,83.7,43.4,769.08,4.24
2025-09-05,Dammam-Hub,Motorbike,288,90.6,24.0,681.83,4.3
2025-09-05,Dammam-Hub,Van,163,90.6,35.3,767.13,4.09
2025-09-05,Dammam-Hub,Truck,47,90.6,47.2,397.71,4.05
2025-09-05,Makkah-Hub,Motorbike,313,79.1,21.8,727.44,3.15
2025-09-05,Makkah-Hub,Van,229,79.1,32.1,1061.39,3.87
2025-09-05,Makkah-Hub,Truck,57,79.1,51.4,475.74,3.81
2025-09-05,Madinah-Hub,Motorbike,224,85.7,37.5,552.33,4.04
2025-09-05,Madinah-Hub,Van,135,85.7,40.6,657.26,4.13
2025-09-05,Madinah-Hub,Truck,44,85.7,49.9,358.71,5.0
2025-09-06,Riyadh-Hub,Motorbike,810,92.7,27.9,1901.1,4.55
2025-09-06,Riyadh-Hub,Van,449,92.7,46.4,2178.91,4.49
2025-09-06,Riyadh-Hub,Truck,133,92.7,45.3,1151.44,4.09
2025-09-06,Jeddah-Hub,Motorbike,566,89.4,19.0,1289.4,4.63
2025-09-06,Jeddah-Hub,Van,411,89.4,44.4,2027.94,3.68
2025-09-06,Jeddah-Hub,Truck,119,89.4,51.3,1043.57,3.61
2025-09-06,Dammam-Hub,Motorbike,343,91.8,27.3,816.55,4.01
2025-09-06,Dammam-Hub,Van,231,91.8,36.9,1090.94,4.3
2025-09-06,Dammam-Hub,Truck,61,91.8,45.8,513.82,4.2
2025-09-06,Makkah-Hub,Motorbike,402,85.7,27.6,964.17,4.26
2025-09-06,Makkah-Hub,Van,276,85.7,34.0,1252.73,4.15
2025-09-06,Makkah-Hub,Truck,74,85.7,52.9,636.68,4.36
2025-09-06,Madinah-Hub,Motorbike,257,87.0,27.4,589.88,4.37
2025-09-06,Madinah-Hub,Van,167,87.0,31.4,760.04,3.76
2025-09-06,Madinah-Hub,Truck,53,87.0,53.4,464.67,4.08
2025-09-07,Riyadh-Hub,Motorbike,773,91.4,17.0,1735.35,3.8
2025-09-07,Riyadh-Hub,Van,428,91.4,34.4,2080.47,4.16
2025-09-07,Riyadh-Hub,Truck,141,91.4,54.1,1148.88,4.45
2025-09-07,Jeddah-Hub,Motorbike,605,90.3,25.1,1401.73,4.74
2025-09-07,Jeddah-Hub,Van,423,90.3,30.7,2079.43,3.96
2025-09-07,Jeddah-Hub,Truck,112,90.3,49.3,961.39,3.79
2025-09-07,Dammam-Hub,Motorbike,308,89.7,23.1,720.6,4.02
2025-09-07,Dammam-Hub,Van,213,89.7,33.7,1009.73,3.83
2025-09-07,Dammam-Hub,Truck,66,89.7,55.0,555.73,4.24
2025-09-07,Makkah-Hub,Motorbike,450,85.2,26.9,1056.23,4.2
2025-09-07,Makkah-Hub,Van,293,85.2,36.8,1397.94,3.56
2025-09-07,Makkah-Hub,Truck,78,85.2,49.5,656.08,4.31
2025-09-07,Madinah-Hub,Motorbike,311,90.6,21.0,742.72,4.36
2025-09-07,Madinah-Hub,Van,190,90.6,32.2,925.97,3.87
2025-09-07,Madinah-Hub,Truck,56,90.6,51.2,452.17,4.24
2025-09-08,Riyadh-Hub,Motorbike,697,90.7,20.2,1647.56,4.13
2025-09-08,Riyadh-Hub,Van,464,90.7,40.1,2294.84,4.26
2025-09-08,Riyadh-Hub,Truck,139,90.7,57.1,1136.06,4.28
2025-09-08,Jeddah-Hub,Motorbike,657,87.7,20.6,1496.44,4.62
2025-09-08,Jeddah-Hub,Van,396,87.7,40.3,1925.83,4.35
2025-09-08,Jeddah-Hub,Truck,103,87.7,47.4,897.49,3.76
2025-09-08,Dammam-Hub,Motorbike,352,93.1,24.1,870.82,3.77
2025-09-08,Dammam-Hub,Van,212,93.1,37.5,1017.83,3.76
2025-09-08,Dammam-Hub,Truck,62,93.1,48.7,527.59,3.63
2025-09-08,Makkah-Hub,Motorbike,432,75.9,35.1,999.79,3.48
2025-09-08,Makkah-Hub,Van,274,75.9,36.9,1236.39,4.02
2025-09-08,Makkah-Hub,Truck,71,75.9,37.6,571.42,3.53
2025-09-08,Madinah-Hub,Motorbike,272,90.9,35.2,672.6,4.22
2025-09-08,Madinah-Hub,Van,195,90.9,45.9,876.28,4.27
2025-09-08,Madinah-Hub,Truck,48,90.9,48.0,403.52,4.32
2025-09-09,Riyadh-Hub,Motorbike,713,96.1,26.1,1615.73,4.47
2025-09-09,Riyadh-Hub,Van,490,96.1,30.8,2232.46,3.46
2025-09-09,Riyadh-Hub,Truck,137,96.1,32.2,1184.45,4.11
2025-09-09,Jeddah-Hub,Motorbike,618,88.5,22.7,1512.88,3.99
2025-09-09,Jeddah-Hub,Van,380,88.5,25.0,1775.2,4.05
2025-09-09,Jeddah-Hub,Truck,113,88.5,51.2,988.92,4.19
2025-09-09,Dammam-Hub,Motorbike,345,91.6,33.1,823.91,4.18
2025-09-09,Dammam-Hub,Van,219,91.6,35.4,1010.59,3.73
2025-09-09,Dammam-Hub,Truck,65,91.6,52.2,567.33,4.43
2025-09-09,Makkah-Hub,Motorbike,459,86.0,33.3,1102.05,3.49
2025-09-09,Makkah-Hub,Van,300,86.0,38.6,1359.01,4.46
2025-09-09,Makkah-Hub,Truck,76,86.0,44.6,610.0,4.43
2025-09-09,Madinah-Hub,Motorbike,273,96.4,24.6,635.94,4.48
2025-09-09,Madinah-Hub,Van,180,96.4,38.8,892.32,3.81
2025-09-09,Madinah-Hub,Truck,54,96.4,43.5,460.8,3.79
2025-09-10,Riyadh-Hub,Motorbike,736,90.6,31.9,1786.99,3.53
2025-09-10,Riyadh-Hub,Van,490,90.6,34.8,2282.47,3.46
2025-09-10,Riyadh-Hub,Truck,138,90.6,52.2,1106.6,4.04
2025-09-10,Jeddah-Hub,Motorbike,588,90.7,25.8,1343.48,4.34
2025-09-10,Jeddah-Hub,Van,411,90.7,33.6,1965.38,4.19
2025-09-10,Jeddah-Hub,Truck,107,90.7,47.9,884.61,3.94
2025-09-10,Dammam-Hub,Motorbike,369,90.9,32.3,848.42,4.08
2025-09-10,Dammam-Hub,Van,219,90.9,28.2,999.28,4.06
2025-09-10,Dammam-Hub,Truck,64,90.9,51.5,537.98,3.85
2025-09-10,Makkah-Hub,Motorbike,430,87.6,24.4,1040.16,4.18
2025-09-10,Makkah-Hub,Van,294,87.6,35.9,1329.32,3.78
2025-09-10,Makkah-Hub,Truck,84,87.6,49.9,678.65,3.97
2025-09-10,Madinah-Hub,Motorbike,299,87.9,30.4,675.08,3.91
2025-09-10,Madinah-Hub,Van,179,87.9,48.0,813.0,4.32
2025-09-10,Madinah-Hub,Truck,50,87.9,51.7,431.81,4.43
2025-09-11,Riyadh-Hub,Motorbike,707,89.3,26.5,1695.72,4.2
2025-09-11,Riyadh-Hub,Van,466,89.3,36.7,2207.36,4.06
2025-09-11,Riyadh-Hub,Truck,135,89.3,57.6,1147.32,3.96
2025-09-11,Jeddah-Hub,Motorbike,632,88.0,27.7,1517.02,3.46
2025-09-11,Jeddah-Hub,Van,399,88.0,40.7,1858.59,4.32
2025-09-11,Jeddah-Hub,Truck,102,88.0,45.0,868.07,4.29
2025-09-11,Dammam-Hub,Motorbike,309,92.1,30.8,712.19,4.04
2025-09-11,Dammam-Hub,Van,212,92.1,41.7,1039.5,4.27
2025-09-11,Dammam-Hub,Truck,61,92.1,44.9,519.77,4.27
2025-09-11,Makkah-Hub,Motorbike,457,83.0,31.2,1100.42,4.33
2025-09-11,Makkah-Hub,Van,250,83.0,32.8,1238.6,4.01
2025-09-11,Makkah-Hub,Truck,70,83.0,42.2,563.05,3.22
2025-09-11,Madinah-Hub,Motorbike,269,94.8,25.2,644.6,3.98
2025-09-11,Madinah-Hub,Van,185,94.8,27.1,905.96,4.48
2025-09-11,Madinah-Hub,Truck,52,94.8,53.8,440.69,4.6
2025-09-12,Riyadh-Hub,Motorbike,556,91.5,23.9,1278.42,4.58
2025-09-12,Riyadh-Hub,Van,364,91.5,34.3,1702.11,4.18
2025-09-12,Riyadh-Hub,Truck,116,91.5,54.6,927.95,4.13
2025-09-12,Jeddah-Hub,Motorbike,451,88.7,24.4,1035.31,4.53
2025-09-12,Jeddah-Hub,Van,294,88.7,40.7,1385.07,4.18
2025-09-12,Jeddah-Hub,Truck,86,88.7,47.7,697.14,3.63
2025-09-12,Dammam-Hub,Motorbike,297,90.2,29.5,729.15,4.08
2025-09-12,Dammam-Hub,Van,184,90.2,35.2,883.36,4.2
2025-09-12,Dammam-Hub,Truck,45,90.2,50.5,361.71,4.22
2025-09-12,Makkah-Hub,Motorbike,317,84.8,33.4,741.01,3.79
2025-09-12,Makkah-Hub,Van,209,84.8,40.5,973.81,4.33
2025-09-12,Makkah-Hub,Truck,63,84.8,54.5,539.6,3.54
2025-09-12,Madinah-Hub,Motorbike,248,91.1,27.4,568.09,3.77
2025-09-12,Madinah-Hub,Van,159,91.1,31.1,757.82,4.05
2025-09-12,Madinah-Hub,Truck,37,91.1,54.0,320.39,4.47
2025-09-13,Riyadh-Hub,Motorbike,673,90.3,27.4,1615.11,3.96
2025-09-13,Riyadh-Hub,Van,441,90.3,30.1,1987.98,3.77
2025-09-13,Riyadh-Hub,Truck,123,90.3,52.4,1050.23,4.62
2025-09-13,Jeddah-Hub,Motorbike,577,89.9,15.3,1321.25,3.99
2025-09-13,Jeddah-Hub,Van,422,89.9,42.4,2085.33,4.11
2025-09-13,Jeddah-Hub,Truck,103,89.9,52.9,873.56,3.94
2025-09-13,Dammam-Hub,Motorbike,315,91.9,35.8,726.9,3.91
2025-09-13,Dammam-Hub,Van,218,91.9,33.3,1073.44,4.19
2025-09-13,Dammam-Hub,Truck,62,91.9,50.1,518.02,3.71
2025-09-13,Makkah-Hub,Motorbike,436,81.3,35.2,1059.91,3.93
2025-09-13,Makkah-Hub,Van,283,81.3,36.5,1298.06,4.37
2025-09-13,Makkah-Hub,Truck,78,81.3,44.7,651.0,3.51
2025-09-13,Madinah-Hub,Motorbike,277,91.5,28.2,686.14,4.65
2025-09-13,Madinah-Hub,Van,168,91.5,25.5,782.01,4.04
2025-09-13,Madinah-Hub,Truck,54,91.5,47.6,435.01,3.77
2025-09-14,Riyadh-Hub,Motorbike,758,93.8,26.4,1852.89,4.38
2025-09-14,Riyadh-Hub,Van,499,93.8,39.4,2391.34,4.56
2025-09-14,Riyadh-Hub,Truck,133,93.8,56.1,1157.56,4.29
2025-09-14,Jeddah-Hub,Motorbike,592,89.0,18.6,1395.33,4.49
2025-09-14,Jeddah-Hub,Van,422,89.0,36.7,1997.8,3.94
2025-09-14,Jeddah-Hub,Truck,105,89.0,59.9,850.87,4.04
2025-09-14,Dammam-Hub,Motorbike,366,93.8,24.4,897.07,4.23
2025-09-14,Dammam-Hub,Van,222,93.8,35.3,1052.74,4.16
2025-09-14,Dammam-Hub,Truck,58,93.8,48.3,475.6,3.88
2025-09-14,Makkah-Hub,Motorbike,435,90.3,21.6,1061.79,4.0
2025-09-14,Makkah-Hub,Van,262,90.3,30.5,1244.23,3.58
2025-09-14,Makkah-Hub,Truck,78,90.3,43.2,682.34,4.23
2025-09-14,Madinah-Hub,Motorbike,258,88.4,30.6,611.75,4.31
2025-09-14,Madinah-Hub,Van,170,88.4,32.2,784.48,4.01
2025-09-14,Madinah-Hub,Truck,50,88.4,51.1,435.07,4.2
2025-09-15,Riyadh-Hub,Motorbike,773,93.8,22.0,1894.67,4.12
2025-09-15,Riyadh-Hub,Van,513,93.8,32.9,2339.46,4.17
2025-09-15,Riyadh-Hub,Truck,134,93.8,50.1,1167.22,4.27
2025-09-15,Jeddah-Hub,Motorbike,628,86.1,27.3,1494.19,4.1
2025-09-15,Jeddah-Hub,Van,379,86.1,35.8,1819.29,4.56
2025-09-15,Jeddah-Hub,Truck,106,86.1,55.5,859.18,4.04
2025-09-15,Dammam-Hub,Motorbike,360,90.0,27.8,849.22,3.96
2025-09-15,Dammam-Hub,Van,238,90.0,34.2,1137.32,3.84
2025-09-15,Dammam-Hub,Truck,59,90.0,49.4,493.29,3.89
2025-09-15,Makkah-Hub,Motorbike,425,87.4,24.9,1047.05,3.79
2025-09-15,Makkah-Hub,Van,249,87.4,29.4,1217.59,4.28
2025-09-15,Makkah-Hub,Truck,82,87.4,49.8,657.21,3.87
2025-09-15,Madinah-Hub,Motorbike,304,89.4,24.8,739.73,4.13
2025-09-15,Madinah-Hub,Van,187,89.4,37.8,844.54,4.82
2025-09-15,Madinah-Hub,Truck,51,89.4,45.2,441.43,3.98
2025-09-16,Riyadh-Hub,Motorbike,672,89.2,26.9,1603.55,4.22
2025-09-16,Riyadh-Hub,Van,427,89.2,35.5,2014.28,3.64
2025-09-16,Riyadh-Hub,Truck,134,89.2,54.1,1092.9,4.61
2025-09-16,Jeddah-Hub,Motorbike,652,92.1,25.4,1547.13,3.88
2025-09-16,Jeddah-Hub,Van,363,92.1,37.7,1805.37,4.05
2025-09-16,Jeddah-Hub,Truck,119,92.1,48.5,1006.48,4.12
2025-09-16,Dammam-Hub,Motorbike,322,95.9,25.3,726.16,4.38
2025-09-16,Dammam-Hub,Van,197,95.9,37.3,941.02,4.24
2025-09-16,Dammam-Hub,Truck,63,95.9,54.6,518.21,4.07
2025-09-16,Makkah-Hub,Motorbike,422,86.3,16.0,983.01,3.93
2025-09-16,Makkah-Hub,Van,246,86.3,29.8,1120.97,4.41
2025-09-16,Makkah-Hub,Truck,72,86.3,41.4,580.77,4.04
2025-09-16,Madinah-Hub,Motorbike,261,88.8,20.9,597.8,4.53
2025-09-16,Madinah-Hub,Van,166,88.8,36.2,781.3,3.87
2025-09-16,Madinah-Hub,Truck,47,88.8,43.8,387.9,3.67
2025-09-17,Riyadh-Hub,Motorbike,730,94.4,22.7,1652.27,4.27
2025-09-17,Riyadh-Hub,Van,434,94.4,28.2,2046.35,4.67
2025-09-17,Riyadh-Hub,Truck,132,94.4,47.9,1063.73,4.07
2025-09-17,Jeddah-Hub,Motorbike,559,86.1,25.0,1322.15,4.33
2025-09-17,Jeddah-Hub,Van,413,86.1,32.1,1957.55,4.04
2025-09-17,Jeddah-Hub,Truck,105,86.1,60.7,894.65,4.41
2025-09-17,Dammam-Hub,Motorbike,340,96.8,24.1,828.19,3.72
2025-09-17,Dammam-Hub,Van,237,96.8,37.8,1117.36,4.23
2025-09-17,Dammam-Hub,Truck,59,96.8,41.9,498.34,4.0
2025-09-17,Makkah-Hub,Motorbike,448,84.3,27.0,1109.36,3.84
2025-09-17,Makkah-Hub,Van,264,84.3,35.2,1261.15,3.84
2025-09-17,Makkah-Hub,Truck,71,84.3,53.1,571.62,3.56
2025-09-17,Madinah-Hub,Motorbike,299,91.5,28.2,703.85,4.24
2025-09-17,Madinah-Hub,Van,196,91.5,31.1,961.51,4.44
2025-09-17,Madinah-Hub,Truck,54,91.5,55.0,469.1,3.51
2025-09-18,Riyadh-Hub,Motorbike,811,94.9,18.5,1865.29,4.09
2025-09-18,Riyadh-Hub,Van,472,94.9,38.1,2345.3,4.26
2025-09-18,Riyadh-Hub,Truck,124,94.9,54.9,1050.84,4.9
2025-09-18,Jeddah-Hub,Motorbike,578,86.1,28.7,1377.09,4.13
2025-09-18,Jeddah-Hub,Van,353,86.1,40.0,1657.6,4.21
2025-09-18,Jeddah-Hub,Truck,108,86.1,49.2,934.42,3.69
2025-09-18,Dammam-Hub,Motorbike,315,89.9,23.2,744.99,4.05
2025-09-18,Dammam-Hub,Van,221,89.9,35.0,1097.48,3.69
2025-09-18,Dammam-Hub,Truck,56,89.9,46.7,453.08,4.05
2025-09-18,Makkah-Hub,Motorbike,452,82.1,26.9,1111.27,4.57
2025-09-18,Makkah-Hub,Van,266,82.1,36.9,1324.99,3.96
2025-09-18,Makkah-Hub,Truck,79,82.1,53.7,668.9,3.41
2025-09-18,Madinah-Hub,Motorbike,312,90.9,21.3,762.61,4.38
2025-09-18,Madinah-Hub,Van,185,90.9,39.1,854.31,4.18
2025-09-18,Madinah-Hub,Truck,52,90.9,43.6,438.73,4.53
2025-09-19,Riyadh-Hub,Motorbike,554,87.5,25.7,1281.07,4.0
2025-09-19,Riyadh-Hub,Van,363,87.5,36.8,1649.51,4.2
2025-09-19,Riyadh-Hub,Truck,97,87.5,44.0,811.95,4.29
2025-09-19,Jeddah-Hub,Motorbike,467,85.8,36.2,1067.45,4.42
2025-09-19,Jeddah-Hub,Van,312,85.8,36.9,1540.31,4.06
2025-09-19,Jeddah-Hub,Truck,87,85.8,43.2,718.61,3.56
2025-09-19,Dammam-Hub,Motorbike,260,93.2,28.0,604.05,4.24
2025-09-19,Dammam-Hub,Van,166,93.2,32.9,787.04,4.56
2025-09-19,Dammam-Hub,Truck,50,93.2,48.0,426.57,4.09
2025-09-19,Makkah-Hub,Motorbike,349,84.9,23.0,787.8,3.68
2025-09-19,Makkah-Hub,Van,222,84.9,44.2,1102.37,3.66
2025-09-19,Makkah-Hub,Truck,59,84.9,50.9,476.22,3.14
2025-09-19,Madinah-Hub,Motorbike,206,91.3,24.5,466.86,4.15
2025-09-19,Madinah-Hub,Van,143,91.3,34.8,666.99,4.06
2025-09-19,Madinah-Hub,Truck,39,91.3,47.2,320.49,3.62
2025-09-20,Riyadh-Hub,Motorbike,781,90.5,33.0,1791.43,3.55
2025-09-20,Riyadh-Hub,Van,479,90.5,31.5,2165.0,3.94
2025-09-20,Riyadh-Hub,Truck,147,90.5,45.2,1235.2,3.65
2025-09-20,Jeddah-Hub,Motorbike,600,86.2,22.8,1400.57,4.43
2025-09-20,Jeddah-Hub,Van,412,86.2,39.5,2033.54,4.42
2025-09-20,Jeddah-Hub,Truck,107,86.2,54.6,916.8,3.83
2025-09-20,Dammam-Hub,Motorbike,355,93.6,27.6,859.03,4.83
2025-09-20,Dammam-Hub,Van,196,93.6,32.8,965.3,4.14
2025-09-20,Dammam-Hub,Truck,60,93.6,48.2,516.42,4.39
2025-09-20,Makkah-Hub,Motorbike,437,85.6,24.9,986.68,3.63
2025-09-20,Makkah-Hub,Van,294,85.6,40.7,1459.76,3.89
2025-09-20,Makkah-Hub,Truck,82,85.6,54.6,723.1,4.26
2025-09-20,Madinah-Hub,Motorbike,297,88.7,19.1,677.84,4.31
2025-09-20,Madinah-Hub,Van,184,88.7,34.5,873.76,4.02
2025-09-20,Madinah-Hub,Truck,55,88.7,43.8,456.52,3.56
2025-09-21,Riyadh-Hub,Motorbike,788,91.9,31.4,1804.98,3.85
2025-09-21,Riyadh-Hub,Van,462,91.9,39.5,2278.66,3.69
2025-09-21,Riyadh-Hub,Truck,129,91.9,46.2,1037.71,3.9
2025-09-21,Jeddah-Hub,Motorbike,640,89.0,24.8,1543.96,3.92
2025-09-21,Jeddah-Hub,Van,379,89.0,48.3,1722.94,4.3
2025-09-21,Jeddah-Hub,Truck,100,89.0,46.7,812.85,3.5
2025-09-21,Dammam-Hub,Motorbike,339,95.2,31.6,822.06,3.92
2025-09-21,Dammam-Hub,Van,238,95.2,25.2,1109.81,3.9
2025-09-21,Dammam-Hub,Truck,64,95.2,43.5,548.92,4.03
2025-09-21,Makkah-Hub,Motorbike,459,83.6,28.9,1065.81,4.16
2025-09-21,Makkah-Hub,Van,295,83.6,37.7,1366.23,3.83
2025-09-21,Makkah-Hub,Truck,75,83.6,52.3,645.04,3.5
2025-09-21,Madinah-Hub,Motorbike,265,86.8,27.5,636.44,3.8
2025-09-21,Madinah-Hub,Van,197,86.8,33.1,948.84,3.73
2025-09-21,Madinah-Hub,Truck,51,86.8,48.6,420.13,4.56
2025-09-22,Riyadh-Hub,Motorbike,809,91.1,26.8,1880.23,3.83
2025-09-22,Riyadh-Hub,Van,431,91.1,32.6,2070.81,3.96
2025-09-22,Riyadh-Hub,Truck,130,91.1,50.8,1045.94,4.14
2025-09-22,Jeddah-Hub,Motorbike,625,86.7,32.0,1536.79,4.16
2025-09-22,Jeddah-Hub,Van,419,86.7,32.7,1910.44,3.92
2025-09-22,Jeddah-Hub,Truck,102,86.7,48.6,820.42,4.29
2025-09-22,Dammam-Hub,Motorbike,353,92.8,29.5,799.59,4.07
2025-09-22,Dammam-Hub,Van,238,92.8,28.5,1151.06,4.63
2025-09-22,Dammam-Hub,Truck,59,92.8,47.2,477.39,4.44
2025-09-22,Makkah-Hub,Motorbike,435,81.4,33.8,1073.56,4.54
2025-09-22,Makkah-Hub,Van,285,81.4,25.5,1369.08,4.02
2025-09-22,Makkah-Hub,Truck,82,81.4,51.6,723.89,4.31
2025-09-22,Madinah-Hub,Motorbike,311,86.7,22.5,717.74,4.19
2025-09-22,Madinah-Hub,Van,192,86.7,41.2,906.65,4.09
2025-09-22,Madinah-Hub,Truck,48,86.7,46.4,421.59,4.18
2025-09-23,Riyadh-Hub,Motorbike,673,92.9,28.5,1531.79,4.65
2025-09-23,Riyadh-Hub,Van,487,92.9,36.4,2274.16,4.36
2025-09-23,Riyadh-Hub,Truck,137,92.9,51.4,1140.32,3.95
2025-09-23,Jeddah-Hub,Motorbike,566,88.7,24.1,1385.64,3.51
2025-09-23,Jeddah-Hub,Van,374,88.7,37.8,1851.75,3.97
2025-09-23,Jeddah-Hub,Truck,119,88.7,47.6,985.72,4.44
2025-09-23,Dammam-Hub,Motorbike,364,94.0,28.5,832.26,3.84
2025-09-23,Dammam-Hub,Van,216,94.0,35.4,982.68,4.43
2025-09-23,Dammam-Hub,Truck,55,94.0,51.0,487.7,4.46
2025-09-23,Makkah-Hub,Motorbike,405,81.1,35.4,936.05,3.48
2025-09-23,Makkah-Hub,Van,262,81.1,30.2,1275.7,3.85
2025-09-23,Makkah-Hub,Truck,80,81.1,60.4,668.33,4.12
2025-09-23,Madinah-Hub,Motorbike,272,87.5,29.0,618.21,4.18
2025-09-23,Madinah-Hub,Van,175,87.5,31.4,820.08,4.09
2025-09-23,Madinah-Hub,Truck,56,87.5,51.6,491.05,3.56
2025-09-24,Riyadh-Hub,Motorbike,682,93.4,26.5,1682.16,4.18
2025-09-24,Riyadh-Hub,Van,434,93.4,29.2,1962.43,4.42
2025-09-24,Riyadh-Hub,Truck,139,93.4,43.4,1133.99,4.25
2025-09-24,Jeddah-Hub,Motorbike,558,86.0,31.5,1275.03,3.43
2025-09-24,Jeddah-Hub,Van,363,86.0,41.8,1659.39,3.96
2025-09-24,Jeddah-Hub,Truck,111,86.0,49.7,953.76,4.16
2025-09-24,Dammam-Hub,Motorbike,330,92.2,21.2,822.31,4.19
2025-09-24,Dammam-Hub,Van,215,92.2,35.0,981.86,3.6
2025-09-24,Dammam-Hub,Truck,67,92.2,48.9,588.01,4.47
2025-09-24,Makkah-Hub,Motorbike,454,83.6,32.4,1115.12,3.95
2025-09-24,Makkah-Hub,Van,250,83.6,49.2,1219.84,3.83
2025-09-24,Makkah-Hub,Truck,74,83.6,52.9,618.25,3.97
2025-09-24,Madinah-Hub,Motorbike,262,89.0,26.7,630.07,3.99
2025-09-24,Madinah-Hub,Van,171,89.0,34.8,793.63,4.01
2025-09-24,Madinah-Hub,Truck,52,89.0,54.5,435.74,4.04
2025-09-25,Riyadh-Hub,Motorbike,744,94.6,33.2,1807.63,4.41
2025-09-25,Riyadh-Hub,Van,493,94.6,33.4,2426.11,4.47
2025-09-25,Riyadh-Hub,Truck,127,94.6,47.0,1083.19,4.2
2025-09-25,Jeddah-Hub,Motorbike,612,88.6,28.3,1464.97,3.99
2025-09-25,Jeddah-Hub,Van,353,88.6,53.4,1715.21,4.37
2025-09-25,Jeddah-Hub,Truck,110,88.6,33.9,954.78,4.4
2025-09-25,Dammam-Hub,Motorbike,367,93.5,29.8,879.8,4.05
2025-09-25,Dammam-Hub,Van,223,93.5,40.9,1062.28,4.4
2025-09-25,Dammam-Hub,Truck,59,93.5,52.2,500.76,4.13
2025-09-25,Makkah-Hub,Motorbike,468,83.5,21.1,1167.35,4.06
2025-09-25,Makkah-Hub,Van,266,83.5,31.0,1222.72,3.92
2025-09-25,Makkah-Hub,Truck,82,83.5,44.7,697.7,3.92
2025-09-25,Madinah-Hub,Motorbike,307,94.2,28.8,715.33,4.14
2025-09-25,Madinah-Hub,Van,179,94.2,26.2,851.89,4.03
2025-09-25,Madinah-Hub,Truck,55,94.2,41.9,445.25,5.0
2025-09-26,Riyadh-Hub,Motorbike,565,86.1,26.4,1357.53,4.27
2025-09-26,Riyadh-Hub,Van,379,86.1,50.5,1720.12,4.59
2025-09-26,Riyadh-Hub,Truck,101,86.1,53.5,822.24,4.45
2025-09-26,Jeddah-Hub,Motorbike,447,89.1,26.9,1091.91,3.91
2025-09-26,Jeddah-Hub,Van,292,89.1,44.3,1335.53,3.8
2025-09-26,Jeddah-Hub,Truck,95,89.1,52.3,798.93,3.77
2025-09-26,Dammam-Hub,Motorbike,294,96.8,22.1,714.92,4.51
2025-09-26,Dammam-Hub,Van,164,96.8,28.2,805.34,4.7
2025-09-26,Dammam-Hub,Truck,48,96.8,48.4,412.11,4.03
2025-09-26,Makkah-Hub,Motorbike,365,85.5,20.6,896.23,3.73
2025-09-26,Makkah-Hub,Van,214,85.5,32.9,982.96,4.08
2025-09-26,Makkah-Hub,Truck,64,85.5,58.1,522.34,4.02
2025-09-26,Madinah-Hub,Motorbike,229,90.3,30.0,539.9,3.78
2025-09-26,Madinah-Hub,Van,159,90.3,34.5,747.53,4.37
2025-09-26,Madinah-Hub,Truck,41,90.3,46.9,333.49,4.65
2025-09-27,Riyadh-Hub,Motorbike,741,90.3,22.4,1823.95,4.59
2025-09-27,Riyadh-Hub,Van,497,90.3,38.0,2313.55,4.24
2025-09-27,Riyadh-Hub,Truck,122,90.3,46.1,987.08,4.38
2025-09-27,Jeddah-Hub,Motorbike,584,89.2,31.9,1338.95,4.08
2025-09-27,Jeddah-Hub,Van,382,89.2,37.7,1830.79,4.06
2025-09-27,Jeddah-Hub,Truck,119,89.2,45.5,1001.86,4.52
2025-09-27,Dammam-Hub,Motorbike,337,92.3,38.1,768.81,3.94
2025-09-27,Dammam-Hub,Van,232,92.3,38.0,1143.19,4.58
2025-09-27,Dammam-Hub,Truck,57,92.3,48.7,481.6,4.23
2025-09-27,Makkah-Hub,Motorbike,429,85.8,25.4,1044.87,4.11
2025-09-27,Makkah-Hub,Van,252,85.8,23.4,1155.33,3.48
2025-09-27,Makkah-Hub,Truck,78,85.8,42.6,691.82,3.87
2025-09-27,Madinah-Hub,Motorbike,272,86.6,24.7,651.76,4.34
2025-09-27,Madinah-Hub,Van,199,86.6,37.5,992.59,4.32
2025-09-27,Madinah-Hub,Truck,57,86.6,50.0,504.9,4.51
2025-09-28,Riyadh-Hub,Motorbike,702,91.6,28.1,1702.94,3.96
2025-09-28,Riyadh-Hub,Van,487,91.6,38.9,2255.08,4.5
2025-09-28,Riyadh-Hub,Truck,145,91.6,54.0,1234.5,4.11
2025-09-28,Jeddah-Hub,Motorbike,661,88.0,20.8,1530.93,3.92
2025-09-28,Jeddah-Hub,Van,378,88.0,33.2,1889.62,4.53
2025-09-28,Jeddah-Hub,Truck,111,88.0,44.0,938.32,4.24
2025-09-28,Dammam-Hub,Motorbike,361,92.0,23.1,867.33,3.99
2025-09-28,Dammam-Hub,Van,207,92.0,34.3,999.01,4.17
2025-09-28,Dammam-Hub,Truck,65,92.0,51.2,568.72,4.35
2025-09-28,Makkah-Hub,Motorbike,387,84.8,26.6,884.46,3.82
2025-09-28,Makkah-Hub,Van,282,84.8,44.1,1342.61,4.12
2025-09-28,Makkah-Hub,Truck,79,84.8,57.0,649.02,4.38
2025-09-28,Madinah-Hub,Motorbike,257,89.3,23.7,620.0,4.12
2025-09-28,Madinah-Hub,Van,197,89.3,34.0,968.11,4.0
2025-09-28,Madinah-Hub,Truck,50,89.3,47.8,434.34,4.81
2025-09-29,Riyadh-Hub,Motorbike,778,92.8,35.4,1902.47,4.36
2025-09-29,Riyadh-Hub,Van,502,92.8,32.9,2334.94,4.39
2025-09-29,Riyadh-Hub,Truck,142,92.8,48.9,1258.66,4.31
2025-09-29,Jeddah-Hub,Motorbike,596,91.8,27.2,1479.09,3.68
2025-09-29,Jeddah-Hub,Van,390,91.8,36.6,1910.15,4.13
2025-09-29,Jeddah-Hub,Truck,119,91.8,45.8,978.03,4.18
2025-09-29,Dammam-Hub,Motorbike,328,91.4,10.0,804.37,4.77
2025-09-29,Dammam-Hub,Van,216,91.4,32.7,981.31,4.65
2025-09-29,Dammam-Hub,Truck,65,91.4,52.4,569.04,4.54
2025-09-29,Makkah-Hub,Motorbike,399,81.9,29.0,975.97,4.37
2025-09-29,Makkah-Hub,Van,278,81.9,35.8,1293.49,3.56
2025-09-29,Makkah-Hub,Truck,73,81.9,46.2,600.54,3.95
2025-09-29,Madinah-Hub,Motorbike,261,90.5,28.0,610.47,3.74
2025-09-29,Madinah-Hub,Van,187,90.5,37.4,856.66,4.28
2025-09-29,Madinah-Hub,Truck,56,90.5,45.6,493.02,3.99
2025-09-30,Riyadh-Hub,Motorbike,717,91.9,27.7,1735.92,4.62
2025-09-30,Riyadh-Hub,Van,432,91.9,28.9,2085.24,3.89
2025-09-30,Riyadh-Hub,Truck,144,91.9,39.3,1261.34,3.61
2025-09-30,Jeddah-Hub,Motorbike,614,87.3,19.6,1443.88,3.68
2025-09-30,Jeddah-Hub,Van,396,87.3,31.6,1871.64,3.44
2025-09-30,Jeddah-Hub,Truck,112,87.3,50.7,995.18,4.62
2025-09-30,Dammam-Hub,Motorbike,348,91.4,19.8,791.69,4.59
2025-09-30,Dammam-Hub,Van,217,91.4,29.2,1038.43,3.81
2025-09-30,Dammam-Hub,Truck,63,91.4,50.2,523.15,4.24
2025-09-30,Makkah-Hub,Motorbike,400,86.3,32.4,957.86,3.9
2025-09-30,Makkah-Hub,Van,271,86.3,40.1,1309.0,4.12
2025-09-30,Makkah-Hub,Truck,79,86.3,45.9,699.62,3.51
2025-09-30,Madinah-Hub,Motorbike,279,85.1,22.7,657.0,3.81
2025-09-30,Madinah-Hub,Van,199,85.1,37.2,957.94,4.1
2025-09-30,Madinah-Hub,Truck,52,85.1,57.6,457.04,3.73
2025-10-01,Riyadh-Hub,Motorbike,761,90.3,20.3,1811.51,4.32
2025-10-01,Riyadh-Hub,Van,463,90.3,39.0,2277.66,4.8
2025-10-01,Riyadh-Hub,Truck,135,90.3,56.7,1097.93,4.05
2025-10-01,Jeddah-Hub,Motorbike,629,91.1,25.6,1493.59,4.09
2025-10-01,Jeddah-Hub,Van,354,91.1,33.7,1762.97,4.12
2025-10-01,Jeddah-Hub,Truck,116,91.1,43.6,1002.0,3.89
2025-10-01,Dammam-Hub,Motorbike,361,94.8,27.7,871.01,4.19
2025-10-01,Dammam-Hub,Van,237,94.8,30.8,1115.53,4.69
2025-10-01,Dammam-Hub,Truck,57,94.8,54.8,470.95,4.12
2025-10-01,Makkah-Hub,Motorbike,391,84.7,23.1,899.59,3.7
2025-10-01,Makkah-Hub,Van,277,84.7,46.2,1329.43,4.34
2025-10-01,Makkah-Hub,Truck,82,84.7,44.2,662.67,4.14
2025-10-01,Madinah-Hub,Motorbike,304,93.0,30.4,731.56,3.78
2025-10-01,Madinah-Hub,Van,181,93.0,31.8,838.93,4.91
2025-10-01,Madinah-Hub,Truck,50,93.0,54.1,404.01,4.42
2025-10-02,Riyadh-Hub,Motorbike,691,87.9,31.0,1624.7,3.92
2025-10-02,Riyadh-Hub,Van,496,87.9,29.8,2451.38,4.2
2025-10-02,Riyadh-Hub,Truck,127,87.9,47.9,1070.01,3.71
2025-10-02,Jeddah-Hub,Motorbike,631,92.7,27.6,1480.13,4.01
2025-10-02,Jeddah-Hub,Van,403,92.7,39.3,1911.07,3.87
2025-10-02,Jeddah-Hub,Truck,115,92.7,51.1,951.79,3.72
2025-10-02,Dammam-Hub,Motorbike,350,93.9,27.0,797.77,4.61
2025-10-02,Dammam-Hub,Van,235,93.9,34.8,1171.64,3.66
2025-10-02,Dammam-Hub,Truck,64,93.9,49.7,523.31,4.42
2025-10-02,Makkah-Hub,Motorbike,458,84.7,25.3,1143.89,3.51
2025-10-02,Makkah-Hub,Van,288,84.7,37.0,1329.67,3.4
2025-10-02,Makkah-Hub,Truck,76,84.7,49.5,639.61,4.13
2025-10-02,Madinah-Hub,Motorbike,313,88.8,30.8,762.22,4.48
2025-10-02,Madinah-Hub,Van,188,88.8,41.1,862.91,3.9
2025-10-02,Madinah-Hub,Truck,49,88.8,46.7,416.51,3.72
2025-10-03,Riyadh-Hub,Motorbike,544,93.1,24.9,1334.52,4.46
2025-10-03,Riyadh-Hub,Van,381,93.1,31.8,1739.6,4.66
2025-10-03,Riyadh-Hub,Truck,104,93.1,39.9,923.26,4.14
2025-10-03,Jeddah-Hub,Motorbike,440,87.6,24.6,1030.45,3.45
2025-10-03,Jeddah-Hub,Van,301,87.6,33.9,1390.99,4.07
2025-10-03,Jeddah-Hub,Truck,85,87.6,55.1,708.88,3.72
2025-10-03,Dammam-Hub,Motorbike,253,91.4,20.8,602.79,4.17
2025-10-03,Dammam-Hub,Van,174,91.4,41.8,823.33,3.72
2025-10-03,Dammam-Hub,Truck,46,91.4,58.3,379.21,4.08
2025-10-03,Makkah-Hub,Motorbike,317,82.1,28.8,722.53,4.11
2025-10-03,Makkah-Hub,Van,217,82.1,39.7,994.75,3.87
2025-10-03,Makkah-Hub,Truck,61,82.1,49.3,503.63,2.93
2025-10-03,Madinah-Hub,Motorbike,249,86.9,21.6,576.28,3.62
2025-10-03,Madinah-Hub,Van,144,86.9,34.1,662.23,4.2
2025-10-03,Madinah-Hub,Truck,39,86.9,51.3,335.5,4.36
2025-10-04,Riyadh-Hub,Motorbike,729,92.0,21.2,1792.45,4.14
2025-10-04,Riyadh-Hub,Van,514,92.0,33.6,2381.57,3.91
2025-10-04,Riyadh-Hub,Truck,145,92.0,45.8,1205.77,4.89
2025-10-04,Jeddah-Hub,Motorbike,620,85.3,23.5,1449.21,3.88
2025-10-04,Jeddah-Hub,Van,363,85.3,42.0,1704.66,4.02
2025-10-04,Jeddah-Hub,Truck,118,85.3,49.2,1035.93,4.24
2025-10-04,Dammam-Hub,Motorbike,317,91.6,31.6,764.98,3.92
2025-10-04,Dammam-Hub,Van,237,91.6,31.1,1089.09,3.78
2025-10-04,Dammam-Hub,Truck,60,91.6,47.1,512.4,3.89
2025-10-04,Makkah-Hub,Motorbike,465,87.5,23.7,1062.21,4.31
2025-10-04,Makkah-Hub,Van,288,87.5,34.2,1341.78,4.15
2025-10-04,Makkah-Hub,Truck,72,87.5,59.0,625.42,4.25
2025-10-04,Madinah-Hub,Motorbike,312,92.2,22.8,714.33,3.56
2025-10-04,Madinah-Hub,Van,191,92.2,37.3,927.3,4.3
2025-10-04,Madinah-Hub,Truck,56,92.2,37.1,490.87,4.46
2025-10-05,Riyadh-Hub,Motorbike,686,89.3,25.9,1646.33,4.74
2025-10-05,Riyadh-Hub,Van,478,89.3,44.3,2250.9,4.42
2025-10-05,Riyadh-Hub,Truck,132,89.3,43.0,1091.04,4.45
2025-10-05,Jeddah-Hub,Motorbike,562,86.2,22.9,1384.05,3.9
2025-10-05,Jeddah-Hub,Van,366,86.2,38.0,1683.86,4.19
2025-10-05,Jeddah-Hub,Truck,100,86.2,56.1,856.68,3.7
2025-10-05,Dammam-Hub,Motorbike,339,97.6,31.9,833.56,4.61
2025-10-05,Dammam-Hub,Van,200,97.6,29.1,951.56,3.81
2025-10-05,Dammam-Hub,Truck,64,97.6,40.2,554.86,4.28
2025-10-05,Makkah-Hub,Motorbike,441,84.7,27.9,1019.11,3.65
2025-10-05,Makkah-Hub,Van,283,84.7,36.9,1293.41,4.25
2025-10-05,Makkah-Hub,Truck,74,84.7,49.8,655.59,4.69
2025-10-05,Madinah-Hub,Motorbike,291,91.4,25.5,700.0,4.6
2025-10-05,Madinah-Hub,Van,195,91.4,36.0,931.74,3.94
2025-10-05,Madinah-Hub,Truck,56,91.4,52.6,457.24,4.63
2025-10-06,Riyadh-Hub,Motorbike,742,93.8,23.3,1762.93,4.04
2025-10-06,Riyadh-Hub,Van,447,93.8,39.2,2072.99,3.92
2025-10-06,Riyadh-Hub,Truck,146,93.8,43.7,1252.92,4.54
2025-10-06,Jeddah-Hub,Motorbike,627,86.1,25.3,1425.14,4.25
2025-10-06,Jeddah-Hub,Van,409,86.1,36.3,1963.17,3.81
2025-10-06,Jeddah-Hub,Truck,118,86.1,46.6,1001.53,3.8
2025-10-06,Dammam-Hub,Motorbike,355,92.0,27.7,878.76,4.58
2025-10-06,Dammam-Hub,Van,197,92.0,41.5,909.32,4.27
2025-10-06,Dammam-Hub,Truck,63,92.0,48.0,557.68,3.95
2025-10-06,Makkah-Hub,Motorbike,452,90.2,18.2,1089.46,3.61
2025-10-06,Makkah-Hub,Van,296,90.2,35.2,1397.03,3.81
2025-10-06,Makkah-Hub,Truck,81,90.2,45.2,696.26,4.08
2025-10-06,Madinah-Hub,Motorbike,273,91.7,29.8,652.36,3.77
2025-10-06,Madinah-Hub,Van,185,91.7,27.4,875.11,3.48
2025-10-06,Madinah-Hub,Truck,56,91.7,48.1,495.52,4.08
2025-10-07,Riyadh-Hub,Motorbike,686,90.7,30.3,1560.12,4.44
2025-10-07,Riyadh-Hub,Van,430,90.7,36.1,2024.97,3.82
2025-10-07,Riyadh-Hub,Truck,123,90.7,53.4,996.7,4.04
2025-10-07,Jeddah-Hub,Motorbike,579,88.3,37.3,1392.54,3.65
2025-10-07,Jeddah-Hub,Van,387,88.3,39.4,1940.01,4.38
2025-10-07,Jeddah-Hub,Truck,116,88.3,49.7,1014.19,4.4
2025-10-07,Dammam-Hub,Motorbike,320,96.6,20.3,778.54,3.93
2025-10-07,Dammam-Hub,Van,219,96.6,38.3,1013.83,4.13
2025-10-07,Dammam-Hub,Truck,62,96.6,48.4,510.02,4.64
2025-10-07,Makkah-Hub,Motorbike,441,81.8,32.3,1084.33,4.18
2025-10-07,Makkah-Hub,Van,284,81.8,38.5,1378.81,3.51
2025-10-07,Makkah-Hub,Truck,75,81.8,52.3,624.8,4.26
2025-10-07,Madinah-Hub,Motorbike,299,91.8,29.0,700.16,4.65
2025-10-07,Madinah-Hub,Van,176,91.8,35.4,848.25,4.57
2025-10-07,Madinah-Hub,Truck,47,91.8,48.1,402.56,4.51
2025-10-08,Riyadh-Hub,Motorbike,706,93.9,30.7,1604.58,4.89
2025-10-08,Riyadh-Hub,Van,516,93.9,27.3,2455.93,4.22
2025-10-08,Riyadh-Hub,Truck,140,93.9,53.5,1221.43,4.4
2025-10-08,Jeddah-Hub,Motorbike,660,92.1,24.0,1645.97,4.21
2025-10-08,Jeddah-Hub,Van,421,92.1,30.7,1921.75,3.8
2025-10-08,Jeddah-Hub,Truck,103,92.1,54.1,906.41,3.95
2025-10-08,Dammam-Hub,Motorbike,344,96.5,19.1,796.41,4.2
2025-10-08,Dammam-Hub,Van,216,96.5,28.3,1052.65,4.12
2025-10-08,Dammam-Hub,Truck,60,96.5,38.7,504.97,4.03
2025-10-08,Makkah-Hub,Motorbike,444,84.4,39.3,1085.32,4.13
2025-10-08,Makkah-Hub,Van,254,84.4,36.1,1223.06,3.76
2025-10-08,Makkah-Hub,Truck,83,84.4,45.2,723.74,3.86
2025-10-08,Madinah-Hub,Motorbike,301,91.2,24.9,689.16,4.09
2025-10-08,Madinah-Hub,Van,168,91.2,40.1,833.03,4.0
2025-10-08,Madinah-Hub,Truck,49,91.2,44.0,429.6,4.71
2025-10-09,Riyadh-Hub,Motorbike,808,91.2,19.7,1876.78,4.32
2025-10-09,Riyadh-Hub,Van,440,91.2,35.5,2061.05,4.91
2025-10-09,Riyadh-Hub,Truck,136,91.2,49.0,1182.44,3.69
2025-10-09,Jeddah-Hub,Motorbike,645,89.0,33.2,1606.07,4.63
2025-10-09,Jeddah-Hub,Van,381,89.0,39.8,1784.85,4.15
2025-10-09,Jeddah-Hub,Truck,106,89.0,56.2,896.16,4.39
2025-10-09,Dammam-Hub,Motorbike,354,93.1,23.4,877.76,3.81
2025-10-09,Dammam-Hub,Van,213,93.1,32.7,1004.77,3.69
2025-10-09,Dammam-Hub,Truck,62,93.1,49.7,553.6,4.71
2025-10-09,Makkah-Hub,Motorbike,446,87.2,24.1,1115.24,4.02
2025-10-09,Makkah-Hub,Van,272,87.2,36.5,1306.52,3.97
2025-10-09,Makkah-Hub,Truck,73,87.2,56.7,629.89,4.14
2025-10-09,Madinah-Hub,Motorbike,282,89.6,34.6,649.99,3.84
2025-10-09,Madinah-Hub,Van,187,89.6,24.5,926.66,3.51
2025-10-09,Madinah-Hub,Truck,56,89.6,58.9,471.05,4.31
2025-10-10,Riyadh-Hub,Motorbike,606,87.1,29.3,1518.95,3.37
2025-10-10,Riyadh-Hub,Van,372,87.1,23.4,1806.01,3.76
2025-10-10,Riyadh-Hub,Truck,117,87.1,49.2,1014.97,4.01
2025-10-10,Jeddah-Hub,Motorbike,441,90.0,29.5,1024.4,4.36
2025-10-10,Jeddah-Hub,Van,278,90.0,43.0,1381.44,3.68
2025-10-10,Jeddah-Hub,Truck,82,90.0,56.7,697.23,4.2
2025-10-10,Dammam-Hub,Motorbike,291,87.9,26.1,672.8,4.5
2025-10-10,Dammam-Hub,Van,165,87.9,35.8,756.77,3.78
2025-10-10,Dammam-Hub,Truck,51,87.9,46.4,413.52,4.29
2025-10-10,Makkah-Hub,Motorbike,323,81.3,38.4,763.52,4.19
2025-10-10,Makkah-Hub,Van,213,81.3,41.7,969.29,3.4
2025-10-10,Makkah-Hub,Truck,63,81.3,52.6,517.15,3.89
2025-10-10,Madinah-Hub,Motorbike,240,87.3,31.1,569.48,3.94
2025-10-10,Madinah-Hub,Van,137,87.3,37.5,670.67,3.56
2025-10-10,Madinah-Hub,Truck,41,87.3,50.7,333.14,4.12
2025-10-11,Riyadh-Hub,Motorbike,806,85.2,38.1,1940.16,4.57
2025-10-11,Riyadh-Hub,Van,491,85.2,30.9,2272.41,4.08
2025-10-11,Riyadh-Hub,Truck,131,85.2,54.7,1118.65,4.02
2025-10-11,Jeddah-Hub,Motorbike,611,90.2,32.2,1405.24,4.29
2025-10-11,Jeddah-Hub,Van,391,90.2,44.0,1822.24,4.08
2025-10-11,Jeddah-Hub,Truck,107,90.2,53.4,936.82,3.67
2025-10-11,Dammam-Hub,Motorbike,340,91.9,19.4,813.98,4.04
2025-10-11,Dammam-Hub,Van,199,91.9,22.0,999.94,4.6
2025-10-11,Dammam-Hub,Truck,65,91.9,50.8,567.54,3.95
2025-10-11,Makkah-Hub,Motorbike,409,84.0,31.3,971.78,3.78
2025-10-11,Makkah-Hub,Van,283,84.0,33.2,1398.49,4.35
2025-10-11,Makkah-Hub,Truck,78,84.0,62.0,647.65,3.69
2025-10-11,Madinah-Hub,Motorbike,296,90.6,21.1,690.89,3.94
2025-10-11,Madinah-Hub,Van,192,90.6,36.0,945.22,3.72
2025-10-11,Madinah-Hub,Truck,48,90.6,45.3,388.92,4.29
2025-10-12,Riyadh-Hub,Motorbike,776,92.5,26.4,1826.02,3.88
2025-10-12,Riyadh-Hub,Van,512,92.5,35.3,2369.9,4.01
2025-10-12,Riyadh-Hub,Truck,122,92.5,47.2,1073.93,4.13
2025-10-12,Jeddah-Hub,Motorbike,558,88.8,28.6,1288.78,3.99
2025-10-12,Jeddah-Hub,Van,389,88.8,29.7,1870.49,3.99
2025-10-12,Jeddah-Hub,Truck,101,88.8,54.2,864.85,3.72
2025-10-12,Dammam-Hub,Motorbike,311,95.6,19.4,714.74,4.51
2025-10-12,Dammam-Hub,Van,199,95.6,34.8,919.28,4.13
2025-10-12,Dammam-Hub,Truck,63,95.6,49.9,523.43,4.62
2025-10-12,Makkah-Hub,Motorbike,403,85.4,25.2,939.63,3.78
2025-10-12,Makkah-Hub,Van,289,85.4,28.2,1404.85,4.2
2025-10-12,Makkah-Hub,Truck,76,85.4,56.1,660.49,3.87
2025-10-12,Madinah-Hub,Motorbike,303,91.6,28.7,730.01,4.43
2025-10-12,Madinah-Hub,Van,174,91.6,39.4,867.69,4.16
2025-10-12,Madinah-Hub,Truck,51,91.6,46.1,421.87,3.85
2025-10-13,Riyadh-Hub,Motorbike,766,90.0,20.4,1780.59,4.1
2025-10-13,Riyadh-Hub,Van,484,90.0,33.7,2251.77,4.55
2025-10-13,Riyadh-Hub,Truck,148,90.0,40.5,1247.35,4.09
2025-10-13,Jeddah-Hub,Motorbike,619,89.1,25.1,1467.76,4.19
2025-10-13,Jeddah-Hub,Van,419,89.1,36.7,1978.18,4.75
2025-10-13,Jeddah-Hub,Truck,117,89.1,44.1,999.33,3.81
2025-10-13,Dammam-Hub,Motorbike,351,92.8,22.6,849.66,3.99
2025-10-13,Dammam-Hub,Van,227,92.8,42.9,1091.96,4.4
2025-10-13,Dammam-Hub,Truck,64,92.8,47.8,530.51,4.19
2025-10-13,Makkah-Hub,Motorbike,445,86.4,26.5,1063.82,3.73
2025-10-13,Makkah-Hub,Van,248,86.4,29.7,1151.39,4.16
2025-10-13,Makkah-Hub,Truck,72,86.4,48.0,628.49,4.05
2025-10-13,Madinah-Hub,Motorbike,314,90.5,28.2,716.55,4.16
2025-10-13,Madinah-Hub,Van,178,90.5,26.2,839.63,3.93
2025-10-13,Madinah-Hub,Truck,53,90.5,53.6,456.44,4.14
2025-10-14,Riyadh-Hub,Motorbike,731,92.9,19.6,1782.57,4.43
2025-10-14,Riyadh-Hub,Van,462,92.9,31.6,2182.4,4.36
2025-10-14,Riyadh-Hub,Truck,124,92.9,48.0,1054.83,4.14
2025-10-14,Jeddah-Hub,Motorbike,654,91.4,12.8,1613.62,4.18
2025-10-14,Jeddah-Hub,Van,402,91.4,33.6,1950.66,3.97
2025-10-14,Jeddah-Hub,Truck,111,91.4,41.4,991.64,3.63
2025-10-14,Dammam-Hub,Motorbike,373,91.5,30.8,900.06,3.97
2025-10-14,Dammam-Hub,Van,196,91.5,38.1,971.97,4.42
2025-10-14,Dammam-Hub,Truck,65,91.5,41.3,529.17,4.09
2025-10-14,Makkah-Hub,Motorbike,426,85.8,29.7,1036.95,4.23
2025-10-14,Makkah-Hub,Van,270,85.8,36.9,1269.22,3.76
2025-10-14,Makkah-Hub,Truck,75,85.8,44.1,649.41,4.14
2025-10-14,Madinah-Hub,Motorbike,259,89.9,32.7,605.73,3.79
2025-10-14,Madinah-Hub,Van,170,89.9,40.2,841.01,4.21
2025-10-14,Madinah-Hub,Truck,46,89.9,46.9,400.07,4.4
2025-10-15,Riyadh-Hub,Motorbike,718,87.7,24.1,1766.1,3.72
2025-10-15,Riyadh-Hub,Van,483,87.7,43.9,2213.74,4.1
2025-10-15,Riyadh-Hub,Truck,147,87.7,49.7,1304.32,4.23
2025-10-15,Jeddah-Hub,Motorbike,626,90.6,24.2,1549.27,3.84
2025-10-15,Jeddah-Hub,Van,352,90.6,36.4,1720.18,3.85
2025-10-15,Jeddah-Hub,Truck,117,90.6,44.9,949.39,4.09
2025-10-15,Dammam-Hub,Motorbike,328,96.4,23.1,771.28,4.42
2025-10-15,Dammam-Hub,Van,237,96.4,36.9,1184.75,4.44
2025-10-15,Dammam-Hub,Truck,59,96.4,49.0,520.69,4.24
2025-10-15,Makkah-Hub,Motorbike,398,84.8,22.0,970.84,4.07
2025-10-15,Makkah-Hub,Van,265,84.8,38.9,1219.52,3.93
2025-10-15,Makkah-Hub,Truck,82,84.8,55.8,678.26,3.75
2025-10-15,Madinah-Hub,Motorbike,303,92.5,22.5,744.76,3.97
2025-10-15,Madinah-Hub,Van,178,92.5,34.9,831.43,4.26
2025-10-15,Madinah-Hub,Truck,50,92.5,40.3,444.31,4.23
2025-10-16,Riyadh-Hub,Motorbike,732,87.8,33.4,1766.53,4.3
2025-10-16,Riyadh-Hub,Van,503,87.8,38.8,2496.59,4.27
2025-10-16,Riyadh-Hub,Truck,122,87.8,50.5,1006.21,3.95
2025-10-16,Jeddah-Hub,Motorbike,612,90.8,30.3,1487.93,3.92
2025-10-16,Jeddah-Hub,Van,349,90.8,35.3,1602.87,4.72
2025-10-16,Jeddah-Hub,Truck,99,90.8,49.6,863.72,3.69
2025-10-16,Dammam-Hub,Motorbike,352,91.9,31.4,813.86,4.22
2025-10-16,Dammam-Hub,Van,212,91.9,37.3,1001.59,3.94
2025-10-16,Dammam-Hub,Truck,59,91.9,44.0,515.25,3.88
2025-10-16,Makkah-Hub,Motorbike,433,85.7,30.3,1027.09,3.27
2025-10-16,Makkah-Hub,Van,256,85.7,37.9,1223.42,3.66
2025-10-16,Makkah-Hub,Truck,71,85.7,45.1,602.3,3.52
2025-10-16,Madinah-Hub,Motorbike,291,89.5,22.7,697.24,3.79
2025-10-16,Madinah-Hub,Van,187,89.5,31.6,922.94,4.58
2025-10-16,Madinah-Hub,Truck,47,89.5,47.3,404.68,4.49
2025-10-17,Riyadh-Hub,Motorbike,604,91.9,27.1,1413.99,3.71
2025-10-17,Riyadh-Hub,Van,354,91.9,38.5,1732.64,4.06
2025-10-17,Riyadh-Hub,Truck,105,91.9,41.9,911.43,3.79
2025-10-17,Jeddah-Hub,Motorbike,490,90.2,23.8,1131.01,4.29
2025-10-17,Jeddah-Hub,Van,281,90.2,36.4,1317.57,4.59
2025-10-17,Jeddah-Hub,Truck,80,90.2,47.8,686.15,4.08
2025-10-17,Dammam-Hub,Motorbike,276,93.7,22.7,694.62,4.49
2025-10-17,Dammam-Hub,Van,182,93.7,41.9,898.48,4.21
2025-10-17,Dammam-Hub,Truck,46,93.7,47.7,386.14,4.9
2025-10-17,Makkah-Hub,Motorbike,313,84.4,24.6,759.72,4.11
2025-10-17,Makkah-Hub,Van,223,84.4,32.9,1084.17,3.51
2025-10-17,Makkah-Hub,Truck,66,84.4,52.3,577.39,3.6
2025-10-17,Madinah-Hub,Motorbike,229,90.6,27.6,568.25,4.37
2025-10-17,Madinah-Hub,Van,133,90.6,28.8,613.38,3.96
2025-10-17,Madinah-Hub,Truck,38,90.6,50.3,323.41,4.29
2025-10-18,Riyadh-Hub,Motorbike,683,93.6,23.5,1599.71,4.22
2025-10-18,Riyadh-Hub,Van,518,93.6,39.6,2611.7,4.75
2025-10-18,Riyadh-Hub,Truck,125,93.6,42.2,1026.44,3.83
2025-10-18,Jeddah-Hub,Motorbike,567,88.2,23.0,1332.93,3.98
2025-10-18,Jeddah-Hub,Van,394,88.2,34.7,1853.51,3.61
2025-10-18,Jeddah-Hub,Truck,103,88.2,47.9,836.32,3.99
2025-10-18,Dammam-Hub,Motorbike,339,94.9,28.0,785.09,4.61
2025-10-18,Dammam-Hub,Van,232,94.9,39.8,1144.02,4.34
2025-10-18,Dammam-Hub,Truck,65,94.9,44.7,567.77,4.17
2025-10-18,Makkah-Hub,Motorbike,448,84.5,29.6,1127.42,4.26
2025-10-18,Makkah-Hub,Van,270,84.5,40.7,1237.99,3.72
2025-10-18,Makkah-Hub,Truck,78,84.5,49.1,675.16,3.8
2025-10-18,Madinah-Hub,Motorbike,267,92.5,23.2,643.16,4.38
2025-10-18,Madinah-Hub,Van,175,92.5,38.2,855.64,4.01
2025-10-18,Madinah-Hub,Truck,53,92.5,38.1,440.17,4.22
2025-10-19,Riyadh-Hub,Motorbike,774,93.9,20.6,1905.54,4.84
2025-10-19,Riyadh-Hub,Van,442,93.9,34.5,2161.08,4.63
2025-10-19,Riyadh-Hub,Truck,133,93.9,51.8,1139.35,4.39
2025-10-19,Jeddah-Hub,Motorbike,587,86.8,28.9,1416.35,3.75
2025-10-19,Jeddah-Hub,Van,350,86.8,41.6,1658.98,3.96
2025-10-19,Jeddah-Hub,Truck,99,86.8,39.9,829.65,4.1
2025-10-19,Dammam-Hub,Motorbike,325,91.8,33.1,795.3,4.04
2025-10-19,Dammam-Hub,Van,216,91.8,32.7,1048.15,3.89
2025-10-19,Dammam-Hub,Truck,61,91.8,38.5,543.07,3.74
2025-10-19,Makkah-Hub,Motorbike,431,87.5,30.8,1023.85,4.05
2025-10-19,Makkah-Hub,Van,277,87.5,41.0,1279.14,4.46
2025-10-19,Makkah-Hub,Truck,70,87.5,51.2,573.04,3.77
2025-10-19,Madinah-Hub,Motorbike,304,89.9,33.5,722.73,4.27
2025-10-19,Madinah-Hub,Van,171,89.9,43.5,857.44,4.35
2025-10-19,Madinah-Hub,Truck,49,89.9,38.0,402.69,4.09
2025-10-20,Riyadh-Hub,Motorbike,677,88.4,26.4,1698.78,3.92
2025-10-20,Riyadh-Hub,Van,434,88.4,35.9,2079.53,4.09
2025-10-20,Riyadh-Hub,Truck,136,88.4,46.7,1130.47,3.7
2025-10-20,Jeddah-Hub,Motorbike,623,91.7,25.1,1476.78,4.03
2025-10-20,Jeddah-Hub,Van,402,91.7,35.4,1841.48,4.18
2025-10-20,Jeddah-Hub,Truck,110,91.7,56.2,916.08,3.78
2025-10-20,Dammam-Hub,Motorbike,336,89.6,35.7,793.35,4.27
2025-10-20,Dammam-Hub,Van,230,89.6,32.7,1159.79,4.45
2025-10-20,Dammam-Hub,Truck,57,89.6,58.3,480.92,4.23
2025-10-20,Makkah-Hub,Motorbike,400,86.9,20.8,921.75,4.0
2025-10-20,Makkah-Hub,Van,248,86.9,45.1,1162.17,3.34
2025-10-20,Makkah-Hub,Truck,73,86.9,39.4,633.39,4.35
2025-10-20,Madinah-Hub,Motorbike,296,86.4,21.8,699.71,3.83
2025-10-20,Madinah-Hub,Van,172,86.4,34.3,808.86,4.43
2025-10-20,Madinah-Hub,Truck,48,86.4,52.0,394.37,4.37
2025-10-21,Riyadh-Hub,Motorbike,700,90.8,18.6,1621.62,4.05
2025-10-21,Riyadh-Hub,Van,430,90.8,40.3,2019.06,3.84
2025-10-21,Riyadh-Hub,Truck,140,90.8,53.7,1157.24,4.0
2025-10-21,Jeddah-Hub,Motorbike,656,87.4,24.3,1525.72,4.47
2025-10-21,Jeddah-Hub,Van,391,87.4,30.1,1935.78,3.98
2025-10-21,Jeddah-Hub,Truck,104,87.4,50.6,892.32,4.24
2025-10-21,Dammam-Hub,Motorbike,320,92.0,20.4,751.64,4.24
2025-10-21,Dammam-Hub,Van,201,92.0,29.7,927.12,3.97
2025-10-21,Dammam-Hub,Truck,67,92.0,52.1,591.44,4.6
2025-10-21,Makkah-Hub,Motorbike,403,81.1,31.4,990.17,4.19
2025-10-21,Makkah-Hub,Van,287,81.1,37.8,1437.63,3.83
2025-10-21,Makkah-Hub,Truck,84,81.1,52.8,721.35,4.44
2025-10-21,Madinah-Hub,Motorbike,299,91.6,24.3,684.2,3.72
2025-10-21,Madinah-Hub,Van,186,91.6,30.5,852.73,4.27
2025-10-21,Madinah-Hub,Truck,55,91.6,51.3,486.37,4.1
2025-10-22,Riyadh-Hub,Motorbike,669,90.0,26.2,1568.38,4.02
2025-10-22,Riyadh-Hub,Van,476,90.0,36.0,2355.57,4.46
2025-10-22,Riyadh-Hub,Truck,140,90.0,56.1,1163.71,4.52
2025-10-22,Jeddah-Hub,Motorbike,584,88.2,30.0,1407.29,3.84
2025-10-22,Jeddah-Hub,Van,401,88.2,39.7,1923.58,4.13
2025-10-22,Jeddah-Hub,Truck,119,88.2,50.1,1067.89,4.25
2025-10-22,Dammam-Hub,Motorbike,317,89.4,32.0,783.05,4.0
2025-10-22,Dammam-Hub,Van,220,89.4,40.5,1008.62,3.51
2025-10-22,Dammam-Hub,Truck,62,89.4,48.7,545.09,4.45
2025-10-22,Makkah-Hub,Motorbike,408,87.4,37.9,934.97,4.11
2025-10-22,Makkah-Hub,Van,294,87.4,40.6,1359.1,4.17
2025-10-22,Makkah-Hub,Truck,79,87.4,49.5,672.3,3.84
2025-10-22,Madinah-Hub,Motorbike,278,92.3,32.0,637.05,3.95
2025-10-22,Madinah-Hub,Van,175,92.3,40.1,822.04,4.54
2025-10-22,Madinah-Hub,Truck,47,92.3,50.1,412.69,4.4
2025-10-23,Riyadh-Hub,Motorbike,694,90.1,26.9,1662.25,4.16
2025-10-23,Riyadh-Hub,Van,435,90.1,39.7,2104.6,3.94
2025-10-23,Riyadh-Hub,Truck,131,90.1,49.6,1175.13,4.1
2025-10-23,Jeddah-Hub,Motorbike,567,89.1,30.9,1400.19,4.47
2025-10-23,Jeddah-Hub,Van,373,89.1,25.1,1819.73,4.15
2025-10-23,Jeddah-Hub,Truck,119,89.1,47.4,1067.79,4.1
2025-10-23,Dammam-Hub,Motorbike,323,96.7,31.8,741.15,4.1
2025-10-23,Dammam-Hub,Van,233,96.7,28.5,1116.97,3.79
2025-10-23,Dammam-Hub,Truck,66,96.7,41.8,572.85,3.99
2025-10-23,Makkah-Hub,Motorbike,425,82.2,24.2,1000.54,4.34
2025-10-23,Makkah-Hub,Van,247,82.2,35.3,1246.56,4.27
2025-10-23,Makkah-Hub,Truck,76,82.2,45.8,634.26,3.85
2025-10-23,Madinah-Hub,Motorbike,266,91.3,29.4,621.09,3.93
2025-10-23,Madinah-Hub,Van,199,91.3,37.3,1005.84,4.3
2025-10-23,Madinah-Hub,Truck,51,91.3,46.6,431.88,3.94
2025-10-24,Riyadh-Hub,Motorbike,611,86.9,36.3,1416.48,4.12
2025-10-24,Riyadh-Hub,Van,368,86.9,35.6,1836.62,3.97
2025-10-24,Riyadh-Hub,Truck,102,86.9,55.9,871.8,3.94
2025-10-24,Jeddah-Hub,Motorbike,448,85.1,18.8,1072.02,4.34
2025-10-24,Jeddah-Hub,Van,295,85.1,31.8,1398.12,4.13
2025-10-24,Jeddah-Hub,Truck,84,85.1,43.7,697.1,4.26
2025-10-24,Dammam-Hub,Motorbike,268,99.0,25.7,658.9,4.55
2025-10-24,Dammam-Hub,Van,165,99.0,31.6,775.9,4.22
2025-10-24,Dammam-Hub,Truck,46,99.0,51.2,400.03,4.53
2025-10-24,Makkah-Hub,Motorbike,356,82.5,30.9,895.44,3.84
2025-10-24,Makkah-Hub,Van,228,82.5,43.6,1053.78,3.88
2025-10-24,Makkah-Hub,Truck,59,82.5,49.2,506.67,4.01
2025-10-24,Madinah-Hub,Motorbike,250,90.8,26.1,582.33,4.2
2025-10-24,Madinah-Hub,Van,155,90.8,30.1,754.26,3.9
2025-10-24,Madinah-Hub,Truck,39,90.8,52.1,340.29,4.06
2025-10-25,Riyadh-Hub,Motorbike,792,92.5,22.9,1864.62,4.28
2025-10-25,Riyadh-Hub,Van,478,92.5,31.2,2362.14,4.22
2025-10-25,Riyadh-Hub,Truck,127,92.5,59.8,1115.64,4.29
2025-10-25,Jeddah-Hub,Motorbike,602,88.0,26.3,1405.44,4.07
2025-10-25,Jeddah-Hub,Van,350,88.0,35.8,1626.36,3.55
2025-10-25,Jeddah-Hub,Truck,106,88.0,46.6,893.63,4.23
2025-10-25,Dammam-Hub,Motorbike,311,96.8,29.5,735.3,4.26
2025-10-25,Dammam-Hub,Van,227,96.8,26.3,1078.92,3.89
2025-10-25,Dammam-Hub,Truck,62,96.8,50.6,539.24,3.24
2025-10-25,Makkah-Hub,Motorbike,467,87.5,31.3,1143.56,3.72
2025-10-25,Makkah-Hub,Van,283,87.5,34.4,1345.08,3.93
2025-10-25,Makkah-Hub,Truck,84,87.5,48.6,685.29,4.51
2025-10-25,Madinah-Hub,Motorbike,266,87.4,24.9,636.85,4.0
2025-10-25,Madinah-Hub,Van,166,87.4,36.9,827.64,4.82
2025-10-25,Madinah-Hub,Truck,52,87.4,43.7,450.82,3.87
2025-10-26,Riyadh-Hub,Motorbike,700,92.3,31.6,1738.82,4.18
2025-10-26,Riyadh-Hub,Van,449,92.3,35.8,2072.6,3.96
2025-10-26,Riyadh-Hub,Truck,133,92.3,46.1,1143.13,4.31
2025-10-26,Jeddah-Hub,Motorbike,585,91.8,21.5,1362.79,4.26
2025-10-26,Jeddah-Hub,Van,405,91.8,28.7,2038.92,4.17
2025-10-26,Jeddah-Hub,Truck,117,91.8,51.1,1033.92,4.11
2025-10-26,Dammam-Hub,Motorbike,358,95.8,18.0,857.08,3.97
2025-10-26,Dammam-Hub,Van,219,95.8,33.6,1057.33,4.63
2025-10-26,Dammam-Hub,Truck,63,95.8,55.1,513.99,3.88
2025-10-26,Makkah-Hub,Motorbike,463,80.8,29.7,1110.16,3.66
2025-10-26,Makkah-Hub,Van,263,80.8,35.0,1267.78,4.46
2025-10-26,Makkah-Hub,Truck,81,80.8,51.9,727.43,3.98
2025-10-26,Madinah-Hub,Motorbike,303,92.5,27.5,727.62,4.33
2025-10-26,Madinah-Hub,Van,188,92.5,31.8,901.93,4.35
2025-10-26,Madinah-Hub,Truck,50,92.5,53.7,429.74,4.91
2025-10-27,Riyadh-Hub,Motorbike,816,88.6,22.2,1989.57,4.15
2025-10-27,Riyadh-Hub,Van,500,88.6,41.0,2422.06,3.84
2025-10-27,Riyadh-Hub,Truck,136,88.6,45.6,1180.73,4.0
2025-10-27,Jeddah-Hub,Motorbike,564,84.9,43.9,1424.7,3.68
2025-10-27,Jeddah-Hub,Van,351,84.9,29.3,1771.78,4.03
2025-10-27,Jeddah-Hub,Truck,116,84.9,45.6,1033.41,3.76
2025-10-27,Dammam-Hub,Motorbike,316,94.4,24.5,776.56,3.86
2025-10-27,Dammam-Hub,Van,219,94.4,45.8,1055.63,4.56
2025-10-27,Dammam-Hub,Truck,60,94.4,50.8,509.09,4.22
2025-10-27,Makkah-Hub,Motorbike,394,82.2,27.3,904.45,3.53
2025-10-27,Makkah-Hub,Van,283,82.2,35.3,1306.58,3.88
2025-10-27,Makkah-Hub,Truck,73,82.2,54.1,632.12,4.4
2025-10-27,Madinah-Hub,Motorbike,311,92.5,25.7,731.92,3.75
2025-10-27,Madinah-Hub,Van,199,92.5,24.6,976.24,4.22
2025-10-27,Madinah-Hub,Truck,47,92.5,45.2,399.13,4.5
2025-10-28,Riyadh-Hub,Motorbike,678,84.7,23.3,1591.58,3.69
2025-10-28,Riyadh-Hub,Van,501,84.7,34.0,2505.92,3.56
2025-10-28,Riyadh-Hub,Truck,121,84.7,44.9,1065.2,3.32
2025-10-28,Jeddah-Hub,Motorbike,638,91.5,28.4,1607.82,4.04
2025-10-28,Jeddah-Hub,Van,374,91.5,32.4,1807.82,3.94
2025-10-28,Jeddah-Hub,Truck,116,91.5,55.0,1008.97,3.91
2025-10-28,Dammam-Hub,Motorbike,331,93.7,18.8,835.34,4.21
2025-10-28,Dammam-Hub,Van,215,93.7,37.4,1007.32,4.16
2025-10-28,Dammam-Hub,Truck,66,93.7,54.6,587.16,4.73
2025-10-28,Makkah-Hub,Motorbike,452,81.2,24.8,1106.22,4.02
2025-10-28,Makkah-Hub,Van,258,81.2,45.7,1283.15,4.14
2025-10-28,Makkah-Hub,Truck,84,81.2,52.5,692.15,3.98
2025-10-28,Madinah-Hub,Motorbike,313,85.6,28.5,724.03,3.89
2025-10-28,Madinah-Hub,Van,164,85.6,35.9,752.5,4.16
2025-10-28,Madinah-Hub,Truck,56,85.6,44.7,485.03,4.1
2025-10-29,Riyadh-Hub,Motorbike,809,91.0,25.5,2000.0,4.22
2025-10-29,Riyadh-Hub,Van,484,91.0,42.7,2381.12,4.1
2025-10-29,Riyadh-Hub,Truck,128,91.0,39.7,1091.51,4.59
2025-10-29,Jeddah-Hub,Motorbike,604,87.8,42.0,1411.1,4.44
2025-10-29,Jeddah-Hub,Van,393,87.8,33.9,1825.2,4.18
2025-10-29,Jeddah-Hub,Truck,113,87.8,51.3,935.6,3.97
2025-10-29,Dammam-Hub,Motorbike,329,95.0,24.6,796.05,4.23
2025-10-29,Dammam-Hub,Van,201,95.0,39.6,927.45,4.04
2025-10-29,Dammam-Hub,Truck,58,95.0,47.7,497.4,3.91
2025-10-29,Makkah-Hub,Motorbike,421,84.6,28.9,1026.67,4.29
2025-10-29,Makkah-Hub,Van,256,84.6,39.0,1237.41,4.04
2025-10-29,Makkah-Hub,Truck,82,84.6,51.8,711.28,4.19
2025-10-29,Madinah-Hub,Motorbike,313,87.9,22.4,720.14,4.12
2025-10-29,Madinah-Hub,Van,179,87.9,31.8,832.42,4.67
2025-10-29,Madinah-Hub,Truck,48,87.9,53.6,429.41,4.17
2025-10-30,Riyadh-Hub,Motorbike,735,90.0,33.8,1769.13,4.01
2025-10-30,Riyadh-Hub,Van,438,90.0,49.1,2075.05,4.4
2025-10-30,Riyadh-Hub,Truck,134,90.0,44.4,1133.3,3.96
2025-10-30,Jeddah-Hub,Motorbike,572,87.7,34.1,1404.13,4.22
2025-10-30,Jeddah-Hub,Van,402,87.7,38.8,2006.1,4.19
2025-10-30,Jeddah-Hub,Truck,117,87.7,50.7,982.6,4.4
2025-10-30,Dammam-Hub,Motorbike,371,94.0,17.0,897.71,4.5
2025-10-30,Dammam-Hub,Van,238,94.0,34.6,1180.06,4.72
2025-10-30,Dammam-Hub,Truck,62,94.0,55.1,544.55,3.78
2025-10-30,Makkah-Hub,Motorbike,416,82.9,32.6,962.09,4.11
2025-10-30,Makkah-Hub,Van,277,82.9,44.2,1364.29,3.83
2025-10-30,Makkah-Hub,Truck,78,82.9,57.8,659.86,3.93
2025-10-30,Madinah-Hub,Motorbike,275,85.7,27.2,656.01,4.28
2025-10-30,Madinah-Hub,Van,170,85.7,36.6,856.75,4.28
2025-10-30,Madinah-Hub,Truck,49,85.7,58.1,428.15,4.32
2025-10-31,Riyadh-Hub,Motorbike,571,89.4,27.7,1443.31,4.26
2025-10-31,Riyadh-Hub,Van,375,89.4,44.3,1720.86,4.11
2025-10-31,Riyadh-Hub,Truck,99,89.4,55.7,819.13,3.93
2025-10-31,Jeddah-Hub,Motorbike,488,87.1,29.0,1147.72,4.53
2025-10-31,Jeddah-Hub,Van,318,87.1,31.9,1468.44,4.4
2025-10-31,Jeddah-Hub,Truck,87,87.1,41.0,731.62,4.1
2025-10-31,Dammam-Hub,Motorbike,263,97.4,20.9,650.22,3.53
2025-10-31,Dammam-Hub,Van,182,97.4,29.5,914.48,4.11
2025-10-31,Dammam-Hub,Truck,49,97.4,43.5,400.58,4.19
2025-10-31,Makkah-Hub,Motorbike,314,85.4,33.4,792.05,4.11
2025-10-31,Makkah-Hub,Van,233,85.4,47.9,1106.99,3.77
2025-10-31,Makkah-Hub,Truck,57,85.4,49.8,500.89,4.3
2025-10-31,Madinah-Hub,Motorbike,229,92.2,33.6,554.58,3.69
2025-10-31,Madinah-Hub,Van,151,92.2,33.7,694.1,4.34
2025-10-31,Madinah-Hub,Truck,42,92.2,51.3,377.15,4.42
2025-11-01,Riyadh-Hub,Motorbike,785,89.0,22.8,1851.33,3.86
2025-11-01,Riyadh-Hub,Van,471,89.0,38.5,2382.12,3.53
2025-11-01,Riyadh-Hub,Truck,130,89.0,42.8,1083.31,3.76
2025-11-01,Jeddah-Hub,Motorbike,598,91.3,33.6,1483.98,5.0
2025-11-01,Jeddah-Hub,Van,400,91.3,28.2,1996.84,4.51
2025-11-01,Jeddah-Hub,Truck,111,91.3,47.2,948.64,4.12
2025-11-01,Dammam-Hub,Motorbike,360,95.0,26.3,855.25,4.23
2025-11-01,Dammam-Hub,Van,207,95.0,35.8,968.21,4.33
2025-11-01,Dammam-Hub,Truck,61,95.0,48.2,527.21,4.42
2025-11-01,Makkah-Hub,Motorbike,386,83.3,33.4,959.17,3.83
2025-11-01,Makkah-Hub,Van,298,83.3,32.6,1395.52,3.65
2025-11-01,Makkah-Hub,Truck,72,83.3,48.9,587.78,4.25
2025-11-01,Madinah-Hub,Motorbike,304,89.5,21.5,757.75,3.46
2025-11-01,Madinah-Hub,Van,164,89.5,32.9,757.9,3.78
2025-11-01,Madinah-Hub,Truck,50,89.5,45.6,429.69,3.87
2025-11-02,Riyadh-Hub,Motorbike,739,88.1,26.6,1872.33,4.02
2025-11-02,Riyadh-Hub,Van,507,88.1,30.8,2500.8,3.48
2025-11-02,Riyadh-Hub,Truck,134,88.1,43.5,1187.79,3.98
2025-11-02,Jeddah-Hub,Motorbike,647,82.9,31.0,1581.01,3.85
2025-11-02,Jeddah-Hub,Van,367,82.9,30.0,1825.64,4.22
2025-11-02,Jeddah-Hub,Truck,117,82.9,49.7,1044.11,3.28
2025-11-02,Dammam-Hub,Motorbike,320,91.6,24.8,798.61,3.85
2025-11-02,Dammam-Hub,Van,230,91.6,39.0,1063.64,4.23
2025-11-02,Dammam-Hub,Truck,65,91.6,47.6,534.46,4.64
2025-11-02,Makkah-Hub,Motorbike,430,88.2,30.8,1040.82,3.98
2025-11-02,Makkah-Hub,Van,263,88.2,35.6,1312.55,4.22
2025-11-02,Makkah-Hub,Truck,70,88.2,53.4,605.21,4.28
2025-11-02,Madinah-Hub,Motorbike,300,91.1,21.1,717.01,4.02
2025-11-02,Madinah-Hub,Van,177,91.1,36.4,860.2,3.84
2025-11-02,Madinah-Hub,Truck,50,91.1,45.2,448.42,3.73
2025-11-03,Riyadh-Hub,Motorbike,783,89.7,36.1,1907.48,4.32
2025-11-03,Riyadh-Hub,Van,512,89.7,31.1,2576.93,3.85
2025-11-03,Riyadh-Hub,Truck,143,89.7,44.9,1229.2,4.03
2025-11-03,Jeddah-Hub,Motorbike,607,85.5,30.3,1446.47,3.95
2025-11-03,Jeddah-Hub,Van,373,85.5,38.9,1845.58,3.99
2025-11-03,Jeddah-Hub,Truck,100,85.5,49.7,850.67,4.02
2025-11-03,Dammam-Hub,Motorbike,353,93.5,21.9,834.22,3.95
2025-11-03,Dammam-Hub,Van,199,93.5,27.7,948.36,4.18
2025-11-03,Dammam-Hub,Truck,64,93.5,33.2,565.52,3.94
2025-11-03,Makkah-Hub,Motorbike,449,78.6,30.7,1050.18,3.88
2025-11-03,Makkah-Hub,Van,259,78.6,33.8,1215.15,3.63
2025-11-03,Makkah-Hub,Truck,70,78.6,47.5,590.63,3.54
2025-11-03,Madinah-Hub,Motorbike,290,92.0,39.5,705.14,4.24
2025-11-03,Madinah-Hub,Van,180,92.0,34.7,910.58,4.08
2025-11-03,Madinah-Hub,Truck,55,92.0,41.3,450.12,4.37
2025-11-04,Riyadh-Hub,Motorbike,813,87.3,30.6,1900.41,4.12
2025-11-04,Riyadh-Hub,Van,504,87.3,26.3,2508.7,3.93
2025-11-04,Riyadh-Hub,Truck,135,87.3,50.4,1111.79,3.79
2025-11-04,Jeddah-Hub,Motorbike,584,84.8,30.5,1395.3,3.99
2025-11-04,Jeddah-Hub,Van,358,84.8,38.1,1801.18,4.26
2025-11-04,Jeddah-Hub,Truck,118,84.8,50.6,1020.77,3.88
2025-11-04,Dammam-Hub,Motorbike,357,93.1,23.6,840.96,3.51
2025-11-04,Dammam-Hub,Van,220,93.1,31.1,1037.39,4.53
2025-11-04,Dammam-Hub,Truck,63,93.1,43.4,561.67,4.27
2025-11-04,Makkah-Hub,Motorbike,395,83.1,28.2,993.22,4.01
2025-11-04,Makkah-Hub,Van,260,83.1,30.3,1251.52,4.38
2025-11-04,Makkah-Hub,Truck,81,83.1,56.2,687.37,4.01
2025-11-04,Madinah-Hub,Motorbike,279,84.7,29.8,701.04,3.72
2025-11-04,Madinah-Hub,Van,171,84.7,30.9,804.14,3.87
2025-11-04,Madinah-Hub,Truck,50,84.7,41.3,428.79,3.77
2025-11-05,Riyadh-Hub,Motorbike,744,90.8,30.0,1838.67,4.0
2025-11-05,Riyadh-Hub,Van,501,90.8,42.7,2308.0,3.94
2025-11-05,Riyadh-Hub,Truck,134,90.8,48.2,1132.93,4.02
2025-11-05,Jeddah-Hub,Motorbike,640,88.9,27.2,1504.95,3.82
2025-11-05,Jeddah-Hub,Van,387,88.9,37.1,1959.22,4.54
2025-11-05,Jeddah-Hub,Truck,113,88.9,43.9,947.33,3.82
2025-11-05,Dammam-Hub,Motorbike,370,93.4,21.3,867.83,4.37
2025-11-05,Dammam-Hub,Van,221,93.4,34.4,1121.89,3.78
2025-11-05,Dammam-Hub,Truck,64,93.4,47.8,526.21,4.61
2025-11-05,Makkah-Hub,Motorbike,412,82.3,27.5,986.75,4.53
2025-11-05,Makkah-Hub,Van,291,82.3,41.1,1375.03,3.51
2025-11-05,Makkah-Hub,Truck,84,82.3,54.7,718.16,4.02
2025-11-05,Madinah-Hub,Motorbike,284,91.0,26.1,688.25,4.83
2025-11-05,Madinah-Hub,Van,192,91.0,35.8,926.92,4.09
2025-11-05,Madinah-Hub,Truck,50,91.0,43.2,423.59,3.34
2025-11-06,Riyadh-Hub,Motorbike,712,92.6,30.0,1766.95,4.13
2025-11-06,Riyadh-Hub,Van,493,92.6,34.1,2482.39,4.24
2025-11-06,Riyadh-Hub,Truck,132,92.6,43.3,1088.38,4.24
2025-11-06,Jeddah-Hub,Motorbike,551,87.2,19.4,1345.31,3.84
2025-11-06,Jeddah-Hub,Van,420,87.2,32.2,2012.75,4.05
2025-11-06,Jeddah-Hub,Truck,100,87.2,43.7,857.62,4.01
2025-11-06,Dammam-Hub,Motorbike,364,94.4,29.7,884.27,4.42
2025-11-06,Dammam-Hub,Van,220,94.4,28.4,1074.76,4.55
2025-11-06,Dammam-Hub,Truck,62,94.4,51.7,512.34,4.12
2025-11-06,Makkah-Hub,Motorbike,406,81.5,26.3,972.41,3.79
2025-11-06,Makkah-Hub,Van,288,81.5,34.3,1348.59,4.11
2025-11-06,Makkah-Hub,Truck,72,81.5,45.6,629.97,3.57
2025-11-06,Madinah-Hub,Motorbike,299,84.1,32.6,709.3,3.98
2025-11-06,Madinah-Hub,Van,184,84.1,38.3,871.39,3.88
2025-11-06,Madinah-Hub,Truck,48,84.1,60.5,416.75,4.05
2025-11-07,Riyadh-Hub,Motorbike,649,89.7,30.9,1505.15,4.08
2025-11-07,Riyadh-Hub,Van,353,89.7,39.5,1643.46,3.92
2025-11-07,Riyadh-Hub,Truck,117,89.7,50.9,986.76,4.44
2025-11-07,Jeddah-Hub,Motorbike,499,91.4,31.9,1201.69,4.04
2025-11-07,Jeddah-Hub,Van,321,91.4,29.1,1551.32,4.33
2025-11-07,Jeddah-Hub,Truck,79,91.4,52.3,675.84,4.39
2025-11-07,Dammam-Hub,Motorbike,285,91.3,20.9,662.11,4.11
2025-11-07,Dammam-Hub,Van,161,91.3,41.3,806.01,4.05
2025-11-07,Dammam-Hub,Truck,45,91.3,42.9,404.72,3.88
2025-11-07,Makkah-Hub,Motorbike,371,84.5,33.3,919.62,4.1
2025-11-07,Makkah-Hub,Van,236,84.5,37.6,1192.13,4.35
2025-11-07,Makkah-Hub,Truck,62,84.5,42.0,516.86,4.41
2025-11-07,Madinah-Hub,Motorbike,221,92.3,30.3,542.14,3.77
2025-11-07,Madinah-Hub,Van,137,92.3,25.0,637.24,3.9
2025-11-07,Madinah-Hub,Truck,42,92.3,37.2,367.16,3.94
2025-11-08,Riyadh-Hub,Motorbike,769,93.6,26.7,1868.83,4.13
2025-11-08,Riyadh-Hub,Van,499,93.6,32.6,2523.68,3.67
2025-11-08,Riyadh-Hub,Truck,134,93.6,43.8,1126.64,4.07
2025-11-08,Jeddah-Hub,Motorbike,589,86.7,26.6,1433.34,4.52
2025-11-08,Jeddah-Hub,Van,386,86.7,44.7,1899.59,4.63
2025-11-08,Jeddah-Hub,Truck,112,86.7,46.2,980.02,4.04
2025-11-08,Dammam-Hub,Motorbike,327,93.4,24.0,814.41,3.97
2025-11-08,Dammam-Hub,Van,196,93.4,37.4,995.33,4.02
2025-11-08,Dammam-Hub,Truck,62,93.4,43.8,518.05,4.68
2025-11-08,Makkah-Hub,Motorbike,448,80.4,40.2,1058.79,3.97
2025-11-08,Makkah-Hub,Van,270,80.4,36.0,1318.35,3.86
2025-11-08,Makkah-Hub,Truck,73,80.4,42.8,599.06,4.59
2025-11-08,Madinah-Hub,Motorbike,289,88.1,25.6,682.66,3.8
2025-11-08,Madinah-Hub,Van,191,88.1,32.8,928.03,3.83
2025-11-08,Madinah-Hub,Truck,53,88.1,49.2,457.99,3.96
2025-11-09,Riyadh-Hub,Motorbike,687,91.5,29.5,1618.23,4.31
2025-11-09,Riyadh-Hub,Van,503,91.5,31.5,2502.5,4.32
2025-11-09,Riyadh-Hub,Truck,126,91.5,48.9,1134.99,3.26
2025-11-09,Jeddah-Hub,Motorbike,595,90.8,27.4,1394.77,4.34
2025-11-09,Jeddah-Hub,Van,391,90.8,36.7,1912.2,3.67
2025-11-09,Jeddah-Hub,Truck,101,90.8,39.4,904.06,4.19
2025-11-09,Dammam-Hub,Motorbike,352,92.5,34.4,870.31,4.67
2025-11-09,Dammam-Hub,Van,226,92.5,30.6,1094.68,4.58
2025-11-09,Dammam-Hub,Truck,57,92.5,47.0,486.5,4.78
2025-11-09,Makkah-Hub,Motorbike,451,87.0,23.4,1050.59,3.9
2025-11-09,Makkah-Hub,Van,248,87.0,44.3,1208.74,4.02
2025-11-09,Makkah-Hub,Truck,81,87.0,52.3,694.68,3.85
2025-11-09,Madinah-Hub,Motorbike,302,92.7,13.7,713.24,4.18
2025-11-09,Madinah-Hub,Van,194,92.7,29.7,967.37,4.18
2025-11-09,Madinah-Hub,Truck,47,92.7,50.6,385.65,3.75
2025-11-10,Riyadh-Hub,Motorbike,694,87.3,28.0,1601.89,4.31
2025-11-10,Riyadh-Hub,Van,444,87.3,28.2,2133.76,3.9
2025-11-10,Riyadh-Hub,Truck,144,87.3,54.8,1248.65,3.97
2025-11-10,Jeddah-Hub,Motorbike,634,90.5,30.9,1462.91,4.26
2025-11-10,Jeddah-Hub,Van,403,90.5,31.0,2010.57,3.91
2025-11-10,Jeddah-Hub,Truck,108,90.5,44.0,914.12,4.31
2025-11-10,Dammam-Hub,Motorbike,331,87.4,30.5,786.16,4.01
2025-11-10,Dammam-Hub,Van,234,87.4,40.5,1105.0,4.07
2025-11-10,Dammam-Hub,Truck,63,87.4,50.2,519.96,3.77
2025-11-10,Makkah-Hub,Motorbike,404,86.2,18.2,955.47,4.02
2025-11-10,Makkah-Hub,Van,284,86.2,27.8,1429.19,4.21
2025-11-10,Makkah-Hub,Truck,75,86.2,53.2,635.53,4.39
2025-11-10,Madinah-Hub,Motorbike,299,90.8,26.4,702.64,4.3
2025-11-10,Madinah-Hub,Van,173,90.8,41.5,826.88,4.41
2025-11-10,Madinah-Hub,Truck,53,90.8,42.7,465.62,3.5
2025-11-11,Riyadh-Hub,Motorbike,690,92.5,23.2,1743.54,4.95
2025-11-11,Riyadh-Hub,Van,482,92.5,37.0,2392.12,4.75
2025-11-11,Riyadh-Hub,Truck,128,92.5,41.5,1095.44,4.24
2025-11-11,Jeddah-Hub,Motorbike,637,91.6,29.0,1517.69,4.52
2025-11-11,Jeddah-Hub,Van,407,91.6,34.3,1908.19,4.35
2025-11-11,Jeddah-Hub,Truck,105,91.6,54.4,905.95,4.12
2025-11-11,Dammam-Hub,Motorbike,307,94.5,28.5,729.48,4.22
2025-11-11,Dammam-Hub,Van,237,94.5,28.0,1184.65,3.69
2025-11-11,Dammam-Hub,Truck,64,94.5,41.6,535.75,4.6
2025-11-11,Makkah-Hub,Motorbike,431,82.9,21.2,1031.3,4.31
2025-11-11,Makkah-Hub,Van,264,82.9,33.0,1284.95,3.39
2025-11-11,Makkah-Hub,Truck,83,82.9,51.8,685.09,4.08
2025-11-11,Madinah-Hub,Motorbike,265,88.4,30.1,656.05,4.32
2025-11-11,Madinah-Hub,Van,183,88.4,35.0,909.71,4.45
2025-11-11,Madinah-Hub,Truck,52,88.4,47.7,433.81,3.81
2025-11-12,Riyadh-Hub,Motorbike,693,91.8,31.0,1721.05,4.07
2025-11-12,Riyadh-Hub,Van,475,91.8,21.7,2318.91,4.12
2025-11-12,Riyadh-Hub,Truck,134,91.8,51.5,1152.15,4.29
2025-11-12,Jeddah-Hub,Motorbike,565,84.9,26.6,1362.73,4.5
2025-11-12,Jeddah-Hub,Van,406,84.9,40.6,1925.7,4.13
2025-11-12,Jeddah-Hub,Truck,114,84.9,49.3,1020.02,4.45
2025-11-12,Dammam-Hub,Motorbike,345,97.9,22.1,857.68,4.11
2025-11-12,Dammam-Hub,Van,197,97.9,33.2,936.31,5.0
2025-11-12,Dammam-Hub,Truck,57,97.9,43.0,514.32,4.21
2025-11-12,Makkah-Hub,Motorbike,409,81.0,39.8,974.41,3.61
2025-11-12,Makkah-Hub,Van,271,81.0,33.0,1365.2,4.42
2025-11-12,Makkah-Hub,Truck,75,81.0,43.7,619.58,3.64
2025-11-12,Madinah-Hub,Motorbike,301,91.7,20.4,762.43,4.48
2025-11-12,Madinah-Hub,Van,188,91.7,36.5,906.69,4.57
2025-11-12,Madinah-Hub,Truck,55,91.7,43.1,492.59,4.01
2025-11-13,Riyadh-Hub,Motorbike,756,87.8,21.0,1832.85,4.07
2025-11-13,Riyadh-Hub,Van,443,87.8,28.7,2150.21,3.76
2025-11-13,Riyadh-Hub,Truck,123,87.8,50.3,1045.73,4.37
2025-11-13,Jeddah-Hub,Motorbike,586,89.6,24.2,1442.94,4.16
2025-11-13,Jeddah-Hub,Van,361,89.6,34.7,1810.89,4.84
2025-11-13,Jeddah-Hub,Truck,103,89.6,45.1,922.42,3.93
2025-11-13,Dammam-Hub,Motorbike,355,91.4,23.1,900.64,3.57
2025-11-13,Dammam-Hub,Van,213,91.4,34.7,1034.81,3.76
2025-11-13,Dammam-Hub,Truck,64,91.4,44.9,578.1,4.01
2025-11-13,Makkah-Hub,Motorbike,409,83.4,17.6,1033.41,3.48
2025-11-13,Makkah-Hub,Van,247,83.4,32.8,1190.01,3.76
2025-11-13,Makkah-Hub,Truck,70,83.4,55.2,617.25,4.43
2025-11-13,Madinah-Hub,Motorbike,266,91.4,28.0,644.38,4.48
2025-11-13,Madinah-Hub,Van,181,91.4,35.6,853.99,3.7
2025-11-13,Madinah-Hub,Truck,56,91.4,51.0,491.61,4.52
2025-11-14,Riyadh-Hub,Motorbike,544,91.7,16.7,1297.57,4.43
2025-11-14,Riyadh-Hub,Van,408,91.7,28.2,1995.78,3.82
2025-11-14,Riyadh-Hub,Truck,117,91.7,41.2,1043.67,4.16
2025-11-14,Jeddah-Hub,Motorbike,496,87.9,24.7,1156.13,4.15
2025-11-14,Jeddah-Hub,Van,333,87.9,42.2,1659.13,4.06
2025-11-14,Jeddah-Hub,Truck,83,87.9,53.4,687.4,3.86
2025-11-14,Dammam-Hub,Motorbike,250,88.5,23.0,581.58,4.14
2025-11-14,Dammam-Hub,Van,159,88.5,36.7,808.62,3.96
2025-11-14,Dammam-Hub,Truck,51,88.5,54.6,422.0,4.48
2025-11-14,Makkah-Hub,Motorbike,335,84.3,27.0,809.07,4.63
2025-11-14,Makkah-Hub,Van,237,84.3,39.2,1147.18,4.42
2025-11-14,Makkah-Hub,Truck,65,84.3,45.5,582.63,3.79
2025-11-14,Madinah-Hub,Motorbike,236,91.2,26.2,565.45,4.0
2025-11-14,Madinah-Hub,Van,147,91.2,41.0,749.41,4.0
2025-11-14,Madinah-Hub,Truck,44,91.2,35.6,372.5,4.3
2025-11-15,Riyadh-Hub,Motorbike,778,89.5,38.8,1928.59,4.09
2025-11-15,Riyadh-Hub,Van,460,89.5,40.2,2144.98,4.55
2025-11-15,Riyadh-Hub,Truck,144,89.5,56.3,1250.39,4.06
2025-11-15,Jeddah-Hub,Motorbike,599,91.1,28.2,1471.88,4.59
2025-11-15,Jeddah-Hub,Van,357,91.1,38.7,1701.36,4.05
2025-11-15,Jeddah-Hub,Truck,113,91.1,53.6,1012.53,4.23
2025-11-15,Dammam-Hub,Motorbike,341,89.6,23.8,864.29,4.44
2025-11-15,Dammam-Hub,Van,227,89.6,34.6,1072.58,4.54
2025-11-15,Dammam-Hub,Truck,65,89.6,60.7,583.53,4.15
2025-11-15,Makkah-Hub,Motorbike,405,84.5,22.8,1004.62,4.28
2025-11-15,Makkah-Hub,Van,252,84.5,32.5,1186.39,4.4
2025-11-15,Makkah-Hub,Truck,77,84.5,54.1,676.83,4.17
2025-11-15,Madinah-Hub,Motorbike,270,93.8,25.7,687.55,3.91
2025-11-15,Madinah-Hub,Van,198,93.8,22.8,948.97,4.1
2025-11-15,Madinah-Hub,Truck,57,93.8,47.1,512.47,3.98
2025-11-16,Riyadh-Hub,Motorbike,813,93.2,28.9,1911.85,4.29
2025-11-16,Riyadh-Hub,Van,466,93.2,38.8,2345.82,4.13
2025-11-16,Riyadh-Hub,Truck,134,93.2,41.4,1158.26,4.61
2025-11-16,Jeddah-Hub,Motorbike,574,89.4,28.6,1392.31,4.09
2025-11-16,Jeddah-Hub,Van,353,89.4,48.8,1674.33,3.74
2025-11-16,Jeddah-Hub,Truck,99,89.4,50.6,837.2,4.18
2025-11-16,Dammam-Hub,Motorbike,366,95.4,30.6,858.52,4.46
2025-11-16,Dammam-Hub,Van,208,95.4,30.8,1012.49,4.15
2025-11-16,Dammam-Hub,Truck,66,95.4,54.5,597.54,4.28
2025-11-16,Makkah-Hub,Motorbike,407,83.7,25.7,1035.53,4.59
2025-11-16,Makkah-Hub,Van,278,83.7,36.4,1305.8,3.47
2025-11-16,Makkah-Hub,Truck,79,83.7,58.7,716.91,4.28
2025-11-16,Madinah-Hub,Motorbike,306,91.4,36.5,717.32,4.22
2025-11-16,Madinah-Hub,Van,171,91.4,39.7,816.25,4.08
2025-11-16,Madinah-Hub,Truck,54,91.4,49.6,486.37,4.7
2025-11-17,Riyadh-Hub,Motorbike,767,92.5,31.6,1869.05,4.55
2025-11-17,Riyadh-Hub,Van,428,92.5,34.2,2138.67,3.76
2025-11-17,Riyadh-Hub,Truck,138,92.5,44.3,1205.71,4.34
2025-11-17,Jeddah-Hub,Motorbike,595,85.3,31.3,1429.24,4.0
2025-11-17,Jeddah-Hub,Van,409,85.3,34.1,2060.44,4.07
2025-11-17,Jeddah-Hub,Truck,99,85.3,52.5,887.54,3.54
2025-11-17,Dammam-Hub,Motorbike,367,92.0,24.2,908.11,3.8
2025-11-17,Dammam-Hub,Van,230,92.0,40.3,1107.79,4.33
2025-11-17,Dammam-Hub,Truck,60,92.0,46.5,539.54,3.72
2025-11-17,Makkah-Hub,Motorbike,389,86.9,26.2,985.99,3.95
2025-11-17,Makkah-Hub,Van,291,86.9,34.3,1344.9,4.35
2025-11-17,Makkah-Hub,Truck,85,86.9,62.0,770.86,4.51
2025-11-17,Madinah-Hub,Motorbike,264,89.7,31.7,642.64,4.46
2025-11-17,Madinah-Hub,Van,196,89.7,35.7,943.24,3.67
2025-11-17,Madinah-Hub,Truck,49,89.7,45.8,430.61,3.57
2025-11-18,Riyadh-Hub,Motorbike,706,91.2,35.4,1684.33,3.78
2025-11-18,Riyadh-Hub,Van,454,91.2,33.9,2281.19,4.44
2025-11-18,Riyadh-Hub,Truck,137,91.2,50.2,1140.94,4.0
2025-11-18,Jeddah-Hub,Motorbike,602,84.7,17.3,1522.89,3.63
2025-11-18,Jeddah-Hub,Van,383,84.7,30.6,1873.64,4.23
2025-11-18,Jeddah-Hub,Truck,116,84.7,46.1,978.23,4.45
2025-11-18,Dammam-Hub,Motorbike,321,93.7,31.8,756.24,4.08
2025-11-18,Dammam-Hub,Van,237,93.7,36.3,1112.08,4.26
2025-11-18,Dammam-Hub,Truck,62,93.7,53.4,554.58,4.29
2025-11-18,Makkah-Hub,Motorbike,393,83.2,31.1,978.24,3.42
2025-11-18,Makkah-Hub,Van,271,83.2,37.2,1284.49,3.75
2025-11-18,Makkah-Hub,Truck,76,83.2,53.3,669.22,3.81
2025-11-18,Madinah-Hub,Motorbike,274,94.3,30.3,683.75,4.53
2025-11-18,Madinah-Hub,Van,178,94.3,35.7,893.1,4.36
2025-11-18,Madinah-Hub,Truck,55,94.3,46.7,496.73,3.61
2025-11-19,Riyadh-Hub,Motorbike,796,98.6,22.4,2021.66,4.49
2025-11-19,Riyadh-Hub,Van,432,98.6,26.5,2003.93,4.0
2025-11-19,Riyadh-Hub,Truck,126,98.6,56.3,1043.92,4.29
2025-11-19,Jeddah-Hub,Motorbike,597,90.2,28.5,1425.69,4.42
2025-11-19,Jeddah-Hub,Van,350,90.2,29.0,1661.16,3.51
2025-11-19,Jeddah-Hub,Truck,112,90.2,53.6,962.74,4.31
2025-11-19,Dammam-Hub,Motorbike,328,97.2,18.9,762.84,4.05
2025-11-19,Dammam-Hub,Van,223,97.2,29.9,1053.63,3.64
2025-11-19,Dammam-Hub,Truck,61,97.2,53.2,541.03,4.36
2025-11-19,Makkah-Hub,Motorbike,423,78.7,30.0,1075.39,3.85
2025-11-19,Makkah-Hub,Van,270,78.7,40.5,1290.42,3.57
2025-11-19,Makkah-Hub,Truck,75,78.7,55.9,664.68,3.93
2025-11-19,Madinah-Hub,Motorbike,303,92.2,15.0,716.18,3.93
2025-11-19,Madinah-Hub,Van,172,92.2,36.1,800.5,3.53
2025-11-19,Madinah-Hub,Truck,56,92.2,36.6,466.48,4.12
2025-11-20,Riyadh-Hub,Motorbike,747,95.5,20.5,1774.02,4.39
2025-11-20,Riyadh-Hub,Van,460,95.5,31.7,2256.48,4.27
2025-11-20,Riyadh-Hub,Truck,135,95.5,41.8,1111.13,4.06
2025-11-20,Jeddah-Hub,Motorbike,663,90.1,29.0,1637.53,4.0
2025-11-20,Jeddah-Hub,Van,365,90.1,37.2,1839.71,4.42
2025-11-20,Jeddah-Hub,Truck,107,90.1,53.8,891.66,4.16
2025-11-20,Dammam-Hub,Motorbike,365,95.0,32.8,880.39,4.66
2025-11-20,Dammam-Hub,Van,196,95.0,33.7,944.85,4.77
2025-11-20,Dammam-Hub,Truck,57,95.0,40.9,497.72,4.04
2025-11-20,Makkah-Hub,Motorbike,440,90.6,21.0,1121.76,3.36
2025-11-20,Makkah-Hub,Van,287,90.6,33.9,1401.36,4.11
2025-11-20,Makkah-Hub,Truck,71,90.6,50.8,613.06,4.55
2025-11-20,Madinah-Hub,Motorbike,302,85.1,28.6,732.33,3.96
2025-11-20,Madinah-Hub,Van,164,85.1,32.4,783.2,3.81
2025-11-20,Madinah-Hub,Truck,51,85.1,54.5,445.98,3.04
2025-11-21,Riyadh-Hub,Motorbike,627,91.7,22.5,1512.96,4.2
2025-11-21,Riyadh-Hub,Van,368,91.7,37.1,1812.72,3.4
2025-11-21,Riyadh-Hub,Truck,103,91.7,48.3,915.25,4.26
2025-11-21,Jeddah-Hub,Motorbike,438,89.5,22.5,1030.11,4.11
2025-11-21,Jeddah-Hub,Van,288,89.5,27.1,1407.54,4.07
2025-11-21,Jeddah-Hub,Truck,86,89.5,46.0,755.6,4.42
2025-11-21,Dammam-Hub,Motorbike,289,92.6,25.0,685.78,3.69
2025-11-21,Dammam-Hub,Van,163,92.6,33.9,754.44,4.39
2025-11-21,Dammam-Hub,Truck,47,92.6,43.7,412.33,4.0
2025-11-21,Makkah-Hub,Motorbike,348,83.5,31.1,822.42,3.72
2025-11-21,Makkah-Hub,Van,204,83.5,35.9,991.64,3.77
2025-11-21,Makkah-Hub,Truck,65,83.5,51.9,568.89,4.29
2025-11-21,Madinah-Hub,Motorbike,238,91.8,32.2,584.49,4.04
2025-11-21,Madinah-Hub,Van,150,91.8,25.7,731.51,3.81
2025-11-21,Madinah-Hub,Truck,42,91.8,44.7,349.76,4.2
2025-11-22,Riyadh-Hub,Motorbike,702,94.4,19.9,1739.79,3.84
2025-11-22,Riyadh-Hub,Van,473,94.4,35.0,2264.62,4.68
2025-11-22,Riyadh-Hub,Truck,140,94.4,53.3,1164.65,4.51
2025-11-22,Jeddah-Hub,Motorbike,630,88.6,19.7,1513.12,3.91
2025-11-22,Jeddah-Hub,Van,362,88.6,38.4,1849.37,4.34
2025-11-22,Jeddah-Hub,Truck,113,88.6,49.9,1008.0,4.11
2025-11-22,Dammam-Hub,Motorbike,334,91.7,31.6,821.75,3.81
2025-11-22,Dammam-Hub,Van,213,91.7,38.8,1003.83,4.37
2025-11-22,Dammam-Hub,Truck,61,91.7,38.4,507.86,4.17
2025-11-22,Makkah-Hub,Motorbike,463,86.6,22.2,1147.41,3.7
2025-11-22,Makkah-Hub,Van,247,86.6,25.3,1249.6,3.71
2025-11-22,Makkah-Hub,Truck,82,86.6,42.6,679.07,4.26
2025-11-22,Madinah-Hub,Motorbike,313,87.6,23.5,744.54,3.7
2025-11-22,Madinah-Hub,Van,171,87.6,39.0,826.08,4.04
2025-11-22,Madinah-Hub,Truck,54,87.6,51.7,469.7,4.8
2025-11-23,Riyadh-Hub,Motorbike,750,88.1,23.8,1863.42,3.95
2025-11-23,Riyadh-Hub,Van,497,88.1,36.1,2482.44,3.75
2025-11-23,Riyadh-Hub,Truck,143,88.1,59.8,1266.57,4.1
2025-11-23,Jeddah-Hub,Motorbike,659,87.0,25.2,1643.9,3.91
2025-11-23,Jeddah-Hub,Van,397,87.0,35.0,1911.87,3.78
2025-11-23,Jeddah-Hub,Truck,99,87.0,50.5,864.55,3.82
2025-11-23,Dammam-Hub,Motorbike,334,91.8,22.8,793.64,4.41
2025-11-23,Dammam-Hub,Van,223,91.8,32.1,1089.38,4.47
2025-11-23,Dammam-Hub,Truck,56,91.8,42.7,467.38,4.38
2025-11-23,Makkah-Hub,Motorbike,408,85.0,33.8,1013.8,4.47
2025-11-23,Makkah-Hub,Van,278,85.0,42.0,1381.45,4.11
2025-11-23,Makkah-Hub,Truck,75,85.0,59.4,623.89,3.18
2025-11-23,Madinah-Hub,Motorbike,289,92.9,32.0,738.18,3.9
2025-11-23,Madinah-Hub,Van,192,92.9,29.1,957.52,4.33
2025-11-23,Madinah-Hub,Truck,53,92.9,47.1,476.83,4.04
2025-11-24,Riyadh-Hub,Motorbike,739,91.4,29.8,1822.84,3.7
2025-11-24,Riyadh-Hub,Van,484,91.4,33.9,2264.33,4.52
2025-11-24,Riyadh-Hub,Truck,133,91.4,56.5,1138.86,4.12
2025-11-24,Jeddah-Hub,Motorbike,661,88.5,23.7,1586.43,4.31
2025-11-24,Jeddah-Hub,Van,370,88.5,45.0,1862.52,4.31
2025-11-24,Jeddah-Hub,Truck,115,88.5,50.3,986.19,4.03
2025-11-24,Dammam-Hub,Motorbike,310,93.3,22.8,731.48,4.41
2025-11-24,Dammam-Hub,Van,235,93.3,32.9,1093.59,4.03
2025-11-24,Dammam-Hub,Truck,61,93.3,46.5,547.21,5.0
2025-11-24,Makkah-Hub,Motorbike,471,81.6,22.5,1161.04,3.8
2025-11-24,Makkah-Hub,Van,295,81.6,34.5,1452.57,3.71
2025-11-24,Makkah-Hub,Truck,71,81.6,50.1,605.59,3.69
2025-11-24,Madinah-Hub,Motorbike,310,87.7,27.4,730.16,4.02
2025-11-24,Madinah-Hub,Van,168,87.7,36.0,832.96,4.21
2025-11-24,Madinah-Hub,Truck,52,87.7,51.4,440.2,4.21
2025-11-25,Riyadh-Hub,Motorbike,732,90.4,26.9,1755.95,3.94
2025-11-25,Riyadh-Hub,Van,445,90.4,33.6,2072.11,4.51
2025-11-25,Riyadh-Hub,Truck,138,90.4,41.7,1252.33,3.71
2025-11-25,Jeddah-Hub,Motorbike,552,85.8,21.4,1324.04,3.56
2025-11-25,Jeddah-Hub,Van,369,85.8,37.1,1831.06,3.86
2025-11-25,Jeddah-Hub,Truck,112,85.8,51.9,967.55,4.27
2025-11-25,Dammam-Hub,Motorbike,369,92.4,36.1,929.12,4.25
2025-11-25,Dammam-Hub,Van,204,92.4,32.3,992.82,4.34
2025-11-25,Dammam-Hub,Truck,61,92.4,54.0,524.31,4.07
2025-11-25,Makkah-Hub,Motorbike,468,84.2,24.1,1132.77,4.0
2025-11-25,Makkah-Hub,Van,291,84.2,31.8,1381.78,4.32
2025-11-25,Makkah-Hub,Truck,77,84.2,57.4,688.08,3.98
2025-11-25,Madinah-Hub,Motorbike,296,89.7,31.8,709.0,4.33
2025-11-25,Madinah-Hub,Van,164,89.7,35.1,833.85,3.99
2025-11-25,Madinah-Hub,Truck,49,89.7,40.4,415.47,3.6
2025-11-26,Riyadh-Hub,Motorbike,811,89.9,29.5,1921.4,4.06
2025-11-26,Riyadh-Hub,Van,485,89.9,37.2,2258.54,4.33
2025-11-26,Riyadh-Hub,Truck,147,89.9,38.6,1297.15,3.98
2025-11-26,Jeddah-Hub,Motorbike,554,87.9,27.5,1288.34,3.78
2025-11-26,Jeddah-Hub,Van,411,87.9,34.4,1910.09,3.55
2025-11-26,Jeddah-Hub,Truck,106,87.9,45.0,928.81,3.91
2025-11-26,Dammam-Hub,Motorbike,345,92.4,19.6,841.38,4.01
2025-11-26,Dammam-Hub,Van,224,92.4,35.5,1086.99,4.36
2025-11-26,Dammam-Hub,Truck,59,92.4,54.9,519.21,4.25
2025-11-26,Makkah-Hub,Motorbike,443,85.7,29.0,1079.8,3.86
2025-11-26,Makkah-Hub,Van,273,85.7,43.8,1349.84,4.28
2025-11-26,Makkah-Hub,Truck,71,85.7,50.5,597.96,3.58
2025-11-26,Madinah-Hub,Motorbike,306,91.3,13.4,718.84,4.14
2025-11-26,Madinah-Hub,Van,175,91.3,29.6,889.9,4.73
2025-11-26,Madinah-Hub,Truck,52,91.3,51.1,463.27,3.93
2025-11-27,Riyadh-Hub,Motorbike,740,91.4,21.9,1784.43,4.62
2025-11-27,Riyadh-Hub,Van,500,91.4,38.8,2345.1,3.74
2025-11-27,Riyadh-Hub,Truck,131,91.4,42.8,1092.1,4.22
2025-11-27,Jeddah-Hub,Motorbike,629,85.6,23.5,1505.53,4.05
2025-11-27,Jeddah-Hub,Van,386,85.6,35.8,1935.31,4.25
2025-11-27,Jeddah-Hub,Truck,99,85.6,42.0,894.34,3.37
2025-11-27,Dammam-Hub,Motorbike,319,86.8,21.2,777.14,3.94
2025-11-27,Dammam-Hub,Van,200,86.8,31.4,935.93,3.36
2025-11-27,Dammam-Hub,Truck,66,86.8,47.1,568.8,4.31
2025-11-27,Makkah-Hub,Motorbike,396,84.7,27.9,939.53,4.17
2025-11-27,Makkah-Hub,Van,257,84.7,36.8,1254.56,4.45
2025-11-27,Makkah-Hub,Truck,71,84.7,52.3,624.98,4.16
2025-11-27,Madinah-Hub,Motorbike,287,88.8,33.0,680.08,4.56
2025-11-27,Madinah-Hub,Van,199,88.8,33.6,990.71,4.04
2025-11-27,Madinah-Hub,Truck,54,88.8,47.4,482.71,3.77
2025-11-28,Riyadh-Hub,Motorbike,560,93.0,19.7,1374.76,3.81
2025-11-28,Riyadh-Hub,Van,405,93.0,33.4,1990.87,4.47
2025-11-28,Riyadh-Hub,Truck,117,93.0,55.1,1015.97,4.16
2025-11-28,Jeddah-Hub,Motorbike,469,90.2,22.7,1196.07,4.33
2025-11-28,Jeddah-Hub,Van,298,90.2,27.9,1517.11,4.35
2025-11-28,Jeddah-Hub,Truck,84,90.2,53.0,706.59,4.13
2025-11-28,Dammam-Hub,Motorbike,282,92.0,29.9,656.07,3.74
2025-11-28,Dammam-Hub,Van,157,92.0,30.3,800.62,3.96
2025-11-28,Dammam-Hub,Truck,49,92.0,41.5,420.61,4.12
2025-11-28,Makkah-Hub,Motorbike,346,81.4,36.3,806.74,4.32
2025-11-28,Makkah-Hub,Van,212,81.4,38.5,1080.04,4.34
2025-11-28,Makkah-Hub,Truck,62,81.4,49.1,515.35,4.02
2025-11-28,Madinah-Hub,Motorbike,251,85.0,32.3,598.7,4.59
2025-11-28,Madinah-Hub,Van,145,85.0,35.5,687.91,4.29
2025-11-28,Madinah-Hub,Truck,41,85.0,43.8,361.27,3.74
2025-11-29,Riyadh-Hub,Motorbike,701,94.1,25.3,1716.91,3.84
2025-11-29,Riyadh-Hub,Van,446,94.1,28.9,2274.37,4.89
2025-11-29,Riyadh-Hub,Truck,142,94.1,55.8,1190.46,4.61
2025-11-29,Jeddah-Hub,Motorbike,629,91.1,31.5,1488.54,3.71
2025-11-29,Jeddah-Hub,Van,384,91.1,32.4,1864.37,4.09
2025-11-29,Jeddah-Hub,Truck,114,91.1,40.5,1028.75,3.69
2025-11-29,Dammam-Hub,Motorbike,323,89.6,24.3,776.18,3.69
2025-11-29,Dammam-Hub,Van,214,89.6,32.9,1042.13,3.78
2025-11-29,Dammam-Hub,Truck,65,89.6,47.5,564.84,4.17
2025-11-29,Makkah-Hub,Motorbike,404,84.3,28.5,956.99,3.84
2025-11-29,Makkah-Hub,Van,279,84.3,32.3,1392.15,4.1
2025-11-29,Makkah-Hub,Truck,79,84.3,43.2,681.74,4.1
2025-11-29,Madinah-Hub,Motorbike,258,93.3,26.7,627.79,4.21
2025-11-29,Madinah-Hub,Van,192,93.3,36.3,960.83,4.49
2025-11-29,Madinah-Hub,Truck,47,93.3,48.9,398.34,4.35
2025-11-30,Riyadh-Hub,Motorbike,800,92.4,22.8,1979.07,4.33
2025-11-30,Riyadh-Hub,Van,514,92.4,34.5,2624.34,4.17
2025-11-30,Riyadh-Hub,Truck,130,92.4,50.7,1169.8,4.16
2025-11-30,Jeddah-Hub,Motorbike,655,89.7,16.5,1549.54,4.09
2025-11-30,Jeddah-Hub,Van,422,89.7,39.9,2137.48,3.81
2025-11-30,Jeddah-Hub,Truck,110,89.7,52.1,929.27,4.22
2025-11-30,Dammam-Hub,Motorbike,364,95.3,22.6,864.29,4.45
2025-11-30,Dammam-Hub,Van,213,95.3,23.9,1037.42,3.99
2025-11-30,Dammam-Hub,Truck,66,95.3,42.4,590.33,4.68
2025-11-30,Makkah-Hub,Motorbike,391,85.8,24.8,992.77,4.33
2025-11-30,Makkah-Hub,Van,266,85.8,37.7,1315.03,4.12
2025-11-30,Makkah-Hub,Truck,82,85.8,46.2,730.7,4.09
2025-11-30,Madinah-Hub,Motorbike,263,86.2,27.5,620.37,4.42
2025-11-30,Madinah-Hub,Van,190,86.2,48.5,908.72,4.56
2025-11-30,Madinah-Hub,Truck,48,86.2,41.6,429.32,4.18
2025-12-01,Riyadh-Hub,Motorbike,773,89.1,27.2,1873.16,4.36
2025-12-01,Riyadh-Hub,Van,470,89.1,32.7,2333.04,4.22
2025-12-01,Riyadh-Hub,Truck,121,89.1,52.3,1051.65,3.62
2025-12-01,Jeddah-Hub,Motorbike,642,87.6,31.2,1598.67,3.57
2025-12-01,Jeddah-Hub,Van,403,87.6,38.4,2040.73,3.51
2025-12-01,Jeddah-Hub,Truck,99,87.6,54.2,888.6,4.24
2025-12-01,Dammam-Hub,Motorbike,372,94.6,22.4,939.47,4.16
2025-12-01,Dammam-Hub,Van,219,94.6,36.7,1044.87,4.48
2025-12-01,Dammam-Hub,Truck,61,94.6,45.3,546.94,4.03
2025-12-01,Makkah-Hub,Motorbike,454,86.8,21.2,1130.04,3.94
2025-12-01,Makkah-Hub,Van,256,86.8,29.4,1219.25,3.97
2025-12-01,Makkah-Hub,Truck,82,86.8,61.5,713.46,4.23
2025-12-01,Madinah-Hub,Motorbike,279,91.7,27.1,655.56,4.55
2025-12-01,Madinah-Hub,Van,183,91.7,36.9,917.98,4.08
2025-12-01,Madinah-Hub,Truck,55,91.7,41.5,458.5,4.65
2025-12-02,Riyadh-Hub,Motorbike,672,90.3,28.9,1636.93,3.86
2025-12-02,Riyadh-Hub,Van,433,90.3,36.5,2051.21,4.19
2025-12-02,Riyadh-Hub,Truck,127,90.3,57.4,1080.06,4.09
2025-12-02,Jeddah-Hub,Motorbike,662,87.7,23.5,1599.47,3.97
2025-12-02,Jeddah-Hub,Van,360,87.7,31.4,1781.24,3.62
2025-12-02,Jeddah-Hub,Truck,110,87.7,46.0,962.1,4.44
2025-12-02,Dammam-Hub,Motorbike,352,95.8,25.3,872.15,4.38
2025-12-02,Dammam-Hub,Van,212,95.8,28.3,1008.28,4.0
2025-12-02,Dammam-Hub,Truck,56,95.8,48.8,491.14,4.27
2025-12-02,Makkah-Hub,Motorbike,443,82.3,23.7,1114.65,4.23
2025-12-02,Makkah-Hub,Van,299,82.3,33.0,1450.94,3.96
2025-12-02,Makkah-Hub,Truck,85,82.3,54.8,732.98,4.49
2025-12-02,Madinah-Hub,Motorbike,294,89.5,32.6,741.11,4.34
2025-12-02,Madinah-Hub,Van,184,89.5,32.2,869.33,3.73
2025-12-02,Madinah-Hub,Truck,52,89.5,50.9,435.46,3.48
2025-12-03,Riyadh-Hub,Motorbike,773,91.9,21.7,1856.82,3.53
2025-12-03,Riyadh-Hub,Van,498,91.9,36.0,2323.53,4.16
2025-12-03,Riyadh-Hub,Truck,129,91.9,48.9,1165.66,4.32
2025-12-03,Jeddah-Hub,Motorbike,560,83.2,22.6,1325.99,4.45
2025-12-03,Jeddah-Hub,Van,385,83.2,42.6,1810.35,4.04
2025-12-03,Jeddah-Hub,Truck,118,83.2,56.5,1018.37,4.61
2025-12-03,Dammam-Hub,Motorbike,311,88.5,29.1,733.33,4.64
2025-12-03,Dammam-Hub,Van,229,88.5,40.0,1112.24,4.02
2025-12-03,Dammam-Hub,Truck,62,88.5,54.3,519.92,3.6
2025-12-03,Makkah-Hub,Motorbike,394,85.6,30.4,961.35,4.0
2025-12-03,Makkah-Hub,Van,269,85.6,35.5,1298.49,4.02
2025-12-03,Makkah-Hub,Truck,84,85.6,53.4,747.14,3.87
2025-12-03,Madinah-Hub,Motorbike,301,89.5,24.8,733.17,3.67
2025-12-03,Madinah-Hub,Van,180,89.5,39.9,896.02,3.68
2025-12-03,Madinah-Hub,Truck,53,89.5,55.9,482.02,3.94
2025-12-04,Riyadh-Hub,Motorbike,812,92.3,16.9,2025.57,4.19
2025-12-04,Riyadh-Hub,Van,446,92.3,30.3,2121.82,3.81
2025-12-04,Riyadh-Hub,Truck,124,92.3,39.1,1087.72,3.95
2025-12-04,Jeddah-Hub,Motorbike,645,86.7,28.7,1613.84,3.89
2025-12-04,Jeddah-Hub,Van,422,86.7,42.3,1993.23,3.8
2025-12-04,Jeddah-Hub,Truck,110,86.7,55.2,944.02,4.71
2025-12-04,Dammam-Hub,Motorbike,326,89.8,35.2,778.07,4.05
2025-12-04,Dammam-Hub,Van,204,89.8,47.0,1029.72,4.29
2025-12-04,Dammam-Hub,Truck,57,89.8,45.8,512.98,3.63
2025-12-04,Makkah-Hub,Motorbike,426,90.1,20.3,1069.22,3.54
2025-12-04,Makkah-Hub,Van,284,90.1,30.1,1346.22,4.36
2025-12-04,Makkah-Hub,Truck,82,90.1,57.8,713.54,4.0
2025-12-04,Madinah-Hub,Motorbike,310,91.9,35.4,764.92,4.03
2025-12-04,Madinah-Hub,Van,170,91.9,31.3,852.07,4.47
2025-12-04,Madinah-Hub,Truck,50,91.9,51.7,433.44,3.94
2025-12-05,Riyadh-Hub,Motorbike,562,93.1,25.3,1336.52,3.92
2025-12-05,Riyadh-Hub,Van,364,93.1,36.7,1727.78,4.32
2025-12-05,Riyadh-Hub,Truck,102,93.1,49.3,909.23,3.74
2025-12-05,Jeddah-Hub,Motorbike,528,87.9,23.8,1239.3,3.59
2025-12-05,Jeddah-Hub,Van,332,87.9,36.5,1678.87,4.27
2025-12-05,Jeddah-Hub,Truck,85,87.9,52.4,721.16,3.89
2025-12-05,Dammam-Hub,Motorbike,263,90.9,16.4,675.27,3.96
2025-12-05,Dammam-Hub,Van,189,90.9,24.6,919.33,4.57
2025-12-05,Dammam-Hub,Truck,46,90.9,48.1,411.91,3.62
2025-12-05,Makkah-Hub,Motorbike,364,86.9,24.4,890.83,3.65
2025-12-05,Makkah-Hub,Van,229,86.9,39.4,1125.25,4.56
2025-12-05,Makkah-Hub,Truck,56,86.9,43.6,465.18,3.47
2025-12-05,Madinah-Hub,Motorbike,213,89.6,20.6,532.52,4.22
2025-12-05,Madinah-Hub,Van,146,89.6,35.8,729.29,3.63
2025-12-05,Madinah-Hub,Truck,39,89.6,47.0,338.49,4.35
2025-12-06,Riyadh-Hub,Motorbike,714,88.5,22.3,1775.36,3.95
2025-12-06,Riyadh-Hub,Van,505,88.5,39.2,2434.41,3.86
2025-12-06,Riyadh-Hub,Truck,140,88.5,47.2,1264.01,4.44
2025-12-06,Jeddah-Hub,Motorbike,547,86.0,25.5,1330.52,4.3
2025-12-06,Jeddah-Hub,Van,354,86.0,40.0,1731.65,4.16
2025-12-06,Jeddah-Hub,Truck,99,86.0,53.7,831.65,3.61
2025-12-06,Dammam-Hub,Motorbike,333,94.0,20.2,841.21,4.67
2025-12-06,Dammam-Hub,Van,207,94.0,34.9,1040.06,4.24
2025-12-06,Dammam-Hub,Truck,63,94.0,44.7,530.92,4.58
2025-12-06,Makkah-Hub,Motorbike,425,81.6,29.7,1036.15,3.49
2025-12-06,Makkah-Hub,Van,293,81.6,37.9,1503.44,3.51
2025-12-06,Makkah-Hub,Truck,77,81.6,49.4,691.24,3.71
2025-12-06,Madinah-Hub,Motorbike,261,89.7,18.3,632.82,4.1
2025-12-06,Madinah-Hub,Van,177,89.7,45.0,889.44,4.53
2025-12-06,Madinah-Hub,Truck,48,89.7,36.8,429.17,3.4
2025-12-07,Riyadh-Hub,Motorbike,776,92.0,21.2,1828.18,4.33
2025-12-07,Riyadh-Hub,Van,454,92.0,33.8,2200.13,3.85
2025-12-07,Riyadh-Hub,Truck,146,92.0,51.0,1261.57,4.16
2025-12-07,Jeddah-Hub,Motorbike,635,93.0,28.9,1513.58,3.7
2025-12-07,Jeddah-Hub,Van,383,93.0,35.0,1875.0,4.23
2025-12-07,Jeddah-Hub,Truck,117,93.0,52.9,1060.37,4.31
2025-12-07,Dammam-Hub,Motorbike,309,86.8,19.2,771.07,3.88
2025-12-07,Dammam-Hub,Van,207,86.8,26.6,969.22,3.87
2025-12-07,Dammam-Hub,Truck,65,86.8,51.0,545.41,3.87
2025-12-07,Makkah-Hub,Motorbike,448,86.9,32.0,1145.94,3.22
2025-12-07,Makkah-Hub,Van,268,86.9,44.0,1363.25,3.71
2025-12-07,Makkah-Hub,Truck,76,86.9,51.4,672.99,3.22
2025-12-07,Madinah-Hub,Motorbike,275,90.1,22.9,669.85,4.43
2025-12-07,Madinah-Hub,Van,199,90.1,34.3,960.93,4.3
2025-12-07,Madinah-Hub,Truck,53,90.1,44.7,475.65,4.1
2025-12-08,Riyadh-Hub,Motorbike,759,93.8,16.9,1873.55,4.29
2025-12-08,Riyadh-Hub,Van,437,93.8,39.0,2074.68,4.14
2025-12-08,Riyadh-Hub,Truck,140,93.8,38.7,1253.01,4.02
2025-12-08,Jeddah-Hub,Motorbike,571,90.5,28.1,1349.55,3.92
2025-12-08,Jeddah-Hub,Van,400,90.5,28.8,1894.03,4.11
2025-12-08,Jeddah-Hub,Truck,108,90.5,48.7,920.36,3.45
2025-12-08,Dammam-Hub,Motorbike,320,95.4,35.1,791.78,4.55
2025-12-08,Dammam-Hub,Van,218,95.4,35.9,1084.61,4.28
2025-12-08,Dammam-Hub,Truck,64,95.4,56.6,551.45,3.76
2025-12-08,Makkah-Hub,Motorbike,449,89.9,28.2,1058.17,3.88
2025-12-08,Makkah-Hub,Van,270,89.9,40.1,1267.48,4.1
2025-12-08,Makkah-Hub,Truck,73,89.9,47.6,651.17,4.13
2025-12-08,Madinah-Hub,Motorbike,269,87.3,34.0,685.19,4.41
2025-12-08,Madinah-Hub,Van,181,87.3,28.8,905.22,3.4
2025-12-08,Madinah-Hub,Truck,52,87.3,40.8,443.75,3.87
2025-12-09,Riyadh-Hub,Motorbike,805,89.4,18.6,2016.81,3.54
2025-12-09,Riyadh-Hub,Van,437,89.4,43.2,2093.07,4.0
2025-12-09,Riyadh-Hub,Truck,148,89.4,46.4,1244.65,3.77
2025-12-09,Jeddah-Hub,Motorbike,661,88.0,16.8,1630.17,4.65
2025-12-09,Jeddah-Hub,Van,372,88.0,29.7,1772.58,4.16
2025-12-09,Jeddah-Hub,Truck,107,88.0,52.6,916.19,3.66
2025-12-09,Dammam-Hub,Motorbike,337,97.6,18.4,811.4,4.01
2025-12-09,Dammam-Hub,Van,212,97.6,37.1,1022.4,3.58
2025-12-09,Dammam-Hub,Truck,65,97.6,48.3,577.64,4.34
2025-12-09,Makkah-Hub,Motorbike,470,81.7,33.5,1189.71,4.29
2025-12-09,Makkah-Hub,Van,260,81.7,37.2,1264.54,4.07
2025-12-09,Makkah-Hub,Truck,80,81.7,57.5,679.16,3.68
2025-12-09,Madinah-Hub,Motorbike,309,91.0,29.6,773.37,4.56
2025-12-09,Madinah-Hub,Van,178,91.0,37.6,889.98,4.2
2025-12-09,Madinah-Hub,Truck,47,91.0,37.2,394.44,4.47
2025-12-10,Riyadh-Hub,Motorbike,769,88.4,30.9,1924.23,4.12
2025-12-10,Riyadh-Hub,Van,476,88.4,37.3,2369.07,3.76
2025-12-10,Riyadh-Hub,Truck,142,88.4,44.1,1248.81,4.16
2025-12-10,Jeddah-Hub,Motorbike,648,87.6,29.2,1574.71,3.77
2025-12-10,Jeddah-Hub,Van,394,87.6,45.5,1892.97,3.97
2025-12-10,Jeddah-Hub,Truck,111,87.6,40.7,962.09,4.13
2025-12-10,Dammam-Hub,Motorbike,310,96.8,33.5,751.08,4.05
2025-12-10,Dammam-Hub,Van,210,96.8,45.2,1065.65,4.0
2025-12-10,Dammam-Hub,Truck,62,96.8,47.2,530.32,4.55
2025-12-10,Makkah-Hub,Motorbike,408,85.9,19.7,965.45,4.23
2025-12-10,Makkah-Hub,Van,277,85.9,33.4,1413.68,3.58
2025-12-10,Makkah-Hub,Truck,75,85.9,47.6,645.25,4.14
2025-12-10,Madinah-Hub,Motorbike,263,89.7,36.1,649.82,4.5
2025-12-10,Madinah-Hub,Van,195,89.7,40.9,921.32,3.73
2025-12-10,Madinah-Hub,Truck,52,89.7,46.9,436.82,3.98
2025-12-11,Riyadh-Hub,Motorbike,752,92.7,20.5,1852.04,4.12
2025-12-11,Riyadh-Hub,Van,467,92.7,41.5,2239.78,3.84
2025-12-11,Riyadh-Hub,Truck,142,92.7,43.2,1282.37,3.98
2025-12-11,Jeddah-Hub,Motorbike,645,86.9,22.9,1637.74,4.14
2025-12-11,Jeddah-Hub,Van,404,86.9,42.5,1889.57,4.1
2025-12-11,Jeddah-Hub,Truck,108,86.9,46.9,979.44,4.33
2025-12-11,Dammam-Hub,Motorbike,364,94.4,22.7,855.04,4.19
2025-12-11,Dammam-Hub,Van,211,94.4,36.0,1001.59,4.18
2025-12-11,Dammam-Hub,Truck,61,94.4,42.3,542.85,3.71
2025-12-11,Makkah-Hub,Motorbike,426,87.8,24.8,1072.6,4.69
2025-12-11,Makkah-Hub,Van,255,87.8,32.4,1297.18,4.21
2025-12-11,Makkah-Hub,Truck,80,87.8,49.0,683.68,4.18
2025-12-11,Madinah-Hub,Motorbike,272,90.6,23.3,637.05,4.2
2025-12-11,Madinah-Hub,Van,174,90.6,35.0,845.48,3.97
2025-12-11,Madinah-Hub,Truck,47,90.6,52.7,424.0,4.33
2025-12-12,Riyadh-Hub,Motorbike,551,88.5,30.7,1337.0,3.88
2025-12-12,Riyadh-Hub,Van,359,88.5,38.9,1790.36,3.64
2025-12-12,Riyadh-Hub,Truck,117,88.5,49.9,1034.47,4.29
2025-12-12,Jeddah-Hub,Motorbike,508,87.7,19.9,1307.52,3.92
2025-12-12,Jeddah-Hub,Van,312,87.7,39.6,1515.08,3.52
2025-12-12,Jeddah-Hub,Truck,84,87.7,51.4,705.98,4.39
2025-12-12,Dammam-Hub,Motorbike,255,93.6,21.4,651.64,4.16
2025-12-12,Dammam-Hub,Van,162,93.6,39.1,776.8,4.47
2025-12-12,Dammam-Hub,Truck,45,93.6,53.3,411.52,4.31
2025-12-12,Makkah-Hub,Motorbike,341,84.6,27.4,796.85,4.23
2025-12-12,Makkah-Hub,Van,197,84.6,29.9,968.9,3.91
2025-12-12,Makkah-Hub,Truck,64,84.6,50.3,540.14,4.36
2025-12-12,Madinah-Hub,Motorbike,250,87.6,31.0,596.38,4.12
2025-12-12,Madinah-Hub,Van,157,87.6,40.7,773.72,3.96
2025-12-12,Madinah-Hub,Truck,45,87.6,45.1,403.14,3.98
2025-12-13,Riyadh-Hub,Motorbike,775,86.3,32.5,1909.19,4.11
2025-12-13,Riyadh-Hub,Van,481,86.3,44.1,2346.92,3.57
2025-12-13,Riyadh-Hub,Truck,128,86.3,59.9,1130.26,4.23
2025-12-13,Jeddah-Hub,Motorbike,617,85.4,28.1,1496.63,4.5
2025-12-13,Jeddah-Hub,Van,365,85.4,34.9,1872.76,4.26
2025-12-13,Jeddah-Hub,Truck,113,85.4,60.1,1005.38,3.84
2025-12-13,Dammam-Hub,Motorbike,352,91.4,31.7,834.35,4.51
2025-12-13,Dammam-Hub,Van,215,91.4,26.2,1030.46,4.3
2025-12-13,Dammam-Hub,Truck,63,91.4,43.6,556.22,4.38
2025-12-13,Makkah-Hub,Motorbike,431,84.5,30.2,1029.7,3.7
2025-12-13,Makkah-Hub,Van,268,84.5,25.1,1306.77,4.54
2025-12-13,Makkah-Hub,Truck,80,84.5,51.7,674.02,4.09
2025-12-13,Madinah-Hub,Motorbike,300,91.8,23.6,769.93,3.66
2025-12-13,Madinah-Hub,Van,197,91.8,44.9,958.2,4.1
2025-12-13,Madinah-Hub,Truck,55,91.8,43.3,458.19,4.28
2025-12-14,Riyadh-Hub,Motorbike,786,92.4,29.1,1997.02,4.05
2025-12-14,Riyadh-Hub,Van,518,92.4,37.4,2514.48,4.01
2025-12-14,Riyadh-Hub,Truck,127,92.4,41.2,1130.81,4.36
2025-12-14,Jeddah-Hub,Motorbike,567,85.3,31.9,1379.1,4.44
2025-12-14,Jeddah-Hub,Van,402,85.3,37.7,1880.48,4.12
2025-12-14,Jeddah-Hub,Truck,101,85.3,45.4,893.72,3.83
2025-12-14,Dammam-Hub,Motorbike,356,95.6,21.0,861.33,4.2
2025-12-14,Dammam-Hub,Van,215,95.6,22.4,1085.16,4.15
2025-12-14,Dammam-Hub,Truck,56,95.6,43.5,492.91,4.21
2025-12-14,Makkah-Hub,Motorbike,455,83.6,21.9,1108.88,3.75
2025-12-14,Makkah-Hub,Van,278,83.6,24.1,1323.34,4.21
2025-12-14,Makkah-Hub,Truck,74,83.6,55.8,665.92,4.04
2025-12-14,Madinah-Hub,Motorbike,289,87.1,38.4,715.46,4.21
2025-12-14,Madinah-Hub,Van,173,87.1,31.8,821.51,3.79
2025-12-14,Madinah-Hub,Truck,47,87.1,56.8,415.32,4.43
2025-12-15,Riyadh-Hub,Motorbike,685,89.2,21.4,1618.62,4.48
2025-12-15,Riyadh-Hub,Van,487,89.2,43.1,2348.07,3.95
2025-12-15,Riyadh-Hub,Truck,136,89.2,49.1,1161.8,4.03
2025-12-15,Jeddah-Hub,Motorbike,572,89.2,10.3,1358.25,4.29
2025-12-15,Jeddah-Hub,Van,350,89.2,40.2,1680.09,3.7
2025-12-15,Jeddah-Hub,Truck,118,89.2,58.3,993.19,4.08
2025-12-15,Dammam-Hub,Motorbike,345,94.2,26.8,826.68,4.3
2025-12-15,Dammam-Hub,Van,210,94.2,32.7,1040.48,4.0
2025-12-15,Dammam-Hub,Truck,61,94.2,34.2,541.79,3.48
2025-12-15,Makkah-Hub,Motorbike,422,85.2,36.2,1089.59,3.39
2025-12-15,Makkah-Hub,Van,277,85.2,42.5,1375.03,3.41
2025-12-15,Makkah-Hub,Truck,78,85.2,51.7,662.45,4.33
2025-12-15,Madinah-Hub,Motorbike,295,89.9,29.5,757.5,3.86
2025-12-15,Madinah-Hub,Van,194,89.9,40.3,979.05,4.57
2025-12-15,Madinah-Hub,Truck,52,89.9,48.8,444.86,3.79
2025-12-16,Riyadh-Hub,Motorbike,707,86.4,26.8,1717.47,4.21
2025-12-16,Riyadh-Hub,Van,519,86.4,28.8,2441.59,3.86
2025-12-16,Riyadh-Hub,Truck,126,86.4,49.0,1128.22,4.08
2025-12-16,Jeddah-Hub,Motorbike,607,89.2,24.0,1513.05,3.7
2025-12-16,Jeddah-Hub,Van,361,89.2,35.7,1849.38,3.76
2025-12-16,Jeddah-Hub,Truck,100,89.2,47.2,861.07,3.98
2025-12-16,Dammam-Hub,Motorbike,367,97.2,22.3,927.46,3.84
2025-12-16,Dammam-Hub,Van,224,97.2,36.8,1108.39,4.67
2025-12-16,Dammam-Hub,Truck,64,97.2,50.5,560.77,4.1
2025-12-16,Makkah-Hub,Motorbike,394,87.6,26.1,1017.08,4.06
2025-12-16,Makkah-Hub,Van,260,87.6,35.5,1238.19,3.96
2025-12-16,Makkah-Hub,Truck,73,87.6,52.2,653.02,3.95
2025-12-16,Madinah-Hub,Motorbike,282,89.7,17.8,718.13,4.09
2025-12-16,Madinah-Hub,Van,170,89.7,29.5,806.35,3.9
2025-12-16,Madinah-Hub,Truck,56,89.7,45.8,486.6,4.0
2025-12-17,Riyadh-Hub,Motorbike,673,90.8,29.9,1653.37,4.18
2025-12-17,Riyadh-Hub,Van,437,90.8,33.3,2204.04,3.66
2025-12-17,Riyadh-Hub,Truck,133,90.8,47.2,1191.15,3.34
2025-12-17,Jeddah-Hub,Motorbike,576,89.9,29.7,1433.83,3.78
2025-12-17,Jeddah-Hub,Van,351,89.9,42.1,1729.5,4.11
2025-12-17,Jeddah-Hub,Truck,110,89.9,46.6,971.47,4.67
2025-12-17,Dammam-Hub,Motorbike,310,96.8,20.1,790.33,4.15
2025-12-17,Dammam-Hub,Van,210,96.8,33.8,1075.11,3.89
2025-12-17,Dammam-Hub,Truck,67,96.8,38.9,557.58,4.29
2025-12-17,Makkah-Hub,Motorbike,410,82.3,28.0,967.38,4.23
2025-12-17,Makkah-Hub,Van,265,82.3,42.2,1343.08,4.46
2025-12-17,Makkah-Hub,Truck,83,82.3,48.7,727.53,3.11
2025-12-17,Madinah-Hub,Motorbike,260,88.4,30.5,666.69,3.39
2025-12-17,Madinah-Hub,Van,190,88.4,38.4,901.73,3.66
2025-12-17,Madinah-Hub,Truck,52,88.4,41.3,437.33,4.08
2025-12-18,Riyadh-Hub,Motorbike,726,90.0,16.3,1731.52,4.44
2025-12-18,Riyadh-Hub,Van,445,90.0,26.7,2191.73,4.27
2025-12-18,Riyadh-Hub,Truck,139,90.0,52.5,1229.62,3.97
2025-12-18,Jeddah-Hub,Motorbike,596,85.9,23.0,1476.43,3.63
2025-12-18,Jeddah-Hub,Van,369,85.9,40.0,1888.04,4.33
2025-12-18,Jeddah-Hub,Truck,120,85.9,60.0,1039.87,3.84
2025-12-18,Dammam-Hub,Motorbike,340,90.6,26.7,849.35,3.99
2025-12-18,Dammam-Hub,Van,218,90.6,26.4,1050.06,4.06
2025-12-18,Dammam-Hub,Truck,55,90.6,48.5,478.46,3.97
2025-12-18,Makkah-Hub,Motorbike,409,85.0,30.5,1032.61,4.15
2025-12-18,Makkah-Hub,Van,276,85.0,34.4,1337.98,3.71
2025-12-18,Makkah-Hub,Truck,79,85.0,48.9,703.53,4.37
2025-12-18,Madinah-Hub,Motorbike,278,85.4,24.0,683.24,4.29
2025-12-18,Madinah-Hub,Van,189,85.4,32.3,953.04,3.98
2025-12-18,Madinah-Hub,Truck,53,85.4,52.9,485.13,3.53
2025-12-19,Riyadh-Hub,Motorbike,562,95.0,33.4,1428.37,4.11
2025-12-19,Riyadh-Hub,Van,360,95.0,35.7,1740.99,4.58
2025-12-19,Riyadh-Hub,Truck,117,95.0,49.3,992.08,4.11
2025-12-19,Jeddah-Hub,Motorbike,464,89.2,30.0,1150.44,3.58
2025-12-19,Jeddah-Hub,Van,327,89.2,28.4,1580.72,4.57
2025-12-19,Jeddah-Hub,Truck,91,89.2,43.0,789.14,4.36
2025-12-19,Dammam-Hub,Motorbike,283,94.6,23.1,713.61,3.97
2025-12-19,Dammam-Hub,Van,186,94.6,39.6,892.78,3.92
2025-12-19,Dammam-Hub,Truck,50,94.6,51.1,443.07,3.77
2025-12-19,Makkah-Hub,Motorbike,364,85.0,32.0,856.69,4.22
2025-12-19,Makkah-Hub,Van,214,85.0,32.7,1005.17,3.71
2025-12-19,Makkah-Hub,Truck,63,85.0,44.8,557.4,4.68
2025-12-19,Madinah-Hub,Motorbike,237,91.7,35.1,574.54,3.92
2025-12-19,Madinah-Hub,Van,137,91.7,28.7,680.15,3.87
2025-12-19,Madinah-Hub,Truck,38,91.7,47.3,343.0,4.18
2025-12-20,Riyadh-Hub,Motorbike,671,89.5,19.7,1631.35,3.86
2025-12-20,Riyadh-Hub,Van,500,89.5,41.6,2384.82,4.59
2025-12-20,Riyadh-Hub,Truck,123,89.5,53.0,1076.04,4.13
2025-12-20,Jeddah-Hub,Motorbike,607,89.7,32.2,1529.41,3.81
2025-12-20,Jeddah-Hub,Van,361,89.7,38.8,1722.15,3.83
2025-12-20,Jeddah-Hub,Truck,112,89.7,53.3,939.62,4.53
2025-12-20,Dammam-Hub,Motorbike,361,89.7,33.6,859.56,3.63
2025-12-20,Dammam-Hub,Van,222,89.7,40.2,1083.47,4.3
2025-12-20,Dammam-Hub,Truck,56,89.7,49.3,466.67,4.33
2025-12-20,Makkah-Hub,Motorbike,410,87.5,24.1,1032.6,3.69
2025-12-20,Makkah-Hub,Van,289,87.5,39.5,1485.25,4.0
2025-12-20,Makkah-Hub,Truck,73,87.5,50.6,639.24,3.82
2025-12-20,Madinah-Hub,Motorbike,261,94.5,28.9,652.49,4.08
2025-12-20,Madinah-Hub,Van,185,94.5,34.2,887.28,3.98
2025-12-20,Madinah-Hub,Truck,54,94.5,51.4,453.15,4.3
2025-12-21,Riyadh-Hub,Motorbike,811,90.4,25.3,1929.12,3.69
2025-12-21,Riyadh-Hub,Van,480,90.4,24.1,2356.6,4.38
2025-12-21,Riyadh-Hub,Truck,123,90.4,49.8,1096.84,4.28
2025-12-21,Jeddah-Hub,Motorbike,602,94.4,25.9,1431.46,3.93
2025-12-21,Jeddah-Hub,Van,412,94.4,34.6,2088.76,4.19
2025-12-21,Jeddah-Hub,Truck,111,94.4,48.4,995.14,4.2
2025-12-21,Dammam-Hub,Motorbike,311,92.7,25.6,773.55,3.87
2025-12-21,Dammam-Hub,Van,214,92.7,29.5,1010.51,4.05
2025-12-21,Dammam-Hub,Truck,58,92.7,43.2,530.23,4.31
2025-12-21,Makkah-Hub,Motorbike,401,86.8,30.6,943.92,3.77
2025-12-21,Makkah-Hub,Van,285,86.8,39.4,1472.93,3.62
2025-12-21,Makkah-Hub,Truck,78,86.8,48.1,691.54,4.32
2025-12-21,Madinah-Hub,Motorbike,286,94.4,19.4,685.19,4.29
2025-12-21,Madinah-Hub,Van,198,94.4,40.3,929.48,4.23
2025-12-21,Madinah-Hub,Truck,56,94.4,55.7,480.12,4.43
2025-12-22,Riyadh-Hub,Motorbike,792,86.5,35.9,1903.95,3.57
2025-12-22,Riyadh-Hub,Van,511,86.5,35.0,2581.2,3.98
2025-12-22,Riyadh-Hub,Truck,139,86.5,57.3,1270.3,3.53
2025-12-22,Jeddah-Hub,Motorbike,595,86.9,24.6,1520.12,3.84
2025-12-22,Jeddah-Hub,Van,402,86.9,42.5,1951.13,3.94
2025-12-22,Jeddah-Hub,Truck,119,86.9,60.1,1073.56,4.11
2025-12-22,Dammam-Hub,Motorbike,348,88.6,23.9,869.21,4.41
2025-12-22,Dammam-Hub,Van,213,88.6,35.8,1051.1,3.89
2025-12-22,Dammam-Hub,Truck,56,88.6,40.3,501.71,3.82
2025-12-22,Makkah-Hub,Motorbike,391,86.1,29.0,937.25,4.11
2025-12-22,Makkah-Hub,Van,290,86.1,27.9,1496.77,3.67
2025-12-22,Makkah-Hub,Truck,83,86.1,50.6,726.25,4.42
2025-12-22,Madinah-Hub,Motorbike,306,87.9,15.5,791.76,3.91
2025-12-22,Madinah-Hub,Van,177,87.9,28.6,915.85,4.59
2025-12-22,Madinah-Hub,Truck,56,87.9,50.6,513.84,4.1
2025-12-23,Riyadh-Hub,Motorbike,690,90.7,34.7,1738.76,3.84
2025-12-23,Riyadh-Hub,Van,452,90.7,33.1,2213.08,4.22
2025-12-23,Riyadh-Hub,Truck,136,90.7,48.6,1169.92,4.39
2025-12-23,Jeddah-Hub,Motorbike,646,91.7,23.7,1535.27,3.93
2025-12-23,Jeddah-Hub,Van,420,91.7,29.5,2003.08,3.9
2025-12-23,Jeddah-Hub,Truck,108,91.7,58.5,911.79,4.11
2025-12-23,Dammam-Hub,Motorbike,360,93.0,28.1,908.59,4.64
2025-12-23,Dammam-Hub,Van,203,93.0,34.0,1014.28,4.32
2025-12-23,Dammam-Hub,Truck,65,93.0,40.8,574.08,4.59
2025-12-23,Makkah-Hub,Motorbike,426,85.2,26.0,1083.46,3.5
2025-12-23,Makkah-Hub,Van,253,85.2,34.8,1288.9,3.97
2025-12-23,Makkah-Hub,Truck,75,85.2,53.8,659.35,3.83
2025-12-23,Madinah-Hub,Motorbike,295,89.2,19.1,704.23,4.03
2025-12-23,Madinah-Hub,Van,187,89.2,30.8,957.29,4.41
2025-12-23,Madinah-Hub,Truck,51,89.2,43.9,469.59,4.54
2025-12-24,Riyadh-Hub,Motorbike,769,92.5,18.9,1941.37,4.47
2025-12-24,Riyadh-Hub,Van,514,92.5,30.2,2495.6,4.49
2025-12-24,Riyadh-Hub,Truck,128,92.5,40.8,1110.65,4.21
2025-12-24,Jeddah-Hub,Motorbike,585,90.8,30.6,1377.88,4.15
2025-12-24,Jeddah-Hub,Van,407,90.8,32.5,2056.76,3.6
2025-12-24,Jeddah-Hub,Truck,108,90.8,52.0,954.36,4.09
2025-12-24,Dammam-Hub,Motorbike,335,89.5,32.2,840.06,3.82
2025-12-24,Dammam-Hub,Van,196,89.5,44.5,965.7,4.19
2025-12-24,Dammam-Hub,Truck,60,89.5,49.2,501.48,4.83
2025-12-24,Makkah-Hub,Motorbike,391,85.1,22.7,959.51,3.69
2025-12-24,Makkah-Hub,Van,271,85.1,50.3,1348.28,4.48
2025-12-24,Makkah-Hub,Truck,71,85.1,53.4,604.94,3.91
2025-12-24,Madinah-Hub,Motorbike,265,93.0,29.6,660.74,3.97
2025-12-24,Madinah-Hub,Van,185,93.0,47.2,898.8,3.38
2025-12-24,Madinah-Hub,Truck,47,93.0,56.5,419.73,4.34
2025-12-25,Riyadh-Hub,Motorbike,772,90.6,33.5,1862.21,4.59
2025-12-25,Riyadh-Hub,Van,502,90.6,29.5,2510.25,4.1
2025-12-25,Riyadh-Hub,Truck,131,90.6,53.9,1107.31,4.21
2025-12-25,Jeddah-Hub,Motorbike,601,88.4,30.6,1443.38,3.81
2025-12-25,Jeddah-Hub,Van,355,88.4,36.4,1698.72,3.74
2025-12-25,Jeddah-Hub,Truck,120,88.4,44.4,1094.43,3.63
2025-12-25,Dammam-Hub,Motorbike,335,91.7,33.3,836.46,4.09
2025-12-25,Dammam-Hub,Van,214,91.7,34.8,1024.11,3.91
2025-12-25,Dammam-Hub,Truck,64,91.7,41.4,553.23,4.41
2025-12-25,Makkah-Hub,Motorbike,462,82.0,26.4,1091.09,3.72
2025-12-25,Makkah-Hub,Van,291,82.0,37.0,1436.18,3.84
2025-12-25,Makkah-Hub,Truck,81,82.0,65.0,723.22,3.43
2025-12-25,Madinah-Hub,Motorbike,278,86.4,27.2,668.33,4.06
2025-12-25,Madinah-Hub,Van,196,86.4,38.2,1007.99,3.54
2025-12-25,Madinah-Hub,Truck,56,86.4,47.4,503.48,3.89
2025-12-26,Riyadh-Hub,Motorbike,542,91.1,21.5,1345.57,3.9
2025-12-26,Riyadh-Hub,Van,368,91.1,29.7,1774.45,4.04
2025-12-26,Riyadh-Hub,Truck,103,91.1,40.2,907.41,3.71
2025-12-26,Jeddah-Hub,Motorbike,498,86.4,28.3,1226.18,4.05
2025-12-26,Jeddah-Hub,Van,294,86.4,30.6,1431.78,4.48
2025-12-26,Jeddah-Hub,Truck,87,86.4,48.8,766.44,4.1
2025-12-26,Dammam-Hub,Motorbike,270,94.7,30.5,677.96,3.67
2025-12-26,Dammam-Hub,Van,178,94.7,38.9,908.05,4.09
2025-12-26,Dammam-Hub,Truck,50,94.7,56.2,435.56,4.05
2025-12-26,Makkah-Hub,Motorbike,357,86.6,28.4,839.7,4.07
2025-12-26,Makkah-Hub,Van,213,86.6,42.6,1027.41,4.05
2025-12-26,Makkah-Hub,Truck,62,86.6,49.4,517.86,4.33
2025-12-26,Madinah-Hub,Motorbike,218,92.7,27.7,539.43,4.07
2025-12-26,Madinah-Hub,Van,153,92.7,40.1,778.74,3.76
2025-12-26,Madinah-Hub,Truck,45,92.7,54.0,380.56,3.98
2025-12-27,Riyadh-Hub,Motorbike,685,92.0,24.5,1718.33,4.11
2025-12-27,Riyadh-Hub,Van,486,92.0,31.3,2287.78,3.85
2025-12-27,Riyadh-Hub,Truck,137,92.0,57.9,1153.64,4.63
2025-12-27,Jeddah-Hub,Motorbike,574,91.7,26.0,1359.87,4.08
2025-12-27,Jeddah-Hub,Van,391,91.7,38.4,1957.29,4.32
2025-12-27,Jeddah-Hub,Truck,106,91.7,44.6,902.96,3.57
2025-12-27,Dammam-Hub,Motorbike,328,95.5,31.2,808.47,4.38
2025-12-27,Dammam-Hub,Van,206,95.5,27.3,1036.65,4.1
2025-12-27,Dammam-Hub,Truck,56,95.5,49.5,507.42,4.02
2025-12-27,Makkah-Hub,Motorbike,392,86.5,24.4,923.17,4.01
2025-12-27,Makkah-Hub,Van,273,86.5,34.9,1291.33,4.22
2025-12-27,Makkah-Hub,Truck,70,86.5,55.2,609.49,3.57
2025-12-27,Madinah-Hub,Motorbike,267,90.0,26.7,683.29,3.85
2025-12-27,Madinah-Hub,Van,169,90.0,35.9,797.65,4.25
2025-12-27,Madinah-Hub,Truck,56,90.0,46.0,512.97,4.49
2025-12-28,Riyadh-Hub,Motorbike,738,86.7,27.6,1734.71,3.81
2025-12-28,Riyadh-Hub,Van,489,86.7,34.0,2364.36,3.82
2025-12-28,Riyadh-Hub,Truck,143,86.7,49.9,1196.15,4.32
2025-12-28,Jeddah-Hub,Motorbike,592,88.3,27.5,1437.52,4.11
2025-12-28,Jeddah-Hub,Van,415,88.3,35.8,1964.46,4.02
2025-12-28,Jeddah-Hub,Truck,110,88.3,48.5,927.49,4.11
2025-12-28,Dammam-Hub,Motorbike,332,92.5,21.7,832.63,4.23
2025-12-28,Dammam-Hub,Van,232,92.5,43.9,1203.8,4.49
2025-12-28,Dammam-Hub,Truck,64,92.5,52.0,584.34,3.59
2025-12-28,Makkah-Hub,Motorbike,407,86.3,29.5,957.18,4.27
2025-12-28,Makkah-Hub,Van,255,86.3,36.8,1260.45,3.63
2025-12-28,Makkah-Hub,Truck,76,86.3,44.9,640.49,4.19
2025-12-28,Madinah-Hub,Motorbike,298,90.1,23.6,734.55,4.36
2025-12-28,Madinah-Hub,Van,176,90.1,34.0,913.16,4.14
2025-12-28,Madinah-Hub,Truck,50,90.1,46.4,429.84,3.88
2025-12-29,Riyadh-Hub,Motorbike,738,95.8,27.4,1863.1,4.38
2025-12-29,Riyadh-Hub,Van,443,95.8,30.6,2294.67,4.37
2025-12-29,Riyadh-Hub,Truck,132,95.8,47.0,1188.0,4.12
2025-12-29,Jeddah-Hub,Motorbike,603,86.4,39.1,1493.29,4.59
2025-12-29,Jeddah-Hub,Van,373,86.4,39.8,1811.97,4.12
2025-12-29,Jeddah-Hub,Truck,109,86.4,44.3,917.82,3.75
2025-12-29,Dammam-Hub,Motorbike,321,93.1,22.1,787.83,4.15
2025-12-29,Dammam-Hub,Van,202,93.1,42.6,971.6,3.95
2025-12-29,Dammam-Hub,Truck,66,93.1,44.5,578.15,4.02
2025-12-29,Makkah-Hub,Motorbike,442,86.7,30.4,1137.52,3.96
2025-12-29,Makkah-Hub,Van,282,86.7,43.6,1457.94,4.21
2025-12-29,Makkah-Hub,Truck,77,86.7,45.9,701.61,3.64
2025-12-29,Madinah-Hub,Motorbike,302,91.6,30.6,754.19,3.85
2025-12-29,Madinah-Hub,Van,173,91.6,35.3,832.55,4.26
2025-12-29,Madinah-Hub,Truck,49,91.6,48.7,424.97,4.19
2025-12-30,Riyadh-Hub,Motorbike,782,92.6,31.9,1870.36,4.25
2025-12-30,Riyadh-Hub,Van,471,92.6,42.6,2343.2,3.72
2025-12-30,Riyadh-Hub,Truck,132,92.6,44.7,1179.47,3.94
2025-12-30,Jeddah-Hub,Motorbike,659,89.6,28.9,1563.58,4.01
2025-12-30,Jeddah-Hub,Van,392,89.6,27.4,1987.72,4.2
2025-12-30,Jeddah-Hub,Truck,113,89.6,56.4,947.36,4.02
2025-12-30,Dammam-Hub,Motorbike,315,94.8,30.9,796.09,3.84
2025-12-30,Dammam-Hub,Van,202,94.8,33.3,1021.07,3.53
2025-12-30,Dammam-Hub,Truck,66,94.8,45.1,594.47,4.39
2025-12-30,Makkah-Hub,Motorbike,426,86.3,32.3,1040.01,4.23
2025-12-30,Makkah-Hub,Van,281,86.3,37.7,1459.04,3.4
2025-12-30,Makkah-Hub,Truck,75,86.3,53.4,675.2,4.28
2025-12-30,Madinah-Hub,Motorbike,267,89.8,26.2,689.5,3.95
2025-12-30,Madinah-Hub,Van,168,89.8,39.9,791.09,4.19
2025-12-30,Madinah-Hub,Truck,47,89.8,47.4,416.67,3.62
2025-12-31,Riyadh-Hub,Motorbike,712,87.6,29.0,1818.96,4.07
2025-12-31,Riyadh-Hub,Van,515,87.6,30.1,2675.95,3.88
2025-12-31,Riyadh-Hub,Truck,147,87.6,40.8,1285.75,4.37
2025-12-31,Jeddah-Hub,Motorbike,656,90.6,29.9,1623.09,4.23
2025-12-31,Jeddah-Hub,Van,349,90.6,37.0,1778.11,4.76
2025-12-31,Jeddah-Hub,Truck,111,90.6,34.9,950.1,4.04
2025-12-31,Dammam-Hub,Motorbike,366,94.1,25.6,937.45,3.98
2025-12-31,Dammam-Hub,Van,220,94.1,39.9,1093.37,4.89
2025-12-31,Dammam-Hub,Truck,63,94.1,44.9,580.59,4.14
2025-12-31,Makkah-Hub,Motorbike,429,84.8,24.8,1109.67,3.89
2025-12-31,Makkah-Hub,Van,274,84.8,36.3,1338.24,4.31
2025-12-31,Makkah-Hub,Truck,79,84.8,51.6,707.52,4.34
2025-12-31,Madinah-Hub,Motorbike,262,90.0,32.2,663.09,4.09
2025-12-31,Madinah-Hub,Van,182,90.0,40.2,893.44,4.33
2025-12-31,Madinah-Hub,Truck,49,90.0,50.1,446.65,3.79
